# Time (s), X (m), Y (m), Z (m), e0, e1, e2, e3, ω1 (rad/s), ω2 (rad/s), ω3 (rad/s), Latitude (°), Longitude (°), Altitude AGL (m), Wind Velocity X (East) (m/s), Wind Velocity Y (North) (m/s), Speed - Velocity Magnitude (m/s), acceleration Magnitude (m/s²), Reynolds Number, Aerodynamic Lift Force (N), Aerodynamic Drag Force (N), Aerodynamic Bending Moment (Nm), Aerodynamic Spin Moment (Nm), Thrust Power (W), Drag Power (W), Stability Margin (c)
0.000000,0.000000,0.000000,191.000000,0.349727,0.021703,0.047624,-0.935389,0.000000,0.000000,0.000000,39.232465,-8.172108,0.000000,-1.613474,-0.825223,0.000000,0.000000,15145.937966,0.352225,0.011589,0.308053,0.000000,0.000000,0.000000,5.543889
0.150000,0.000000,0.000000,191.000000,0.349727,0.021703,0.047624,-0.935389,0.000000,0.000000,-0.000000,39.232465,-8.172108,0.000000,-1.613474,-0.825223,0.000000,-0.000000,15145.937966,0.352225,0.017225,0.308053,0.000000,0.000000,0.000000,5.547066
0.154748,-0.000000,-0.000000,191.000001,0.349727,0.021703,0.047624,-0.935389,0.000000,0.000000,-0.000000,39.232465,-8.172108,0.000001,-1.613474,-0.825223,0.000126,0.026555,15145.881146,0.352207,0.017225,0.308038,0.000000,0.030419,-0.000002,5.547173
0.159495,-0.000000,-0.000001,191.000009,0.349727,0.021703,0.047624,-0.935389,-0.000000,0.000000,-0.000000,39.232465,-8.172108,0.000009,-1.613474,-0.825223,0.001682,0.327734,15145.185935,0.351989,0.017224,0.307846,0.000000,0.418291,-0.000029,5.547279
0.166615,-0.000000,-0.000004,191.000034,0.349727,0.021703,0.047624,-0.935389,0.000000,-0.000000,0.000000,39.232465,-8.172108,0.000034,-1.613474,-0.825223,0.005624,0.779615,15143.474571,0.351438,0.017220,0.307362,0.000000,1.461039,-0.000097,5.547440
0.173735,-0.000001,-0.000010,191.000100,0.349727,0.021703,0.047624,-0.935389,0.000000,0.000000,0.000000,39.232465,-8.172108,0.000100,-1.613474,-0.825223,0.012784,1.231760,15140.549340,0.350445,0.017213,0.306492,0.000000,3.463076,-0.000220,5.547602
0.180854,-0.000002,-0.000024,191.000227,0.349727,0.021703,0.047624,-0.935389,0.000000,-0.000000,0.000000,39.232465,-8.172108,0.000227,-1.613475,-0.825223,0.023164,1.684168,15136.728391,0.349027,0.017204,0.305247,-0.000000,6.532107,-0.000399,5.547765
0.252051,-0.000072,-0.001031,191.009829,0.349727,0.021703,0.047624,-0.935389,0.000000,-0.000000,-0.000000,39.232465,-8.172108,0.009829,-1.613499,-0.825234,0.304475,6.222759,15222.378074,0.319033,0.017400,0.278949,-0.000000,119.658314,-0.005298,5.549436
0.323248,-0.000373,-0.005338,191.050909,0.349727,0.021703,0.047624,-0.935389,0.000000,0.000000,0.000000,39.232465,-8.172108,0.050909,-1.613602,-0.825281,0.909869,10.787794,16577.810777,0.298413,0.020636,0.260998,0.000000,458.582148,-0.018776,5.551192
0.394445,-0.001073,-0.015348,191.146384,0.349727,0.021703,0.047624,-0.935389,-0.000000,-0.000000,0.000000,39.232465,-8.172108,0.146384,-1.613842,-0.825391,1.841222,15.379305,21002.842674,0.335376,0.031868,0.293683,-0.000000,1132.387461,-0.058676,5.553043
0.465643,-0.002342,-0.033489,191.319401,0.349727,0.021703,0.047624,-0.935389,0.000000,0.000000,0.000000,39.232465,-8.172108,0.319401,-1.614276,-0.825591,3.100419,19.997239,29302.202112,0.440673,0.058064,0.386313,0.000000,2250.996549,-0.180024,5.555003
0.760273,-0.017365,-0.248334,193.368510,0.349727,0.021703,0.047624,-0.935389,-0.000000,-0.000000,-0.000000,39.232463,-8.172108,2.368510,-1.619418,-0.827953,11.837287,39.384271,99261.587308,1.431373,0.546779,1.256312,0.000000,14032.132894,-6.472381,5.564722
0.963314,-0.041490,-0.593340,196.659035,0.349727,0.021703,0.047624,-0.935389,0.000000,0.000000,0.000000,39.232460,-8.172108,5.659035,-1.627677,-0.831747,21.212314,52.995629,177050.538457,2.559744,1.594387,2.247568,0.000000,31860.890037,-33.820644,5.573774
0.974300,-0.043213,-0.617975,196.893999,0.349727,0.021703,0.047624,-0.935389,-0.000000,-0.000000,0.000000,39.232459,-8.172109,5.893999,-1.628267,-0.832018,21.798597,53.737582,181928.285015,2.631091,1.679192,2.310279,0.000000,33114.881787,-36.604034,5.574341
0.985286,-0.044983,-0.643287,197.135413,0.349727,0.021703,0.047624,-0.935389,-0.000000,0.000000,-0.000000,39.232459,-8.172109,6.135413,-1.628872,-0.832296,22.393034,54.480121,186874.607025,2.703514,1.766433,2.373942,0.000000,34401.485858,-39.555787,5.574918
0.996272,-0.046801,-0.669284,197.383366,0.349727,0.021703,0.047624,-0.935389,-0.000000,0.000000,-0.000000,39.232459,-8.172109,6.383366,-1.629495,-0.832582,22.995633,55.223287,191889.513889,2.777018,1.855199,2.438559,0.000000,35721.131631,-42.661479,5.575504
1.000667,-0.047542,-0.679877,197.484395,0.349727,0.021703,0.047624,-0.935389,0.000000,0.000000,0.000000,39.232459,-8.172109,6.484395,-1.629748,-0.832698,23.238863,55.477254,193913.886199,2.806712,1.891535,2.464665,0.000000,36234.068081,-43.957115,5.575741
1.005061,-0.048290,-0.690582,197.586489,0.349727,0.021703,0.047624,-0.935389,0.000000,-0.000000,0.000000,39.232459,-8.172109,6.586489,-1.630005,-0.832816,23.482675,55.488230,195943.195516,2.836492,1.928246,2.490847,-0.000000,36614.441468,-45.280380,5.575980
1.009455,-0.049047,-0.701398,197.689649,0.349727,0.021703,0.047624,-0.935389,0.000000,0.000000,0.000000,39.232459,-8.172109,6.689649,-1.630263,-0.832935,23.726536,55.499197,197972.991233,2.866294,1.965252,2.517050,0.000000,36994.894616,-46.628633,5.576219
1.018244,-0.050583,-0.723365,197.899165,0.349727,0.021703,0.047624,-0.935389,0.000000,0.000000,0.000000,39.232459,-8.172109,6.899165,-1.630789,-0.833177,24.214401,55.521108,202034.023778,2.925966,2.040142,2.569517,-0.000000,37756.039947,-49.400809,5.576702
1.027033,-0.052150,-0.745780,198.112947,0.349727,0.021703,0.047624,-0.935389,-0.000000,0.000000,0.000000,39.232458,-8.172109,7.112947,-1.631326,-0.833423,24.702459,55.542862,206096.945061,2.985727,2.119144,2.622067,0.000000,38517.502819,-52.348062,5.577190
1.035822,-0.053749,-0.768642,198.330996,0.349727,0.021703,0.047624,-0.935389,0.000000,0.000000,0.000000,39.232458,-8.172109,7.330996,-1.631873,-0.833674,25.190707,55.564620,210161.719662,3.045579,2.198447,2.674700,-0.000000,39279.282198,-55.380428,5.577682
1.107296,-0.067914,-0.971212,200.263034,0.349727,0.021703,0.047624,-0.935389,-0.000000,-0.000000,-0.000000,39.232456,-8.172109,9.263034,-1.636722,-0.835902,29.168401,55.740391,243283.443113,3.535774,2.885617,3.105931,-0.000000,45486.068812,-84.168838,5.581860
1.111257,-0.068765,-0.983368,200.378808,0.349728,0.021702,0.047624,-0.935389,-0.000173,-0.000686,-0.000000,39.232456,-8.172109,9.378808,-1.637013,-0.836035,29.389240,55.762424,245121.193682,3.556729,2.927198,3.121591,0.000000,45830.699726,-86.028124,5.582100
1.115218,-0.069626,-0.995632,200.495450,0.349728,0.021699,0.047623,-0.935389,-0.000349,-0.001376,-0.000000,39.232456,-8.172109,9.495450,-1.637305,-0.836170,29.610117,55.772093,246959.297696,3.577447,2.967835,3.136987,0.000000,46175.395082,-87.877932,5.582342
1.123140,-0.071367,-1.020375,200.730472,0.349728,0.021691,0.047622,-0.935389,-0.000705,-0.002761,-0.000000,39.232456,-8.172109,9.730472,-1.637895,-0.836441,30.051950,55.791467,250636.256006,3.618312,3.047719,3.167127,0.000000,46864.919575,-91.589904,5.582828
1.131062,-0.073144,-1.045551,200.968969,0.349729,0.021677,0.047621,-0.935389,-0.001069,-0.004158,-0.000000,39.232456,-8.172109,9.968969,-1.638494,-0.836716,30.493938,55.810702,254314.606634,3.658155,3.131724,3.196147,0.000000,47554.701299,-95.498595,5.583318
1.138984,-0.074959,-1.071159,201.210941,0.349730,0.021657,0.047619,-0.935389,-0.001443,-0.005566,-0.000000,39.232455,-8.172109,10.210941,-1.639101,-0.836995,30.936081,55.829867,257994.331485,3.696922,3.218173,3.224000,0.000000,48244.738919,-99.557648,5.583811
1.197479,-0.089489,-1.273620,203.105273,0.349747,0.021330,0.047587,-0.935392,-0.004472,-0.016260,0.000000,39.232454,-8.172109,12.105273,-1.643855,-0.839179,34.205467,55.970288,285205.522264,3.944380,3.882270,3.388718,-0.000000,53347.619487,-132.794856,5.587577
1.255974,-0.105936,-1.499637,205.189654,0.349781,0.020672,0.047534,-0.935396,-0.007969,-0.027270,0.000000,39.232452,-8.172109,14.189654,-1.649087,-0.841582,37.483121,56.108758,312486.340827,4.105938,4.599353,3.466197,-0.000000,58464.214293,-172.398091,5.591555
1.314469,-0.124066,-1.749132,207.464570,0.349832,0.019674,0.047470,-0.935402,-0.011888,-0.038261,0.000000,39.232449,-8.172109,16.464570,-1.654796,-0.844205,40.768904,56.244740,339832.929618,4.155138,5.383895,3.434341,-0.000000,63594.311256,-219.495481,5.595748
1.372963,-0.143492,-2.021959,209.930510,0.349900,0.018339,0.047406,-0.935407,-0.016151,-0.048818,0.000000,39.232447,-8.172110,18.930510,-1.660985,-0.847048,44.062666,56.379166,367241.844706,4.065068,6.214467,3.271795,-0.000000,68737.676893,-273.825971,5.600157
1.405975,-0.154820,-2.186151,211.406689,0.349946,0.017442,0.047377,-0.935408,-0.018663,-0.054399,-0.000000,39.232445,-8.172110,20.406689,-1.664690,-0.848750,45.924972,56.453436,382736.457886,3.943527,6.724518,3.115666,0.000000,71646.114673,-308.823285,5.602742
1.438987,-0.166266,-2.357662,212.943953,0.349996,0.016447,0.047356,-0.935409,-0.021220,-0.059595,-0.000000,39.232444,-8.172110,21.943953,-1.668548,-0.850522,47.789723,56.527373,398249.223406,3.766305,7.247780,2.910151,0.000000,74558.631982,-346.369415,5.605397
1.471999,-0.177692,-2.536441,214.542388,0.350050,0.015360,0.047345,-0.935407,-0.023789,-0.064307,-0.000000,39.232442,-8.172110,23.542388,-1.672560,-0.852365,49.656896,56.600865,413779.633805,3.531013,7.786057,2.654523,0.000000,77475.189841,-386.631444,5.608122
1.518038,-0.193333,-2.797815,216.873905,0.350132,0.013707,0.047354,-0.935402,-0.027329,-0.069894,-0.000000,39.232440,-8.172110,25.873905,-1.678411,-0.855053,52.264906,56.702688,435467.298633,3.104137,8.560317,2.216790,0.000000,81549.381616,-447.404174,5.612040
1.564077,-0.208169,-3.073056,219.324812,0.350219,0.011920,0.047398,-0.935392,-0.030710,-0.074052,-0.000000,39.232437,-8.172110,28.324812,-1.684562,-0.857878,54.877477,56.803359,457186.743102,2.571569,9.373901,1.704215,0.000000,85631.206871,-514.416021,5.616097
1.610116,-0.221699,-3.361997,221.895329,0.350310,0.010036,0.047485,-0.935375,-0.033810,-0.076519,-0.000000,39.232435,-8.172111,30.895329,-1.691014,-0.860842,57.494505,56.902618,478936.277457,1.966229,10.233774,1.186485,0.000000,89720.499550,-588.385755,5.620293
1.656156,-0.233367,-3.664466,224.585681,0.350401,0.008095,0.047622,-0.935353,-0.036497,-0.077053,-0.000000,39.232432,-8.172111,33.585681,-1.697766,-0.863944,60.115881,57.001069,500714.214267,1.399940,11.127383,0.923935,0.000000,93817.094802,-668.932405,5.624629
1.684084,-0.239291,-3.854468,226.276178,0.350456,0.006911,0.047732,-0.935336,-0.037867,-0.076345,-0.000000,39.232430,-8.172111,35.276178,-1.702009,-0.865893,61.708131,57.060414,513938.232041,1.209907,11.685644,1.071855,0.000000,96305.654351,-721.099266,5.627328
1.712012,-0.244181,-4.049351,228.010900,0.350510,0.005735,0.047864,-0.935317,-0.039005,-0.074817,-0.000000,39.232429,-8.172111,37.010900,-1.706362,-0.867893,63.301933,57.119507,527171.802885,1.270970,12.255962,1.417654,0.000000,98796.826682,-775.826105,5.630080
1.739940,-0.247900,-4.249080,229.789893,0.350562,0.004579,0.048019,-0.935296,-0.039882,-0.072444,-0.000000,39.232427,-8.172111,38.789893,-1.710827,-0.869944,64.897272,57.178387,540414.607692,1.585106,12.838199,1.866021,0.000000,101290.589254,-833.164090,5.632883
1.767868,-0.250312,-4.453625,231.613205,0.350612,0.003456,0.048197,-0.935273,-0.040470,-0.069214,-0.000000,39.232425,-8.172111,40.613205,-1.715403,-0.872046,66.494131,57.236559,553666.296260,2.054348,13.441989,2.361974,0.000000,103786.914801,-893.813403,5.635740
1.799104,-0.251295,-4.688069,233.705048,0.350665,0.002255,0.048424,-0.935246,-0.040755,-0.064590,-0.000000,39.232423,-8.172111,42.705048,-1.720653,-0.874458,68.281917,57.301231,568497.731746,2.667206,14.134652,2.937666,0.000000,106581.932663,-965.141162,5.638997
1.830340,-0.250292,-4.928472,235.852445,0.350713,0.001128,0.048680,-0.935216,-0.040618,-0.058921,-0.000000,39.232421,-8.172111,44.852445,-1.726043,-0.876933,70.071566,57.365458,583339.403851,3.315617,14.846144,3.510493,0.000000,109380.098554,-1040.292535,5.642320
1.861576,-0.247125,-5.174809,238.055457,0.350755,0.000094,0.048964,-0.935186,-0.040037,-0.052257,-0.000000,39.232419,-8.172111,47.055457,-1.731572,-0.879473,71.863071,57.429261,598190.928976,3.963466,15.574435,4.059687,0.000000,112181.398976,-1119.226699,5.645710
1.892813,-0.241626,-5.427063,240.314140,0.350792,-0.000831,0.049276,-0.935155,-0.038998,-0.044676,-0.000000,39.232416,-8.172111,49.314140,-1.737240,-0.882077,73.656435,57.493291,613052.036209,4.583751,16.304833,4.566367,0.000000,114985.843011,-1200.955848,5.649167
1.924049,-0.233641,-5.685228,242.628551,0.350823,-0.001633,0.049613,-0.935125,-0.037495,-0.036284,-0.000000,39.232414,-8.172111,51.628551,-1.743049,-0.884746,75.451682,57.557315,627922.581708,5.152941,17.042883,5.012453,0.000000,117793.464833,-1285.914143,5.652691
1.955285,-0.223031,-5.949308,244.998747,0.350847,-0.002298,0.049973,-0.935096,-0.035534,-0.027216,-0.000000,39.232412,-8.172111,53.998747,-1.748998,-0.887478,77.248819,57.620467,642802.312478,5.649119,17.807245,5.380523,0.000000,120604.279201,-1375.588642,5.656283
1.986521,-0.209673,-6.219318,247.424782,0.350863,-0.002815,0.050352,-0.935068,-0.033133,-0.017635,-0.000000,39.232409,-8.172110,56.424782,-1.755086,-0.890275,79.047844,57.682750,657690.866549,6.051580,18.596556,5.654097,0.000000,123418.281121,-1470.017640,5.659943
2.032020,-0.185099,-6.623280,251.058534,0.350873,-0.003285,0.050930,-0.935031,-0.028917,-0.003161,-0.000000,39.232406,-8.172110,60.058534,-1.764206,-0.894465,81.669790,57.671271,679376.873851,6.431238,19.795823,5.853353,0.000000,127323.777254,-1616.720678,5.665394
2.077519,-0.154264,-7.039985,254.810828,0.350866,-0.003410,0.051526,-0.935001,-0.023982,0.011325,-0.000000,39.232402,-8.172110,63.810828,-1.773623,-0.898791,84.289876,57.608946,701031.037793,6.520191,21.035585,5.782675,0.000000,131129.084884,-1773.086859,5.670985
2.123017,-0.117056,-7.469578,258.681520,0.350843,-0.003192,0.052125,-0.934977,-0.018533,0.025076,-0.000000,39.232398,-8.172109,67.681520,-1.783338,-0.903253,86.907043,57.546403,722643.602185,6.281650,22.273582,5.419076,0.000000,134912.490242,-1935.731122,5.676713
2.168516,-0.073479,-7.912247,262.670449,0.350804,-0.002651,0.052709,-0.934960,-0.012828,0.037310,-0.000000,39.232394,-8.172109,71.670449,-1.793349,-0.907852,89.521535,57.482308,744215.709722,5.699553,23.539586,4.760538,0.000000,138674.400213,-2107.299924,5.682580
2.226090,-0.009389,-8.491491,267.887203,0.350737,-0.001567,0.053399,-0.934949,-0.005714,0.049439,-0.000000,39.232389,-8.172108,76.887203,-1.806442,-0.913866,92.825999,57.397843,771453.124367,4.491663,25.205814,3.550546,0.000000,143403.833168,-2339.754864,5.690204
2.283663,0.064243,-9.092564,273.292716,0.350654,-0.000152,0.054005,-0.934947,0.000656,0.056578,-0.000000,39.232383,-8.172107,82.292716,-1.820008,-0.920098,96.125984,57.309814,798621.352990,2.885283,26.937725,2.112549,0.000000,148098.641496,-2589.415330,5.698050
2.341236,0.146738,-9.716021,278.886662,0.350564,0.001435,0.054499,-0.934951,0.005625,0.057803,-0.000000,39.232378,-8.172106,87.886662,-1.834048,-0.926548,99.421330,57.220857,825717.892928,1.437393,28.675527,1.380001,0.000000,152758.637453,-2850.959014,5.706120
2.398810,0.237277,-10.362404,284.668712,0.350475,0.003012,0.054866,-0.934959,0.008632,0.052798,-0.000000,39.232372,-8.172105,93.668712,-1.848559,-0.933214,102.711838,57.126605,852740.209353,2.168860,30.518284,2.556040,0.000000,157383.574102,-3134.589044,5.714414
2.456383,0.335004,-11.032186,290.638532,0.350399,0.004393,0.055101,-0.934968,0.009311,0.042002,-0.000000,39.232366,-8.172104,99.638532,-1.863542,-0.940097,105.997099,57.029454,879684.325254,3.950677,32.408707,4.074228,0.000000,161972.885186,-3435.228938,5.722933
2.513957,0.439124,-11.725731,296.795776,0.350342,0.005413,0.055218,-0.934977,0.007568,0.026651,-0.000000,39.232360,-8.172103,105.795776,-1.878995,-0.947195,109.276874,56.929370,906547.980228,5.455168,34.345811,5.221674,0.000000,166526.275232,-3753.202829,5.731676
2.571530,0.549013,-12.443259,303.140104,0.350313,0.005952,0.055242,-0.934983,0.003635,0.008715,-0.000000,39.232353,-8.172102,112.140104,-1.894918,-0.954510,112.550913,56.826238,933329.014106,6.304953,36.328607,5.723802,0.000000,171043.432532,-4088.817935,5.740645
2.629104,0.664300,-13.184828,309.671175,0.350314,0.005951,0.055212,-0.934985,-0.001920,-0.009323,-0.000000,39.232347,-8.172100,118.671175,-1.911309,-0.962040,115.818998,56.720055,960025.643964,6.302623,38.356131,5.441924,0.000000,175524.098199,-4442.368693,5.749841
2.686677,0.784927,-13.950340,316.388647,0.350342,0.005432,0.055173,-0.934980,-0.008245,-0.024802,-0.000000,39.232340,-8.172099,125.388647,-1.928168,-0.969784,119.080925,56.610945,986636.198479,5.399391,40.427421,4.375043,0.000000,179968.039273,-4814.134652,5.759263
2.744250,0.911156,-14.739564,323.292178,0.350392,0.004495,0.055170,-0.934966,-0.014318,-0.035321,-0.000000,39.232333,-8.172097,132.292178,-1.945495,-0.977743,122.336487,56.499279,1013158.845377,3.731365,42.541498,2.698659,0.000000,184375.022057,-5204.377392,5.768913
2.801824,1.043529,-15.552186,330.381418,0.350454,0.003305,0.055241,-0.934943,-0.019107,-0.039196,-0.000000,39.232325,-8.172096,139.381418,-1.963287,-0.985917,125.585473,56.385427,1039591.452593,1.782502,44.697355,1.110274,0.000000,188744.808145,-5613.338492,5.778791
2.815870,1.076839,-15.753954,332.139132,0.350470,0.003000,0.055273,-0.934937,-0.019977,-0.039042,-0.000000,39.232323,-8.172096,141.139132,-1.967698,-0.987943,126.377112,56.357325,1046026.325424,1.452341,45.229546,1.086478,0.000000,189805.241140,-5715.979393,5.781236
2.829916,1.110571,-15.957091,333.907873,0.350485,0.002695,0.055312,-0.934930,-0.020710,-0.038457,-0.000000,39.232322,-8.172095,142.907873,-1.972137,-0.989982,127.168344,56.329172,1052455.657203,1.327591,45.764147,1.309862,0.000000,190863.443337,-5819.750736,5.783695
2.843963,1.144735,-16.161591,335.687635,0.350501,0.002394,0.055356,-0.934922,-0.021297,-0.037449,-0.000000,39.232320,-8.172095,144.687635,-1.976604,-0.992034,127.959167,56.300887,1058879.415118,1.462379,46.301142,1.675579,0.000000,191919.412730,-5924.655572,5.786167
2.858009,1.179345,-16.367450,337.478412,0.350515,0.002100,0.055407,-0.934914,-0.021732,-0.036032,-0.000000,39.232318,-8.172094,146.478412,-1.981099,-0.994099,128.749579,56.272528,1065297.562172,1.790622,46.840517,2.097471,0.000000,192973.146829,-6030.696830,5.788652
2.872096,1.214513,-16.575262,339.285397,0.350529,0.001814,0.055464,-0.934906,-0.022011,-0.034220,-0.000000,39.232316,-8.172094,148.285397,-1.985634,-0.996182,129.541848,56.243956,1071728.495994,2.215105,47.383817,2.532917,0.000000,194027.664410,-6138.187288,5.791159
2.886182,1.250153,-16.784435,341.103449,0.350542,0.001542,0.055528,-0.934898,-0.022130,-0.032037,-0.000000,39.232314,-8.172094,150.103449,-1.990196,-0.998278,130.333699,56.215253,1078153.714406,2.672966,47.929480,2.958536,0.000000,195079.929959,-6246.826483,5.793679
2.900269,1.286276,-16.994964,342.932563,0.350555,0.001284,0.055597,-0.934890,-0.022088,-0.029511,-0.000000,39.232312,-8.172093,151.932563,-1.994787,-1.000387,131.125132,56.186557,1084573.188917,3.130677,48.477491,3.360725,0.000000,196129.943234,-6356.617347,5.796213
2.934399,1.375853,-17.510653,347.410024,0.350580,0.000739,0.055789,-0.934869,-0.021327,-0.022160,-0.000000,39.232308,-8.172092,156.410024,-2.006024,-1.005549,133.040891,56.116382,1100102.462862,4.136231,49.814867,4.187015,0.000000,198664.602417,-6627.414273,5.802410
2.968528,1.468462,-18.034267,351.952296,0.350597,0.000329,0.056010,-0.934850,-0.019689,-0.013547,-0.000000,39.232303,-8.172091,160.952296,-2.015388,-1.009368,134.954122,56.042381,1115610.746966,4.892487,51.234100,4.709874,0.000000,201185.965609,-6914.253015,5.808688
3.002658,1.564211,-18.565803,356.559289,0.350606,0.000075,0.056253,-0.934832,-0.017291,-0.004255,-0.000000,39.232298,-8.172090,165.559289,-2.017793,-1.008302,136.864739,55.967019,1131132.282152,5.379033,52.676637,4.990478,0.000000,203692.365492,-7209.574206,5.815051
3.036788,1.663174,-19.105271,361.230910,0.350605,-0.000013,0.056508,-0.934817,-0.014304,0.005145,-0.000000,39.232293,-8.172089,170.230910,-2.020232,-1.007221,138.772687,55.887524,1146619.780288,5.482521,54.062881,4.923986,0.000000,206166.562072,-7502.451307,5.821495
3.070917,1.765389,-19.652702,365.967059,0.350596,0.000064,0.056767,-0.934805,-0.010957,0.013941,-0.000000,39.232288,-8.172088,174.967059,-2.022705,-1.006125,140.677896,55.807347,1162072.333662,5.176677,55.458683,4.494152,0.000000,208626.650186,-7801.810805,5.828021
3.105047,1.870850,-20.208142,370.767637,0.350579,0.000293,0.057021,-0.934796,-0.007512,0.021453,-0.000000,39.232283,-8.172086,179.767637,-2.025212,-1.005015,142.580326,55.722626,1177489.300637,4.483060,56.945737,3.737055,0.000000,211072.591988,-8119.341736,5.834627
3.139176,1.979514,-20.771653,375.632539,0.350555,0.000647,0.057261,-0.934790,-0.004242,0.027099,-0.000000,39.232278,-8.172085,184.632539,-2.027752,-1.003889,144.479882,55.636754,1192869.614808,3.462773,58.451299,2.728946,0.000000,213504.269474,-8445.036823,5.841315
3.185907,2.133345,-21.556429,382.397717,0.350515,0.001272,0.057552,-0.934786,-0.000518,0.031046,-0.000000,39.232271,-8.172083,191.397717,-2.031284,-1.002324,147.076154,55.522727,1213868.961187,1.753742,60.423080,1.256440,0.000000,216810.717975,-8886.794293,5.850605
3.232637,2.292748,-22.356654,389.283022,0.350474,0.001957,0.057789,-0.934786,0.001846,0.030213,-0.000000,39.232264,-8.172081,198.283022,-2.034879,-1.000731,149.667178,55.404113,1234799.787954,0.977290,62.480931,1.364905,0.000000,220090.729645,-9351.344590,5.860047
3.279367,2.457398,-23.172503,396.288186,0.350436,0.002587,0.057967,-0.934788,0.002523,0.024894,-0.000000,39.232257,-8.172080,205.288186,-2.038536,-0.999110,152.252647,55.280861,1255659.249737,2.473909,64.622842,2.726480,0.000000,223343.913597,-9838.998796,5.869644
3.326098,2.626980,-24.004113,403.412935,0.350407,0.003059,0.058090,-0.934789,0.001480,0.016159,-0.000000,39.232249,-8.172078,212.412935,-2.042256,-0.997462,154.832474,55.161201,1276446.458148,3.790444,66.672218,3.744841,0.000000,226570.201665,-10323.024499,5.879394
3.372828,2.801248,-24.851563,410.657001,0.350392,0.003302,0.058172,-0.934789,-0.001017,0.005670,-0.000000,39.232242,-8.172076,219.657001,-2.046038,-0.995786,157.406724,55.037059,1297161.892326,4.430640,68.799174,4.103340,0.000000,229769.748068,-10829.452634,5.889298
3.418529,2.976076,-25.695679,417.856627,0.350392,0.003293,0.058233,-0.934785,-0.004354,-0.004393,-0.000000,39.232234,-8.172073,226.856627,-2.049797,-0.994120,159.918556,54.910574,1317348.987930,4.271925,70.972058,3.736481,0.000000,232872.547736,-11349.748946,5.899134
3.464230,3.155245,-26.554914,425.169853,0.350404,0.003059,0.058295,-0.934778,-0.007920,-0.012459,-0.000000,39.232226,-8.172071,234.169853,-2.053615,-0.992428,162.424555,54.782133,1337463.354166,3.383485,73.171490,2.739607,0.000000,235949.163964,-11884.846641,5.909118
3.505068,3.319109,-27.335444,431.800820,0.350422,0.002706,0.058367,-0.934767,-0.010745,-0.016840,-0.000000,39.232219,-8.172070,240.800820,-2.057077,-0.990894,164.658940,54.668395,1355375.637234,2.152732,75.105309,1.512209,0.000000,238676.268973,-12366.760628,5.918165
3.537412,3.451499,-27.962084,437.116615,0.350439,0.002374,0.058443,-0.934757,-0.012433,-0.017987,-0.000000,39.232214,-8.172068,246.116615,-2.059853,-0.989664,166.425275,54.580295,1369520.911647,1.165433,76.591053,0.697500,0.000000,240821.376040,-12746.686994,5.925414
3.569755,3.586295,-28.596162,442.488967,0.350457,0.002032,0.058539,-0.934746,-0.013461,-0.017024,-0.000000,39.232208,-8.172066,251.488967,-2.062658,-0.988421,168.188691,54.489729,1383629.586369,1.038659,78.127704,1.131436,0.000000,242953.452704,-13140.196199,5.932739
3.602099,3.723589,-29.237641,447.917783,0.350472,0.001716,0.058657,-0.934733,-0.013744,-0.014137,-0.000000,39.232202,-8.172065,256.917783,-2.065492,-0.987165,169.949097,54.395585,1397700.785868,1.882430,79.737512,2.015817,0.000000,245072.390663,-13551.318262,5.940138
3.634443,3.863471,-29.886494,453.402966,0.350484,0.001456,0.058794,-0.934720,-0.013277,-0.009703,0.000000,39.232197,-8.172063,262.402966,-2.068356,-0.985896,171.706414,54.300746,1411733.680676,2.722757,81.359727,2.733116,-0.000000,247178.095986,-13969.986992,5.947612
3.666786,4.006016,-30.542702,458.944412,0.350491,0.001277,0.058947,-0.934708,-0.012133,-0.004256,0.000000,39.232191,-8.172062,267.944412,-2.071249,-0.984614,173.460603,54.205170,1425727.774423,3.293424,82.994173,3.154530,-0.000000,249270.538017,-14396.219338,5.955161
3.699130,4.151280,-31.206262,464.542018,0.350492,0.001192,0.059111,-0.934698,-0.010459,0.001573,0.000000,39.232185,-8.172060,273.542018,-2.074172,-0.983319,175.211655,54.108777,1439682.779238,3.504584,84.640698,3.228839,-0.000000,251349.725646,-14830.036824,5.962785
3.731474,4.299292,-31.877183,470.195679,0.350488,0.001205,0.059279,-0.934688,-0.008454,0.007121,0.000000,39.232179,-8.172058,279.195679,-2.077123,-0.982011,176.959563,54.011532,1453598.436442,3.330614,86.299153,2.953176,-0.000000,253415.673955,-15271.460436,5.970484
3.763817,4.450053,-32.555486,475.905290,0.350479,0.001308,0.059445,-0.934681,-0.006354,0.011770,0.000000,39.232173,-8.172056,284.905290,-2.080104,-0.980690,178.704316,53.913399,1467474.444524,2.797730,87.969382,2.370782,-0.000000,255468.389665,-15720.508276,5.978258
3.803994,4.641118,-33.408394,483.075491,0.350463,0.001533,0.059639,-0.934675,-0.003969,0.015573,0.000000,39.232165,-8.172054,292.075491,-2.083848,-0.979031,180.867216,53.790236,1484655.415734,1.752151,90.060286,1.365839,-0.000000,257999.828995,-16288.953163,5.988020
3.835965,4.796099,-34.095312,488.842592,0.350447,0.001759,0.059778,-0.934671,-0.002506,0.016662,0.000000,39.232159,-8.172052,297.842592,-2.086859,-0.977697,182.584812,53.691225,1498282.609056,0.800040,91.736713,0.653189,-0.000000,259999.614506,-16749.730485,5.995872
3.867936,4.953619,-34.789551,494.664022,0.350431,0.001995,0.059901,-0.934669,-0.001596,0.015962,0.000000,39.232152,-8.172051,303.664022,-2.089898,-0.976350,184.299254,53.591342,1511869.981808,0.620819,93.424132,0.933803,-0.000000,261986.445101,-17217.997725,6.003798
3.899907,5.113608,-35.491145,500.539678,0.350417,0.002211,0.060005,-0.934667,-0.001316,0.013641,0.000000,39.232146,-8.172049,309.539678,-2.092966,-0.974991,186.010512,53.490507,1525417.200558,1.454253,95.122382,1.653665,-0.000000,263960.301692,-17693.762905,6.011797
3.931877,5.276001,-36.200119,506.469454,0.350406,0.002382,0.060093,-0.934665,-0.001664,0.010060,0.000000,39.232140,-8.172047,315.469454,-2.096062,-0.973619,187.718554,53.388764,1538923.936797,2.176466,96.831303,2.218117,-0.000000,265921.161375,-18177.032179,6.019871
3.963848,5.440744,-36.916486,512.453246,0.350398,0.002489,0.060169,-0.934663,-0.002561,0.005725,0.000000,39.232133,-8.172045,321.453246,-2.099186,-0.972235,189.423345,53.286079,1552389.870927,2.612697,98.550736,2.501846,-0.000000,267868.999204,-18667.810028,6.028019
3.995819,5.607803,-37.640250,518.490949,0.350395,0.002523,0.060236,-0.934660,-0.003862,0.001222,0.000000,39.232127,-8.172043,327.490949,-2.102339,-0.970838,191.124851,53.182504,1565814.698124,2.706654,100.280520,2.465169,-0.000000,269803.790682,-19166.099580,6.036242
4.027790,5.777164,-38.371405,524.582468,0.350396,0.002484,0.060299,-0.934655,-0.005372,-0.002860,0.000000,39.232120,-8.172041,333.582468,-2.105519,-0.969428,192.823579,53.113247,1579202.546195,2.458185,102.021070,2.120630,-0.000000,271875.508299,-19672.067860,6.044540
4.059761,5.948836,-39.109936,530.727719,0.350401,0.002381,0.060365,-0.934650,-0.006876,-0.006007,0.000000,39.232114,-8.172039,339.727719,-2.108727,-0.968007,194.520107,53.050713,1592558.130119,1.920525,103.772893,1.528329,-0.000000,273961.029578,-20185.914202,6.052917
4.099442,6.165173,-40.036805,538.429634,0.350410,0.002193,0.060458,-0.934641,-0.008432,-0.008082,-0.000000,39.232105,-8.172037,347.429634,-2.112749,-0.966225,196.623023,52.972142,1609092.146329,1.033970,105.963054,0.636696,0.000000,276538.194446,-20834.776135,6.063425
4.130163,6.335201,-40.762155,544.449259,0.350418,0.002026,0.060540,-0.934633,-0.009205,-0.008098,-0.000000,39.232099,-8.172035,353.449259,-2.115892,-0.964832,198.249047,52.910638,1621860.714315,0.608905,107.670679,0.488511,0.000000,278524.894801,-21345.609607,6.071644
4.160885,6.507500,-41.494253,550.518315,0.350425,0.001867,0.060635,-0.934624,-0.009505,-0.006789,-0.000000,39.232092,-8.172033,359.518315,-2.119060,-0.963428,199.873168,52.848600,1634600.297218,1.013776,109.388564,1.077699,0.000000,280504.000058,-21863.838876,6.079937
4.191606,6.682120,-42.233084,556.636741,0.350431,0.001734,0.060740,-0.934615,-0.009314,-0.004402,-0.000000,39.232086,-8.172031,365.636741,-2.122255,-0.962013,201.495337,52.785985,1647310.378833,1.574442,111.116563,1.592330,0.000000,282475.450800,-22389.469287,6.088303
4.222328,6.859103,-42.978639,562.804474,0.350434,0.001643,0.060854,-0.934607,-0.008680,-0.001324,-0.000000,39.232079,-8.172028,371.804474,-2.125475,-0.960586,203.115542,52.722769,1659990.715643,1.952162,112.854564,1.885257,0.000000,284439.237470,-22922.515915,6.096744
4.253050,7.038480,-43.730919,569.021454,0.350433,0.001603,0.060974,-0.934599,-0.007709,0.001988,-0.000000,39.232072,-8.172026,378.021454,-2.128721,-0.959147,204.733779,52.658931,1672641.135847,2.062507,114.602466,1.914720,0.000000,286395.364731,-23462.995920,6.105259
4.283771,7.220266,-44.489931,575.287616,0.350430,0.001616,0.061095,-0.934593,-0.006549,0.005059,-0.000000,39.232065,-8.172024,384.287616,-2.131992,-0.957698,206.350018,52.592961,1685261.244843,1.890201,116.390215,1.686092,0.000000,288343.799788,-24017.122972,6.113848
4.314493,7.404461,-45.255688,581.602895,0.350424,0.001675,0.061215,-0.934587,-0.005370,0.007471,-0.000000,39.232058,-8.172022,390.602895,-2.135273,-0.955789,207.964143,52.520682,1697856.409233,1.469673,118.303328,1.247689,0.000000,290284.388063,-24602.850141,6.122512
4.345214,7.591047,-46.028208,587.967223,0.350417,0.001768,0.061329,-0.934582,-0.004342,0.008920,-0.000000,39.232052,-8.172020,396.967223,-2.138572,-0.953660,209.576049,52.447486,1710422.305436,0.872531,120.230208,0.696726,0.000000,292216.994632,-25197.371880,6.131251
4.379623,7.802831,-46.901504,595.153551,0.350407,0.001893,0.061448,-0.934578,-0.003539,0.009217,-0.000000,39.232044,-8.172018,404.153551,-2.142296,-0.951257,211.378847,52.371792,1724458.542184,0.194001,122.252956,0.375929,0.000000,294372.178827,-25841.688812,6.141128
4.414032,8.017529,-47.783340,602.401225,0.350398,0.002015,0.061554,-0.934574,-0.003218,0.008152,-0.000000,39.232036,-8.172015,411.401225,-2.146053,-0.948833,213.179020,52.295922,1738455.420221,0.691151,124.271887,0.858512,0.000000,296517.596508,-26492.159113,6.151099
4.448441,8.235091,-48.673739,609.710153,0.350390,0.002111,0.061650,-0.934570,-0.003401,0.006007,-0.000000,39.232028,-8.172012,418.710153,-2.149841,-0.946388,214.976600,52.219180,1752413.094382,1.250925,126.302393,1.294317,0.000000,298653.305518,-27152.058988,6.161165
4.482850,8.455475,-49.572717,617.080242,0.350386,0.002165,0.061737,-0.934566,-0.004016,0.003256,-0.000000,39.232020,-8.172010,426.080242,-2.153661,-0.943923,216.771554,52.141500,1766331.216771,1.547338,128.344308,1.476898,0.000000,300779.273880,-27821.395022,6.171328
4.517259,8.678657,-50.480279,624.511401,0.350384,0.002168,0.061820,-0.934561,-0.004906,0.000471,-0.000000,39.232012,-8.172007,433.511401,-2.157512,-0.941438,218.563748,52.057972,1780208.628777,1.533320,130.498036,1.369019,0.000000,302895.329397,-28522.139875,6.181586
4.551667,8.904633,-51.396419,632.003530,0.350385,0.002124,0.061902,-0.934556,-0.005872,-0.001796,-0.000000,39.232003,-8.172005,441.003530,-2.161396,-0.938932,220.352999,51.969634,1794043.763686,1.235252,132.743608,1.005325,0.000000,305001.230686,-29250.452076,6.191940
4.586076,9.133421,-52.321122,639.556528,0.350388,0.002045,0.061988,-0.934549,-0.006706,-0.003125,-0.000000,39.231995,-8.172002,448.556528,-2.165310,-0.936406,222.139253,51.884597,1807836.123581,0.759256,134.916664,0.486907,0.000000,307096.920351,-29970.286810,6.202389
4.620485,9.365054,-53.254370,647.170293,0.350391,0.001949,0.062080,-0.934542,-0.007240,-0.003310,-0.000000,39.231987,-8.171999,456.170293,-2.169256,-0.933860,223.922603,51.803389,1821586.370473,0.418898,137.007504,0.259838,0.000000,309182.541392,-30679.076840,6.212936
4.654894,9.599577,-54.196145,654.844726,0.350395,0.001857,0.062181,-0.934534,-0.007376,-0.002393,-0.000000,39.231978,-8.171997,463.844726,-2.173234,-0.931293,225.703127,51.721505,1835295.019507,0.702607,139.108877,0.709450,0.000000,311258.215689,-31397.308503,6.223580
4.689303,9.837031,-55.146434,662.579729,0.350397,0.001787,0.062288,-0.934526,-0.007106,-0.000647,-0.000000,39.231970,-8.171994,471.579729,-2.177243,-0.928706,227.480829,51.638871,1848961.969168,1.057765,141.220647,1.039809,0.000000,313323.964392,-32124.989936,6.234323
4.723712,10.077450,-56.105230,670.375203,0.350397,0.001752,0.062400,-0.934519,-0.006510,0.001491,0.000000,39.231961,-8.171991,479.375203,-2.181283,-0.926099,229.255658,51.554464,1862586.634365,1.201307,143.364372,1.132880,-0.000000,315379.729865,-32867.093326,6.245163
4.758121,10.320854,-57.072536,678.231045,0.350394,0.001755,0.062514,-0.934512,-0.005734,0.003521,-0.000000,39.231952,-8.171988,487.231045,-2.185355,-0.923471,231.027417,51.460563,1876167.258262,1.083323,145.692315,0.978007,0.000000,317425.257934,-33658.919348,6.256102
4.792529,10.567241,-58.048360,686.147142,0.350390,0.001792,0.062626,-0.934506,-0.004959,0.004996,-0.000000,39.231944,-8.171985,495.147142,-2.189458,-0.920824,232.795943,51.365738,1889702.341976,0.736164,148.032522,0.630719,0.000000,319460.338382,-34461.370491,6.267140
4.826938,10.816594,-59.032717,694.123385,0.350384,0.001851,0.062733,-0.934501,-0.004352,0.005613,-0.000000,39.231935,-8.171983,503.123385,-2.193592,-0.918156,234.561326,51.279725,1903192.480311,0.248392,150.189165,0.250562,0.000000,321485.113227,-35228.569640,6.278276
4.861347,11.068885,-60.025624,702.159663,0.350378,0.001915,0.062834,-0.934496,-0.004038,0.005285,-0.000000,39.231926,-8.171980,511.159663,-2.197757,-0.915468,236.323701,51.192896,1916638.630151,0.266035,152.355246,0.407358,0.000000,323499.781908,-36005.155731,6.289512
4.895756,11.324080,-61.027095,710.255868,0.350373,0.001969,0.062927,-0.934492,-0.004063,0.004156,-0.000000,39.231917,-8.171977,519.255868,-2.201954,-0.912761,238.082955,51.095805,1930039.760681,0.677543,154.717877,0.721512,0.000000,325504.204340,-36835.689226,6.300848
4.930165,11.582152,-62.037139,718.411890,0.350369,0.001998,0.063015,-0.934487,-0.004388,0.002558,-0.000000,39.231908,-8.171974,527.411890,-2.206181,-0.910033,239.838888,50.996696,1943394.184029,0.901196,157.113484,0.863801,0.000000,327498.126806,-37681.923288,6.312284
4.968756,11.874989,-63.180142,727.630208,0.350368,0.001997,0.063110,-0.934481,-0.004966,0.000744,-0.000000,39.231897,-8.171970,536.630208,-2.210959,-0.906950,241.804137,50.885021,1958314.810127,0.883636,159.800646,0.769418,0.000000,329721.711694,-38640.457273,6.325229
5.007346,12.171419,-64.333919,736.923447,0.350368,0.001961,0.063205,-0.934475,-0.005566,-0.000546,0.000000,39.231887,-8.171967,545.923447,-2.215775,-0.903842,243.764719,50.755706,1973172.525600,0.629144,162.500605,0.454055,-0.000000,331831.701036,-39611.914311,6.338299
5.038211,12.411098,-65.264432,744.409842,0.350369,0.001918,0.063284,-0.934469,-0.005929,-0.000961,0.000000,39.231879,-8.171964,553.409842,-2.219655,-0.901338,245.328266,50.584191,1985000.931445,0.382344,164.545586,0.152465,-0.000000,333165.071130,-40367.683324,6.348839
5.069075,12.653104,-66.201804,751.943891,0.350370,0.001872,0.063366,-0.934464,-0.006112,-0.000789,0.000000,39.231870,-8.171961,560.943891,-2.223560,-0.898818,246.886596,50.414752,1996770.921098,0.341082,166.540342,0.245971,-0.000000,334481.239633,-41116.578199,6.359450
5.099940,12.897452,-67.146016,759.525424,0.350371,0.001832,0.063452,-0.934458,-0.006090,-0.000124,0.000000,39.231862,-8.171958,568.525424,-2.227490,-0.896282,248.439338,50.241439,2008479.450253,0.511817,168.601239,0.483558,-0.000000,335779.756014,-41887.180359,6.370131
5.130804,13.144152,-68.097049,767.154258,0.350370,0.001805,0.063540,-0.934452,-0.005877,0.000854,-0.000000,39.231853,-8.171956,576.154258,-2.231444,-0.893731,249.986576,50.060599,2020127.139019,0.645316,170.801413,0.613678,0.000000,337060.786017,-42698.060372,6.380883
5.161669,13.393213,-69.054892,774.830223,0.350369,0.001794,0.063630,-0.934446,-0.005526,0.001918,-0.000000,39.231845,-8.171953,583.830223,-2.235422,-0.891164,251.528354,49.878861,2031714.296226,0.656854,173.007927,0.609422,0.000000,338324.443671,-43516.399099,6.391706
5.192533,13.644634,-70.019536,782.553160,0.350367,0.001800,0.063720,-0.934441,-0.005120,0.002833,-0.000000,39.231836,-8.171950,591.553160,-2.239425,-0.888581,253.064569,49.697060,2043240.033956,0.536575,175.204710,0.480781,0.000000,339570.643999,-44338.104470,6.402599
5.234857,13.993229,-71.353374,793.219518,0.350363,0.001828,0.063840,-0.934434,-0.004631,0.003512,-0.000000,39.231824,-8.171946,602.219518,-2.244953,-0.885014,255.161990,49.446411,2058944.155135,0.216321,178.224152,0.194124,0.000000,341251.093766,-45476.029287,6.417651
5.277181,14.346213,-72.699971,803.973422,0.350358,0.001865,0.063955,-0.934428,-0.004384,0.003350,-0.000000,39.231812,-8.171942,612.973422,-2.250527,-0.881417,257.248668,49.193222,2074530.308448,0.185119,181.270965,0.241968,0.000000,342898.583231,-46631.714376,6.432835
5.319505,14.703541,-74.059306,814.814409,0.350354,0.001892,0.064063,-0.934422,-0.004442,0.002502,0.000000,39.231800,-8.171937,623.814409,-2.256171,-0.877340,259.324558,48.938054,2089996.028776,0.451740,184.333211,0.439283,-0.000000,344513.193202,-47802.128550,6.448150
5.361829,15.065174,-75.431353,825.742020,0.350352,0.001897,0.064168,-0.934416,-0.004745,0.001407,0.000000,39.231787,-8.171933,634.742020,-2.261875,-0.872968,261.389634,48.681265,2105341.866634,0.524415,187.404563,0.444359,-0.000000,346095.034622,-48985.610137,6.463594
5.404152,15.431094,-76.816074,836.755801,0.350351,0.001878,0.064273,-0.934409,-0.005135,0.000565,0.000000,39.231775,-8.171929,645.755801,-2.267624,-0.868562,263.443829,48.422882,2120568.414580,0.413990,190.484228,0.264520,-0.000000,347644.163246,-50181.894459,6.479171
5.446476,15.801300,-78.213422,847.855292,0.350350,0.001846,0.064380,-0.934402,-0.005427,0.000313,0.000000,39.231762,-8.171925,656.855292,-2.273418,-0.864122,265.487050,48.162997,2135674.899609,0.282300,193.571565,0.070638,-0.000000,349160.601973,-51390.743767,6.494879
5.488800,16.175807,-79.623349,859.040029,0.350350,0.001814,0.064492,-0.934394,-0.005493,0.000695,0.000000,39.231750,-8.171920,668.040029,-2.279256,-0.859647,267.519229,47.902179,2150660.720906,0.337644,196.656191,0.265206,-0.000000,350644.405920,-52609.312408,6.510719
5.531124,16.554633,-81.045809,870.309543,0.350349,0.001794,0.064607,-0.934387,-0.005310,0.001464,0.000000,39.231737,-8.171916,679.309543,-2.285138,-0.855138,269.540334,47.640769,2165525.580671,0.399641,199.731725,0.357256,-0.000000,352095.683781,-53835.755866,6.526690
5.573448,16.937781,-82.480766,881.663364,0.350346,0.001793,0.064723,-0.934379,-0.004966,0.002211,0.000000,39.231724,-8.171912,690.663364,-2.291065,-0.850596,271.550329,47.377391,2180269.105352,0.318856,202.822919,0.282794,-0.000000,353514.534424,-55076.630445,6.542792
5.615772,17.325239,-83.928190,893.101020,0.350343,0.001806,0.064836,-0.934373,-0.004630,0.002567,0.000000,39.231711,-8.171907,702.101020,-2.297035,-0.846020,273.549136,47.111771,2194890.595672,0.138139,205.934330,0.122722,-0.000000,354901.004180,-56333.158078,6.559026
5.658095,17.716980,-85.388054,904.622036,0.350340,0.001823,0.064944,-0.934367,-0.004464,0.002396,0.000000,39.231698,-8.171903,713.622036,-2.303049,-0.841411,275.536664,46.844649,2209389.281733,0.177619,209.050366,0.167550,-0.000000,356255.126021,-57601.040580,6.568077
5.700419,18.112967,-86.860328,916.225935,0.350337,0.001833,0.065048,-0.934360,-0.004524,0.001842,0.000000,39.231685,-8.171898,725.225935,-2.309106,-0.836769,277.512844,46.576051,2223764.579410,0.310137,212.170399,0.253030,-0.000000,357576.959792,-58880.010909,6.574581
5.742743,18.513174,-88.344974,927.912230,0.350335,0.001829,0.065151,-0.934354,-0.004738,0.001237,0.000000,39.231671,-8.171893,736.912230,-2.315206,-0.832094,279.477403,46.294269,2238014.312256,0.324504,215.519062,0.208620,-0.000000,358866.307506,-60232.707783,6.581147
5.785067,18.917586,-89.841944,939.680425,0.350334,0.001812,0.065254,-0.934347,-0.004956,0.000902,0.000000,39.231658,-8.171889,748.680425,-2.321349,-0.827386,281.429934,46.006143,2252135.239042,0.262889,218.965222,0.067435,-0.000000,360122.803409,-61623.367981,6.587775
5.827391,19.326203,-91.351185,951.530012,0.350333,0.001792,0.065360,-0.934340,-0.005048,0.000978,0.000000,39.231644,-8.171884,760.530012,-2.327534,-0.822645,283.370454,45.731747,2266127.508615,0.244108,222.126598,0.102724,-0.000000,361346.629013,-62944.114832,6.594466
5.869715,19.739029,-92.872650,963.460487,0.350332,0.001778,0.065468,-0.934333,-0.004973,0.001362,0.000000,39.231631,-8.171879,772.460487,-2.333761,-0.817872,285.299300,45.458948,2279993.814856,0.262206,225.234596,0.183237,-0.000000,362538.372512,-64259.272563,6.601221
5.912038,20.156063,-94.406295,975.471356,0.350330,0.001773,0.065577,-0.934326,-0.004786,0.001792,0.000000,39.231617,-8.171874,784.471356,-2.340031,-0.813067,287.216403,45.170487,2293733.592908,0.223819,228.616912,0.157313,-0.000000,363698.102354,-65662.527110,6.608039
5.954362,20.577292,-95.952080,987.562116,0.350327,0.001777,0.065684,-0.934320,-0.004598,0.002013,0.000000,39.231603,-8.171869,796.562116,-2.346342,-0.808230,289.121282,44.876303,2307343.000622,0.152191,232.082064,0.074041,-0.000000,364825.369465,-67099.864082,6.614922
5.996686,21.002692,-97.509966,999.732252,0.350324,0.001783,0.065788,-0.934313,-0.004501,0.001921,0.000000,39.231589,-8.171864,808.732252,-2.352694,-0.803361,291.013841,44.595591,2320821.263321,0.174856,235.266658,0.101483,-0.000000,365920.212867,-68465.853756,6.621869
6.039010,21.432238,-99.079916,1011.981277,0.350322,0.001785,0.065890,-0.934307,-0.004524,0.001605,0.000000,39.231575,-8.171859,820.981277,-2.359088,-0.798461,292.896222,44.414239,2334185.497517,0.234333,238.409339,0.140537,-0.000000,367548.662533,-69829.194488,6.628881
6.081334,21.865912,-100.661900,1024.308800,0.350320,0.001779,0.065991,-0.934301,-0.004625,0.001277,0.000000,39.231561,-8.171854,833.308800,-2.365523,-0.793529,294.770761,44.227635,2347454.295456,0.242728,241.870138,0.100275,-0.000000,369205.949745,-71296.244456,6.635959
6.123657,22.303710,-102.255895,1036.714508,0.350319,0.001768,0.066092,-0.934294,-0.004721,0.001130,0.000000,39.231546,-8.171849,845.714508,-2.371998,-0.788566,296.638041,44.038337,2360632.246489,0.225330,245.366146,0.010904,-0.000000,370845.323068,-72784.933007,6.643103
6.165981,22.745633,-103.861875,1049.198101,0.350317,0.001755,0.066195,-0.934287,-0.004749,0.001238,0.000000,39.231532,-8.171844,858.198101,-2.377795,-0.782737,298.497387,43.847455,2373736.093269,0.236868,248.875670,0.088735,-0.000000,372465.989025,-74288.737148,6.650314
6.208305,23.191686,-105.479811,1061.759236,0.350316,0.001747,0.066299,-0.934281,-0.004695,0.001542,0.000000,39.231517,-8.171839,870.759236,-2.382874,-0.775999,300.348254,43.654499,2386763.076924,0.261811,252.407357,0.142130,-0.000000,374067.327594,-75810.108879,6.657591
6.250629,23.641867,-107.109671,1074.397534,0.350313,0.001747,0.066403,-0.934274,-0.004600,0.001867,0.000000,39.231503,-8.171834,883.397534,-2.387984,-0.769219,302.190377,43.442156,2399688.074354,0.234611,256.283739,0.106058,-0.000000,375649.068950,-77446.479793,6.664936
6.292953,24.096166,-108.751428,1087.112614,0.350311,0.001752,0.066508,-0.934268,-0.004518,0.002022,0.000000,39.231488,-8.171829,896.112614,-2.393125,-0.762397,304.023615,43.229288,2412509.907220,0.188387,260.152127,0.036042,-0.000000,377211.098146,-79092.389981,6.672349
6.335277,24.554565,-110.405058,1099.904108,0.350308,0.001759,0.066612,-0.934261,-0.004487,0.001922,0.000000,39.231473,-8.171823,908.904108,-2.398297,-0.755535,305.848225,43.035505,2425230.593929,0.195726,263.648648,0.095982,-0.000000,378753.799141,-80636.470922,6.679830
6.377600,25.017047,-112.070541,1112.771663,0.350306,0.001761,0.066714,-0.934255,-0.004507,0.001647,0.000000,39.231458,-8.171818,921.771663,-2.403500,-0.748632,307.664560,42.840383,2437852.884578,0.219604,267.152755,0.120950,-0.000000,380277.666681,-82193.434908,6.687380
6.419924,25.483599,-113.747852,1125.714936,0.350304,0.001757,0.066815,-0.934248,-0.004549,0.001388,0.000000,39.231443,-8.171812,934.714936,-2.408733,-0.741688,309.472974,42.658157,2450379.567814,0.213778,270.402633,0.070803,-0.000000,381783.198073,-83682.307124,6.694999
6.462248,25.954215,-115.436966,1138.733596,0.350302,0.001749,0.066915,-0.934242,-0.004570,0.001315,0.000000,39.231428,-8.171807,947.733596,-2.413997,-0.734704,311.273687,42.476714,2462812.334635,0.212495,273.621595,0.020442,-0.000000,383270.717577,-85171.202740,6.702688
6.504572,26.428896,-117.137852,1151.827313,0.350300,0.001742,0.067015,-0.934235,-0.004547,0.001455,0.000000,39.231413,-8.171801,960.827313,-2.419291,-0.727680,313.066401,42.277060,2475148.804199,0.230180,277.159732,0.079215,-0.000000,384739.916219,-86769.399577,6.710447
6.546896,26.907641,-118.850480,1164.995740,0.350298,0.001739,0.067116,-0.934229,-0.004493,0.001676,0.000000,39.231397,-8.171796,973.995740,-2.424615,-0.720615,314.850613,42.073825,2487384.957948,0.225690,280.746813,0.076174,-0.000000,386190.233406,-88393.306412,6.718277
6.589220,27.390443,-120.574823,1178.238518,0.350296,0.001741,0.067217,-0.934222,-0.004436,0.001805,0.000000,39.231382,-8.171790,987.238518,-2.429970,-0.713511,316.626387,41.886546,2499521.249711,0.200678,284.025643,0.030636,-0.000000,387621.804955,-89930.013191,6.726179
6.636992,27.940260,-122.535207,1193.275112,0.350293,0.001745,0.067331,-0.934215,-0.004394,0.001745,0.000000,39.231364,-8.171784,1002.275112,-2.436049,-0.705444,318.621127,41.677148,2513103.840285,0.199722,287.670843,0.064157,-0.000000,389215.830409,-91658.008192,6.735183
6.684765,28.495208,-124.510453,1208.405503,0.350291,0.001746,0.067443,-0.934208,-0.004395,0.001543,0.000000,39.231347,-8.171778,1017.405503,-2.442167,-0.697327,320.606019,41.466558,2526566.244898,0.217766,291.317039,0.079860,-0.000000,390787.233118,-93397.996051,6.744280
6.732538,29.055269,-126.500527,1223.629218,0.350289,0.001741,0.067553,-0.934201,-0.004433,0.001375,0.000000,39.231329,-8.171771,1032.629218,-2.448322,-0.689160,322.580912,41.251435,2539907.251060,0.221549,295.024132,0.030844,-0.000000,392335.910362,-95169.153671,6.753470
6.780311,29.620436,-128.505385,1238.945767,0.350287,0.001734,0.067664,-0.934194,-0.004468,0.001375,0.000000,39.231311,-8.171764,1047.945767,-2.454515,-0.680943,324.545041,41.015162,2553120.803015,0.226286,299.092805,0.042494,-0.000000,393861.012343,-97069.086760,6.762754
6.828083,30.190700,-130.524981,1254.354624,0.350284,0.001729,0.067775,-0.934186,-0.004449,0.001534,0.000000,39.231292,-8.171758,1063.354624,-2.460746,-0.672677,326.497753,40.777485,2566201.754806,0.225290,303.164766,0.080502,-0.000000,395361.834092,-98982.614642,6.772132
6.875856,30.766056,-132.559264,1269.855239,0.350282,0.001728,0.067888,-0.934179,-0.004369,0.001705,0.000000,39.231274,-8.171751,1078.855239,-2.467013,-0.664361,328.438902,40.538415,2579148.963708,0.198174,307.238999,0.060141,-0.000000,396838.291021,-100909.239415,6.781605
6.923629,31.346486,-134.608191,1285.447059,0.350279,0.001730,0.067999,-0.934172,-0.004277,0.001737,0.000000,39.231256,-8.171744,1094.447059,-2.473008,-0.655815,330.368599,40.297886,2591970.874124,0.183432,311.315933,0.048447,-0.000000,398290.609986,-102849.008807,6.791174
6.971402,31.931971,-136.671717,1301.129537,0.350277,0.001733,0.068108,-0.934165,-0.004226,0.001648,0.000000,39.231237,-8.171738,1110.129537,-2.477404,-0.646261,332.286857,40.055671,2604700.415506,0.206301,315.398688,0.043357,-0.000000,399718.895787,-104802.838662,6.800840
7.019174,32.522489,-138.749794,1316.902095,0.350274,0.001734,0.068216,-0.934158,-0.004249,0.001564,0.000000,39.231219,-8.171731,1125.902095,-2.481825,-0.636652,334.191938,39.735731,2617284.481935,0.234845,319.478069,0.023022,-0.000000,400626.782650,-106766.994981,6.810603
7.066947,33.118015,-140.842345,1332.764011,0.350272,0.001733,0.068324,-0.934151,-0.004321,0.001563,0.000000,39.231200,-8.171724,1141.764011,-2.486271,-0.626989,336.079080,39.284319,2629685.894645,0.246796,323.542044,0.022350,-0.000000,400755.949648,-108735.712349,6.820465
7.114720,33.718516,-142.949268,1348.714331,0.350270,0.001732,0.068434,-0.934144,-0.004359,0.001645,0.000000,39.231181,-8.171717,1157.714331,-2.490742,-0.617272,337.944327,38.831961,2641873.970909,0.231408,327.580178,0.042496,-0.000000,400835.192014,-110703.862851,6.830426
7.162493,34.323957,-145.070446,1364.751987,0.350267,0.001733,0.068545,-0.934137,-0.004307,0.001737,0.000000,39.231162,-8.171710,1173.751987,-2.495238,-0.607501,339.786912,38.378814,2653843.051093,0.196827,331.589421,0.051294,-0.000000,400864.020612,-112669.745147,6.840487
7.215537,35.001951,-147.442259,1382.660427,0.350264,0.001737,0.068667,-0.934129,-0.004191,0.001750,0.000000,39.231141,-8.171702,1191.660427,-2.500258,-0.596591,341.806192,37.830399,2666876.138479,0.172079,336.786603,0.055800,-0.000000,400837.391924,-115115.746186,6.851777
7.268582,35.685928,-149.831345,1400.673706,0.350261,0.001741,0.068786,-0.934121,-0.004103,0.001664,0.000000,39.231119,-8.171694,1209.673706,-2.505307,-0.585617,343.796905,37.270096,2679635.305250,0.193854,342.132804,0.056583,-0.000000,400749.001930,-117624.199300,6.863192
7.321626,36.375825,-152.237531,1418.790274,0.350258,0.001743,0.068903,-0.934114,-0.004103,0.001554,0.000000,39.231097,-8.171686,1227.790274,-2.510385,-0.574580,345.757991,36.708520,2692112.855973,0.239368,347.440478,0.047740,-0.000000,400598.226296,-120130.321966,6.874734
7.374671,37.071577,-154.660640,1437.008570,0.350256,0.001742,0.069020,-0.934106,-0.004205,0.001512,0.000000,39.231076,-8.171678,1246.008570,-2.515492,-0.563482,347.688888,36.145961,2704305.025095,0.266562,352.705423,0.036958,-0.000000,400385.044684,-122631.756448,6.886403
7.427715,37.773123,-157.100487,1455.327024,0.350253,0.001741,0.069139,-0.934098,-0.004302,0.001581,0.000000,39.231054,-8.171670,1264.327024,-2.520626,-0.552322,349.589711,35.582668,2716213.339585,0.249218,357.925426,0.032930,-0.000000,400110.226854,-125127.046290,6.898202
7.480760,38.480409,-159.556889,1473.744049,0.350250,0.001741,0.069261,-0.934090,-0.004266,0.001692,0.000000,39.231032,-8.171662,1282.744049,-2.525789,-0.541102,351.460611,35.014761,2727839.615851,0.194941,363.166793,0.057163,-0.000000,399774.580539,-127638.822931,6.910131
7.533804,39.193377,-162.029673,1492.258053,0.350247,0.001744,0.069381,-0.934082,-0.004096,0.001712,0.000000,39.231009,-8.171653,1301.258053,-2.530978,-0.529823,353.301308,34.439081,2739182.333503,0.158719,368.478267,0.068933,-0.000000,399378.422262,-130183.853856,6.922193
7.586849,39.911964,-164.518663,1510.867448,0.350244,0.001749,0.069497,-0.934075,-0.003967,0.001595,0.000000,39.230987,-8.171645,1319.867448,-2.536195,-0.518486,355.111970,33.886870,2750243.454260,0.203614,373.328613,0.051673,-0.000000,398922.578458,-132573.459117,6.934386
7.639893,40.636100,-167.023683,1529.570670,0.350242,0.001750,0.069609,-0.934068,-0.004043,0.001454,0.000000,39.230965,-8.171637,1338.570670,-2.540768,-0.506606,356.893454,33.348364,2761031.412665,0.279264,377.882652,0.061975,-0.000000,398408.642453,-134863.845049,6.946717
7.692938,41.365723,-169.544545,1548.366220,0.350239,0.001749,0.069725,-0.934060,-0.004246,0.001661,0.000000,39.230942,-8.171628,1357.366220,-2.539033,-0.490074,358.647264,32.843955,2771567.982658,0.385765,381.775415,0.183147,-0.000000,397838.896842,-136922.708185,6.959192
7.745982,42.100794,-172.081071,1567.252678,0.350236,0.001756,0.069849,-0.934052,-0.004277,0.002257,-0.000000,39.230919,-8.171620,1376.252678,-2.537290,-0.473463,360.374875,32.359102,2781854.798309,0.370304,385.308975,0.206600,0.000000,397215.555111,-138855.673992,6.971798
7.753828,42.209970,-172.457535,1570.053562,0.350235,0.001759,0.069867,-0.934051,-0.004246,0.002343,-0.000000,39.230916,-8.171618,1379.053562,-2.537032,-0.471000,360.628218,32.287541,2783355.465492,0.345596,385.827318,0.187541,0.000000,397118.912372,-139140.217848,6.973674
7.761673,42.319264,-172.834338,1572.856401,0.350235,0.001762,0.069886,-0.934050,-0.004210,0.002418,-0.000000,39.230912,-8.171617,1381.856401,-2.536773,-0.468535,360.880998,32.216000,2784850.772054,0.316950,386.344545,0.165271,0.000000,397021.123738,-139424.404908,6.975553
7.769518,42.428676,-173.211480,1575.661189,0.350234,0.001765,0.069905,-0.934048,-0.004172,0.002479,-0.000000,39.230909,-8.171616,1384.661189,-2.536514,-0.466068,361.133216,32.144443,2786340.708816,0.285943,386.860650,0.141951,0.000000,396922.189420,-139708.230537,6.977436
7.777363,42.538206,-173.588960,1578.467924,0.350233,0.001768,0.069923,-0.934047,-0.004132,0.002524,-0.000000,39.230906,-8.171615,1387.467924,-2.536255,-0.463599,361.384871,32.072881,2787825.278916,0.253871,387.375630,0.119785,0.000000,396822.111374,-139991.692087,6.979321
7.785208,42.647854,-173.966777,1581.276600,0.350233,0.001772,0.069942,-0.934046,-0.004092,0.002553,-0.000000,39.230902,-8.171613,1390.276600,-2.535996,-0.461129,361.635964,32.001311,2789304.487662,0.222187,387.889484,0.101709,0.000000,396720.891854,-140274.787268,6.981211
7.800898,42.867501,-174.723424,1586.899757,0.350231,0.001780,0.069979,-0.934044,-0.004013,0.002561,-0.000000,39.230895,-8.171611,1395.899757,-2.535477,-0.456183,362.136460,31.857919,2792246.809517,0.168294,388.913793,0.091693,0.000000,396515.032733,-140839.864036,6.985000
7.816589,43.087615,-175.481416,1592.530627,0.350230,0.001787,0.070015,-0.934042,-0.003944,0.002508,-0.000000,39.230889,-8.171608,1401.530627,-2.534957,-0.451231,362.634697,31.713775,2795167.637587,0.142940,389.933536,0.115707,0.000000,396304.618768,-141403.429605,6.988804
7.832279,43.308194,-176.240751,1598.169174,0.350229,0.001795,0.070050,-0.934039,-0.003891,0.002406,-0.000000,39.230882,-8.171606,1407.169174,-2.534437,-0.446271,363.130672,31.569603,2798066.953078,0.153483,390.948677,0.146954,0.000000,396089.659207,-141965.455634,6.992622
7.847969,43.529235,-177.001425,1603.815363,0.350227,0.001801,0.070085,-0.934037,-0.003860,0.002267,-0.000000,39.230875,-8.171603,1412.815363,-2.533916,-0.441305,363.624382,31.425408,2800944.759310,0.181971,391.959188,0.168588,0.000000,395870.166400,-142525.917400,6.996453
7.883876,44.036812,-178.747223,1616.765085,0.350225,0.001812,0.070163,-0.934032,-0.003866,0.001912,-0.000000,39.230859,-8.171597,1425.765085,-2.532721,-0.429916,364.745709,31.095645,2807449.750543,0.239396,394.262199,0.163536,0.000000,395350.888697,-143805.445327,7.005263
7.919782,44.546781,-180.499962,1629.754221,0.350223,0.001818,0.070240,-0.934027,-0.003961,0.001651,-0.000000,39.230844,-8.171591,1438.754221,-2.531522,-0.418492,365.855252,30.769303,2813842.958450,0.270750,396.563231,0.091622,0.000000,394808.194703,-145084.740762,7.014136
7.955689,45.059124,-182.259587,1642.782353,0.350221,0.001821,0.070317,-0.934022,-0.004069,0.001612,-0.000000,39.230828,-8.171585,1451.782353,-2.530320,-0.407033,366.953054,30.443037,2820124.920276,0.309650,398.839626,0.068445,0.000000,394242.300409,-146355.419066,7.023109
7.991596,45.573832,-184.026047,1655.849060,0.350219,0.001823,0.070397,-0.934017,-0.004146,0.001788,-0.000000,39.230812,-8.171579,1464.849060,-2.529114,-0.395541,368.038971,30.108684,2826294.717445,0.344509,401.078551,0.129966,0.000000,393653.218807,-147612.537235,7.032213
7.996817,45.648867,-184.283456,1657.752148,0.350218,0.001824,0.070409,-0.934016,-0.004152,0.001829,-0.000000,39.230810,-8.171579,1466.752148,-2.528938,-0.393867,368.195865,30.060019,2827182.412286,0.345679,401.399342,0.134723,0.000000,393565.636338,-147793.577716,7.033546
8.002038,45.723952,-184.541008,1659.656040,0.350218,0.001825,0.070420,-0.934015,-0.004156,0.001872,-0.000000,39.230807,-8.171578,1468.656040,-2.528762,-0.392192,368.352420,29.987182,2828067.069705,0.345471,401.719378,0.137842,0.000000,392893.644760,-147974.304864,7.034881
8.007258,45.799086,-184.798703,1661.560733,0.350218,0.001825,0.070432,-0.934015,-0.004159,0.001916,-0.000000,39.230805,-8.171577,1470.560733,-2.528587,-0.390517,368.507852,29.697295,2828942.670826,0.343847,402.036743,0.139304,0.000000,391307.279220,-148153.696876,7.036218
8.014831,45.908145,-185.172706,1664.324637,0.350217,0.001827,0.070450,-0.934014,-0.004158,0.001979,-0.000000,39.230802,-8.171576,1473.324637,-2.528331,-0.388086,368.730740,29.276912,2830192.307237,0.338983,402.490946,0.138538,0.000000,389001.160805,-148410.784609,7.038159
8.022403,46.017306,-185.547003,1667.090189,0.350217,0.001828,0.070467,-0.934012,-0.004154,0.002041,-0.000000,39.230798,-8.171574,1476.090189,-2.528076,-0.385654,368.950534,28.856611,2831417.292593,0.331204,402.937724,0.134504,0.000000,386688.724588,-148664.088509,7.040102
8.029975,46.126570,-185.921593,1669.857365,0.350216,0.001830,0.070484,-0.934011,-0.004145,0.002099,-0.000000,39.230795,-8.171573,1478.857365,-2.527821,-0.383220,369.167171,28.436395,2832617.176439,0.320696,403.376918,0.127494,0.000000,384369.971478,-148913.515760,7.042048
8.055753,46.499275,-187.198943,1679.289390,0.350214,0.001838,0.070544,-0.934008,-0.004095,0.002250,-0.000000,39.230783,-8.171569,1488.289390,-2.526950,-0.374924,369.880830,27.008623,2836512.565461,0.273539,404.814585,0.091433,0.000000,376429.537545,-149733.154591,7.048678
8.081531,46.873098,-188.479512,1688.738960,0.350212,0.001847,0.070603,-0.934004,-0.004027,0.002320,-0.000000,39.230772,-8.171564,1497.738960,-2.526078,-0.366613,370.557720,25.584125,2840116.313232,0.220921,406.163254,0.056942,0.000000,368419.038986,-150506.929419,7.055311
8.107308,47.247997,-189.763187,1698.205186,0.350210,0.001856,0.070661,-0.934000,-0.003959,0.002297,-0.000000,39.230760,-8.171560,1507.205186,-2.525205,-0.358287,371.197902,24.163571,2843429.486571,0.186877,407.375072,0.064602,0.000000,360341.124852,-151216.772195,7.061947
8.112746,47.327243,-190.034445,1700.204595,0.350210,0.001858,0.070673,-0.933999,-0.003946,0.002281,-0.000000,39.230758,-8.171559,1509.204595,-2.525020,-0.356529,371.327459,23.865789,2844085.127583,0.183948,407.589948,0.070241,0.000000,358627.892021,-151349.339700,7.063347
8.118184,47.406535,-190.305834,1702.204688,0.350210,0.001860,0.070685,-0.933999,-0.003934,0.002261,-0.000000,39.230755,-8.171558,1511.204688,-2.524836,-0.354770,371.455394,23.568038,2844727.961989,0.182701,407.801241,0.075971,0.000000,356911.817511,-151479.970619,7.064747
8.123643,47.486169,-190.578374,1704.212979,0.350209,0.001862,0.070698,-0.933998,-0.003924,0.002238,-0.000000,39.230753,-8.171557,1513.212979,-2.524650,-0.353003,371.582176,23.269204,2845360.318226,0.182957,408.009718,0.081359,0.000000,355186.452622,-151609.138631,7.066153
8.124068,47.492365,-190.599581,1704.369242,0.350209,0.001862,0.070699,-0.933998,-0.003923,0.002236,-0.000000,39.230753,-8.171557,1513.369242,-2.524636,-0.352866,371.592030,23.245940,2845409.432228,0.183003,408.025917,0.081806,0.000000,355052.145042,-151619.178839,7.066262
8.124492,47.498562,-190.620788,1704.525509,0.350209,0.001862,0.070699,-0.933998,-0.003922,0.002235,-0.000000,39.230753,-8.171557,1513.525509,-2.524621,-0.352728,371.601875,23.222682,2845458.468157,0.183058,408.042094,0.082249,0.000000,354917.820389,-151629.207200,7.066371
8.124660,47.501007,-190.629155,1704.587161,0.350209,0.001863,0.070700,-0.933998,-0.003922,0.002234,-0.000000,39.230753,-8.171557,1513.587161,-2.524616,-0.352674,371.605758,23.213511,2845477.801555,0.183082,408.048473,0.082424,0.000000,354864.822839,-151633.161801,7.066414
8.124827,47.503452,-190.637521,1704.648813,0.350209,0.001863,0.070700,-0.933998,-0.003922,0.002233,-0.000000,39.230752,-8.171557,1513.648813,-2.524610,-0.352620,371.609638,23.204330,2845497.122794,0.183106,408.054848,0.082599,0.000000,354811.822633,-151637.114555,7.066458
8.125163,47.508341,-190.654255,1704.772119,0.350209,0.001863,0.070701,-0.933998,-0.003921,0.002232,-0.000000,39.230752,-8.171557,1513.772119,-2.524599,-0.352511,371.617397,23.185978,2845535.740721,0.183158,408.067592,0.082947,0.000000,354705.815728,-151645.016426,7.066544
8.125230,47.509319,-190.657602,1704.796780,0.350209,0.001863,0.070701,-0.933998,-0.003921,0.002231,-0.000000,39.230752,-8.171557,1513.796780,-2.524596,-0.352490,371.618948,23.182311,2845543.457523,0.183170,408.070139,0.083016,0.000000,354684.612955,-151646.595763,7.066561
8.125277,47.510006,-190.659953,1704.814103,0.350209,0.001863,0.070701,-0.933998,-0.003921,0.002231,-0.000000,39.230752,-8.171557,1513.814103,-2.524595,-0.352475,371.620037,23.179730,2845548.877213,0.183177,408.071928,0.083064,0.000000,354669.718874,-151647.705021,7.066573
8.125324,47.510693,-190.662304,1704.831427,0.350209,0.001863,0.070701,-0.933998,-0.003921,0.002231,-0.000000,39.230752,-8.171557,1513.831427,-2.524593,-0.352459,371.618395,34.915957,2845533.381292,0.183185,420.736090,0.083112,0.000000,0.000000,-156353.270347,7.066574
8.125363,47.511269,-190.664275,1704.845946,0.350209,0.001863,0.070701,-0.933998,-0.003921,0.002231,-0.000000,39.230752,-8.171557,1513.845946,-2.524592,-0.352447,371.617018,34.915684,2845520.393672,0.183191,420.731525,0.083152,0.000000,-0.000000,-156350.994577,7.066574
8.125403,47.511845,-190.666245,1704.860465,0.350209,0.001863,0.070702,-0.933998,-0.003921,0.002231,-0.000000,39.230752,-8.171557,1513.860465,-2.524590,-0.352434,371.615641,34.915410,2845507.406160,0.183197,420.726960,0.083191,0.000000,0.000000,-156348.718849,7.066574
8.125797,47.517602,-190.685950,1705.005656,0.350209,0.001863,0.070702,-0.933997,-0.003920,0.002229,-0.000000,39.230752,-8.171557,1514.005656,-2.524577,-0.352306,371.601875,34.912675,2845377.536534,0.183263,420.681311,0.083586,0.000000,-0.000000,-156325.963835,7.066574
8.126192,47.523360,-190.705654,1705.150840,0.350209,0.001863,0.070703,-0.933997,-0.003919,0.002227,-0.000000,39.230752,-8.171557,1514.150840,-2.524564,-0.352178,371.588109,34.909940,2845247.677724,0.183337,420.635670,0.083976,0.000000,0.000000,-156303.213089,7.066574
8.126586,47.529117,-190.725357,1705.296020,0.350209,0.001863,0.070704,-0.933997,-0.003919,0.002225,-0.000000,39.230752,-8.171557,1514.296020,-2.524550,-0.352051,371.574345,34.907205,2845117.829728,0.183419,420.590035,0.084362,0.000000,0.000000,-156280.466611,7.066574
8.130532,47.586680,-190.922361,1706.747515,0.350209,0.001865,0.070713,-0.933997,-0.003912,0.002207,-0.000000,39.230750,-8.171556,1515.747515,-2.524416,-0.350774,371.436759,34.879880,2843819.944135,0.184629,420.134067,0.087959,0.000000,0.000000,-156053.236286,7.066574
8.134478,47.644224,-191.119313,1708.198471,0.350208,0.001866,0.070722,-0.933996,-0.003906,0.002188,-0.000000,39.230748,-8.171555,1517.198471,-2.524282,-0.349498,371.299282,34.852595,2842523.138277,0.186495,419.678785,0.091040,0.000000,-0.000000,-155826.431569,7.066574
8.138424,47.701750,-191.316213,1709.648887,0.350208,0.001867,0.070730,-0.933996,-0.003901,0.002168,-0.000000,39.230746,-8.171555,1518.648887,-2.524149,-0.348222,371.161912,34.825350,2841227.410569,0.188914,419.224188,0.093559,0.000000,0.000000,-155600.051433,7.066574
8.156816,47.969643,-192.233275,1716.402190,0.350207,0.001873,0.070771,-0.933993,-0.003890,0.002068,-0.000000,39.230738,-8.171552,1525.402190,-2.523525,-0.342283,370.523045,34.698887,2835202.171381,0.204559,417.114298,0.097454,0.000000,0.000000,-154550.459819,7.066574
8.175208,48.237144,-193.149204,1723.143816,0.350206,0.001878,0.070811,-0.933991,-0.003898,0.001970,-0.000000,39.230730,-8.171549,1532.143816,-2.522903,-0.336353,369.886381,34.585889,2829199.274929,0.223160,415.229511,0.088896,0.000000,-0.000000,-153587.741032,7.066574
8.193600,48.504255,-194.064006,1729.873802,0.350204,0.001882,0.070850,-0.933988,-0.003924,0.001889,-0.000000,39.230722,-8.171545,1538.873802,-2.522282,-0.330434,369.251673,34.486250,2823216.799759,0.241823,413.567947,0.071101,0.000000,-0.000000,-152710.656155,7.066574
8.206573,48.692426,-194.708581,1734.613796,0.350204,0.001884,0.070878,-0.933986,-0.003950,0.001848,-0.000000,39.230716,-8.171543,1543.613796,-2.521845,-0.326265,368.805084,34.416279,2819008.764018,0.254704,412.401132,0.056226,0.000000,0.000000,-152095.634052,7.066574
8.219546,48.880405,-195.352599,1739.348027,0.350203,0.001886,0.070907,-0.933984,-0.003981,0.001824,-0.000000,39.230710,-8.171541,1548.348027,-2.521408,-0.322101,368.359402,34.346566,2814810.352311,0.267054,411.238565,0.043862,0.000000,0.000000,-151483.591653,7.066574
8.232519,49.068192,-195.996059,1744.076509,0.350202,0.001888,0.070935,-0.933982,-0.004014,0.001818,-0.000000,39.230704,-8.171539,1553.076509,-2.520971,-0.317942,367.914622,34.277112,2810621.529518,0.278420,410.080225,0.039402,0.000000,0.000000,-150874.511213,7.066574
8.250405,49.326793,-196.882334,1750.586614,0.350201,0.001891,0.070974,-0.933980,-0.004058,0.001838,-0.000000,39.230696,-8.171536,1559.586614,-2.520370,-0.312216,367.302847,34.181694,2804861.748557,0.291189,408.488670,0.047588,0.000000,0.000000,-150039.051402,7.066574
8.268292,49.585031,-197.767555,1757.085842,0.350200,0.001894,0.071014,-0.933977,-0.004097,0.001884,-0.000000,39.230688,-8.171533,1566.085842,-2.519771,-0.306500,366.692987,34.063020,2799121.671879,0.298928,406.508438,0.059993,0.000000,0.000000,-149063.793314,7.066574
8.286178,49.842909,-198.651726,1763.574229,0.350199,0.001897,0.071055,-0.933975,-0.004126,0.001949,-0.000000,39.230680,-8.171530,1572.574229,-2.519172,-0.300794,366.085245,33.945156,2793402.805871,0.300105,404.541457,0.067553,0.000000,0.000000,-148096.658326,7.066574
8.322107,50.359830,-200.424620,1776.574938,0.350196,0.001904,0.071137,-0.933969,-0.004158,0.002074,-0.000000,39.230665,-8.171524,1585.574938,-2.517972,-0.289359,364.870114,33.748846,2781973.510690,0.284280,401.265231,0.053848,0.000000,0.000000,-146409.690459,7.066574
8.331089,50.488835,-200.867188,1779.818328,0.350196,0.001907,0.071158,-0.933968,-0.004169,0.002089,-0.000000,39.230661,-8.171522,1588.818328,-2.510166,-0.286286,364.567424,33.702120,2779079.515495,0.295642,400.484325,0.034420,0.000000,0.000000,-146003.538821,7.066574
8.340072,50.617751,-201.309494,1783.059014,0.350195,0.001909,0.071178,-0.933967,-0.004142,0.002146,-0.000000,39.230657,-8.171521,1592.059014,-2.497790,-0.283081,364.265155,33.655509,2776160.766380,0.466843,399.702937,0.243198,0.000000,-0.000000,-145597.852072,7.066574
8.349054,50.746580,-201.751539,1786.296998,0.350194,0.001912,0.071199,-0.933965,-0.004027,0.002304,-0.000000,39.230653,-8.171519,1595.296998,-2.485424,-0.279879,363.963305,33.609012,2773246.666575,0.692113,398.923509,0.482679,0.000000,0.000000,-145193.518811,7.066574
8.362205,50.935042,-202.398265,1791.032838,0.350193,0.001918,0.071228,-0.933963,-0.003724,0.002686,-0.000000,39.230647,-8.171517,1600.032838,-2.467338,-0.275195,363.522123,33.541119,2768988.515819,0.999561,397.785879,0.774840,0.000000,0.000000,-144603.967296,7.066574
8.375355,51.123324,-203.044433,1795.762910,0.350192,0.001929,0.071257,-0.933962,-0.003294,0.003211,-0.000000,39.230641,-8.171515,1604.762910,-2.449274,-0.270517,363.081924,33.463392,2764740.937509,1.241178,396.484869,0.985322,0.000000,0.000000,-143956.488808,7.066574
8.388506,51.311426,-203.690047,1800.487224,0.350190,0.001944,0.071283,-0.933960,-0.002777,0.003830,-0.000000,39.230635,-8.171513,1609.487224,-2.431232,-0.265844,362.642793,33.378975,2760504.577360,1.397835,395.073309,1.104993,0.000000,0.000000,-143270.488309,7.066574
8.408602,51.598523,-204.675531,1807.695294,0.350187,0.001976,0.071321,-0.933958,-0.001908,0.004856,-0.000000,39.230626,-8.171510,1616.695294,-2.403705,-0.258716,361.973844,33.250612,2754052.794852,1.460298,392.929487,1.109935,0.000000,0.000000,-142230.196632,7.066574
8.428697,51.885212,-205.659728,1814.889997,0.350183,0.002020,0.071354,-0.933957,-0.001091,0.005802,-0.000000,39.230618,-8.171506,1623.889997,-2.376229,-0.251600,361.307207,33.146138,2747625.719555,1.315299,391.187890,0.917169,0.000000,-0.000000,-141339.004229,7.066574
8.448793,52.171494,-206.642645,1822.071381,0.350179,0.002075,0.071383,-0.933957,-0.000478,0.006495,-0.000000,39.230609,-8.171503,1631.071381,-2.348803,-0.244498,360.642710,33.044465,2741221.972023,1.006426,389.495566,0.577142,0.000000,0.000000,-140468.736492,7.066574
8.468888,52.457366,-207.624285,1829.239490,0.350174,0.002136,0.071409,-0.933956,-0.000160,0.006838,-0.000000,39.230600,-8.171500,1638.239490,-2.321429,-0.237408,359.980262,32.943276,2734840.819501,0.612609,387.812645,0.164118,0.000000,-0.000000,-139604.897744,7.066574
8.488984,52.742820,-208.604653,1836.394365,0.350169,0.002200,0.071435,-0.933956,-0.000166,0.006807,-0.000000,39.230591,-8.171496,1645.394365,-2.294104,-0.230332,359.319870,32.839154,2728482.268995,0.272309,386.080769,0.243946,0.000000,0.000000,-138726.491612,7.066574
8.509080,53.027849,-209.583755,1843.536047,0.350165,0.002261,0.071461,-0.933956,-0.000467,0.006442,-0.000000,39.230582,-8.171493,1652.536047,-2.266831,-0.223269,358.661780,32.714402,2722148.158120,0.327715,384.003379,0.572112,0.000000,-0.000000,-137727.335204,7.066574
8.529175,53.312449,-210.561597,1850.664586,0.350160,0.002316,0.071489,-0.933955,-0.000984,0.005840,-0.000000,39.230573,-8.171490,1659.664586,-2.239607,-0.216219,358.006138,32.590652,2715839.550848,0.529717,381.941164,0.771563,0.000000,0.000000,-136737.281005,7.066574
8.554137,53.665362,-211.774472,1859.501048,0.350155,0.002374,0.071529,-0.933954,-0.001765,0.004954,-0.000000,39.230563,-8.171486,1668.501048,-2.205861,-0.207480,357.194779,32.467732,2708036.021960,0.620850,379.891433,0.812951,0.000000,-0.000000,-135695.236223,7.066574
8.579098,54.017609,-212.985419,1868.317381,0.350151,0.002418,0.071573,-0.933952,-0.002500,0.004144,-0.000000,39.230552,-8.171482,1677.317381,-2.172191,-0.198760,356.386568,32.346645,2700266.959392,0.507004,377.869556,0.638837,0.000000,0.000000,-134667.634213,7.066574
8.604060,54.369197,-214.194447,1877.113664,0.350148,0.002452,0.071622,-0.933949,-0.003007,0.003611,-0.000000,39.230541,-8.171477,1686.113664,-2.138599,-0.190061,355.581379,32.226521,2692531.335679,0.296576,375.861417,0.315287,0.000000,-0.000000,-133649.320789,7.066574
8.629022,54.720140,-215.401564,1885.889972,0.350145,0.002479,0.071674,-0.933946,-0.003180,0.003468,-0.000000,39.230530,-8.171473,1694.889972,-2.105082,-0.181381,354.779401,32.090193,2684830.519917,0.367731,373.581217,0.063424,0.000000,0.000000,-132538.920087,7.066574
8.653983,55.070455,-216.606779,1894.646391,0.350142,0.002508,0.071725,-0.933943,-0.003006,0.003718,-0.000000,39.230519,-8.171469,1703.646391,-2.071642,-0.172721,353.981047,31.934032,2677167.567193,0.659493,370.969652,0.386392,0.000000,0.000000,-131316.226011,7.066574
8.678945,55.420159,-217.810105,1903.383008,0.350138,0.002541,0.071775,-0.933941,-0.002563,0.004264,-0.000000,39.230508,-8.171465,1712.383008,-2.038277,-0.164080,353.186410,31.787947,2669543.076983,0.877492,368.527729,0.582240,0.000000,0.000000,-130158.985741,7.066574
8.703907,55.769266,-219.011551,1912.099914,0.350134,0.002584,0.071822,-0.933938,-0.001989,0.004942,-0.000000,39.230498,-8.171461,1721.099914,-2.004988,-0.155459,352.395455,31.643040,2661956.697683,0.940060,366.107805,0.610591,0.000000,-0.000000,-129014.726657,7.066574
8.728868,56.117783,-220.211130,1920.797202,0.350130,0.002638,0.071866,-0.933937,-0.001445,0.005569,-0.000000,39.230487,-8.171457,1729.797202,-1.971773,-0.146858,351.608126,31.499280,2654407.918357,0.840225,363.709546,0.479440,0.000000,0.000000,-127883.232133,7.066574
8.753830,56.465714,-221.408852,1929.474960,0.350124,0.002699,0.071906,-0.933935,-0.001067,0.005991,-0.000000,39.230476,-8.171453,1738.474960,-1.938633,-0.138275,350.824440,31.352145,2646896.768555,0.621679,361.256855,0.236673,0.000000,-0.000000,-126737.734056,7.066574
8.778792,56.813055,-222.604727,1938.133281,0.350119,0.002765,0.071944,-0.933934,-0.000941,0.006121,-0.000000,39.230465,-8.171449,1747.133281,-1.905567,-0.129712,350.044449,31.202644,2639423.551911,0.371014,358.765501,0.047884,0.000000,0.000000,-125583.872221,7.066574
8.803753,57.159803,-223.798768,1946.772253,0.350114,0.002832,0.071982,-0.933933,-0.001078,0.005952,-0.000000,39.230455,-8.171445,1755.772253,-1.872575,-0.121168,349.268053,31.062633,2631987.437669,0.240029,356.432410,0.295210,0.000000,-0.000000,-124490.453816,7.066574
8.828715,57.505953,-224.990985,1955.391968,0.350108,0.002894,0.072021,-0.933932,-0.001425,0.005555,-0.000000,39.230444,-8.171441,1764.391968,-1.839657,-0.112643,348.495335,30.911351,2624588.965303,0.297697,353.909910,0.449723,0.000000,0.000000,-123335.952620,7.066574
8.853677,57.851503,-226.181389,1963.992524,0.350104,0.002949,0.072064,-0.933930,-0.001880,0.005051,-0.000000,39.230433,-8.171437,1772.992524,-1.806812,-0.104137,347.726785,30.729253,2617231.752605,0.341759,350.871008,0.480429,0.000000,-0.000000,-122007.247470,7.066574
8.878638,58.196458,-227.369992,1972.574018,0.350099,0.002996,0.072109,-0.933928,-0.002323,0.004575,-0.000000,39.230422,-8.171433,1781.574018,-1.774039,-0.095650,346.962135,30.588658,2609913.699007,0.306765,348.523677,0.390867,0.000000,0.000000,-120924.518777,7.066574
8.903600,58.540822,-228.556805,1981.136544,0.350096,0.003037,0.072157,-0.933926,-0.002647,0.004246,-0.000000,39.230412,-8.171429,1790.136544,-1.741339,-0.087182,346.201042,30.454246,2602632.152480,0.261915,346.278153,0.214159,0.000000,-0.000000,-119881.857524,7.066574
8.928562,58.884606,-229.741839,1989.680190,0.350092,0.003074,0.072207,-0.933923,-0.002787,0.004134,-0.000000,39.230401,-8.171425,1798.680190,-1.708711,-0.078732,345.443439,30.312518,2595386.520267,0.337846,343.909501,0.015173,0.000000,0.000000,-118801.280796,7.066574
8.957088,59.276793,-231.093950,1999.421004,0.350088,0.003116,0.072265,-0.933920,-0.002694,0.004289,-0.000000,39.230389,-8.171421,1808.421004,-1.671511,-0.069099,344.581796,30.158593,2587149.114673,0.516122,341.336792,0.217094,0.000000,-0.000000,-117618.444955,7.066574
8.985615,59.668255,-232.443765,2009.137395,0.350083,0.003162,0.072321,-0.933917,-0.002380,0.004681,-0.000000,39.230377,-8.171416,1818.137395,-1.634405,-0.059489,343.724462,30.009523,2578956.542750,0.647051,338.846179,0.340451,0.000000,0.000000,-116469.720747,7.066574
9.014141,60.059006,-233.791300,2018.829483,0.350078,0.003216,0.072375,-0.933915,-0.001977,0.005157,-0.000000,39.230365,-8.171411,1827.829483,-1.597391,-0.049904,342.871512,29.852224,2570809.240109,0.662203,336.219942,0.334620,0.000000,-0.000000,-115280.239597,7.066574
9.042668,60.449055,-235.136570,2028.497392,0.350073,0.003278,0.072426,-0.933913,-0.001635,0.005546,-0.000000,39.230353,-8.171407,1837.497392,-1.560470,-0.040342,342.023024,29.696408,2562707.683451,0.563391,333.620436,0.213624,0.000000,0.000000,-114105.870156,7.066574
9.071195,60.838405,-236.479590,2038.141251,0.350067,0.003346,0.072474,-0.933911,-0.001448,0.005719,-0.000000,39.230341,-8.171402,1847.141251,-1.522398,-0.034884,341.179136,29.531880,2554455.864385,0.389822,330.873341,0.052537,0.000000,0.000000,-112887.080737,7.066574
9.110212,61.369811,-238.312919,2051.293066,0.350059,0.003441,0.072537,-0.933908,-0.001331,0.005482,-0.000000,39.230324,-8.171396,1860.293066,-1.468740,-0.033143,340.032643,29.298410,2542975.069097,0.154716,326.970297,0.242957,0.000000,0.000000,-111180.574150,7.066574
9.141342,61.792852,-239.772675,2061.754317,0.350053,0.003510,0.072585,-0.933907,-0.001260,0.004975,-0.000000,39.230311,-8.171391,1870.754317,-1.426060,-0.031758,339.124190,29.132275,2533882.209716,0.099863,324.195109,0.317882,0.000000,0.000000,-109942.403539,7.066574
9.172472,62.215064,-241.229836,2072.187470,0.350048,0.003572,0.072628,-0.933905,-0.001196,0.004416,-0.000000,39.230298,-8.171386,1881.187470,-1.383494,-0.030377,338.220972,28.967881,2524846.174617,0.087099,321.451792,0.266250,0.000000,0.000000,-108721.737541,7.066574
9.203602,62.636455,-242.684420,2082.592681,0.350043,0.003627,0.072669,-0.933904,-0.001166,0.004032,-0.000000,39.230285,-8.171382,1891.592681,-1.341042,-0.028999,337.322680,28.813817,2515864.491072,0.176158,318.883411,0.119941,0.000000,-0.000000,-107566.606818,7.066574
9.234732,63.057038,-244.136442,2092.970102,0.350039,0.003678,0.072707,-0.933902,-0.001190,0.003960,-0.000000,39.230272,-8.171377,1901.970102,-1.298704,-0.027626,336.429167,28.659634,2506935.887229,0.347974,316.313923,0.065834,0.000000,-0.000000,-106417.229564,7.066574
9.265862,63.476829,-245.585910,2103.319878,0.350034,0.003730,0.072747,-0.933900,-0.001267,0.004199,-0.000000,39.230259,-8.171372,1912.319878,-1.256478,-0.026255,335.540416,28.505678,2498060.086441,0.496484,313.747251,0.197466,0.000000,0.000000,-105274.883235,7.066574
9.296992,63.895839,-247.032835,2113.642150,0.350030,0.003786,0.072790,-0.933899,-0.001369,0.004627,-0.000000,39.230246,-8.171367,1922.642150,-1.214365,-0.024889,334.655933,28.386861,2489233.229577,0.561994,311.765421,0.243199,0.000000,0.000000,-104334.147612,7.066574
9.328123,64.314079,-248.477231,2123.937050,0.350024,0.003849,0.072837,-0.933897,-0.001460,0.005064,-0.000000,39.230233,-8.171362,1932.937050,-1.172363,-0.023526,333.775778,28.232777,2480455.624566,0.528550,309.191725,0.192767,0.000000,0.000000,-103200.708538,7.066574
9.359253,64.731556,-249.919114,2134.204711,0.350018,0.003917,0.072887,-0.933895,-0.001509,0.005346,-0.000000,39.230220,-8.171357,1943.204711,-1.130472,-0.022167,332.899837,28.107591,2471726.259701,0.421491,307.098968,0.076290,0.000000,0.000000,-102233.196160,7.066574
9.399695,65.272791,-251.788630,2147.503547,0.350010,0.004008,0.072954,-0.933892,-0.001500,0.005375,-0.000000,39.230203,-8.171351,1956.503547,-1.076215,-0.020406,331.767949,27.940476,2460455.801372,0.255327,304.304559,0.093453,0.000000,0.000000,-100958.499310,7.066574
9.440138,65.812750,-253.653986,2160.756900,0.350003,0.004097,0.073019,-0.933889,-0.001430,0.005069,-0.000000,39.230186,-8.171345,1969.756900,-1.022143,-0.018651,330.643362,27.744856,2449267.595557,0.154721,301.035554,0.191975,0.000000,0.000000,-99535.407641,7.066574
9.480581,66.351444,-255.515228,2173.965070,0.349996,0.004180,0.073080,-0.933887,-0.001350,0.004636,-0.000000,39.230170,-8.171339,1982.965070,-0.968256,-0.016903,329.526056,27.575437,2438161.170386,0.148107,298.207618,0.174180,0.000000,0.000000,-98267.180477,7.066574
9.521024,66.888885,-257.372391,2187.128340,0.349989,0.004255,0.073137,-0.933885,-0.001313,0.004336,-0.000000,39.230153,-8.171332,1996.128340,-0.914552,-0.015160,328.415799,27.404692,2427134.486026,0.233642,295.360358,0.063038,0.000000,0.000000,-97001.008021,7.066574
9.561467,67.425094,-259.225503,2200.246984,0.349983,0.004328,0.073193,-0.933882,-0.001345,0.004329,-0.000000,39.230136,-8.171326,2009.246984,-0.861029,-0.013423,327.312222,27.244708,2416184.521870,0.367775,292.693728,0.078330,0.000000,0.000000,-95802.234702,7.066574
9.607417,68.032851,-261.326076,2215.098241,0.349976,0.004412,0.073258,-0.933879,-0.001451,0.004664,-0.000000,39.230117,-8.171319,2024.098241,-0.800438,-0.011457,326.066243,27.062263,2403834.459835,0.475509,289.650953,0.170080,0.000000,0.000000,-94445.398120,7.066574
9.653367,68.639075,-263.421483,2229.892613,0.349967,0.004504,0.073329,-0.933876,-0.001571,0.005145,-0.000000,39.230099,-8.171312,2038.892613,-0.740079,-0.009499,324.828499,26.884036,2391579.740399,0.455996,286.674795,0.132168,0.000000,-0.000000,-93120.143564,7.066574
9.699317,69.243788,-265.511770,2244.630482,0.349959,0.004605,0.073407,-0.933873,-0.001628,0.005433,-0.000000,39.230080,-8.171305,2053.630482,-0.679951,-0.007548,323.599282,26.691286,2379422.074598,0.319302,283.452456,0.014472,0.000000,-0.000000,-91725.011220,7.066574
9.745267,69.847004,-267.596993,2259.312215,0.349950,0.004709,0.073485,-0.933870,-0.001583,0.005302,-0.000000,39.230061,-8.171298,2068.312215,-0.620052,-0.005604,322.378188,26.530827,2367358.073175,0.169504,280.769201,0.167010,0.000000,0.000000,-90513.866300,7.066574
9.791217,70.448731,-269.677214,2273.938199,0.349941,0.004808,0.073561,-0.933867,-0.001477,0.004818,-0.000000,39.230042,-8.171291,2082.938199,-0.560380,-0.003668,321.165336,26.340104,2355388.194098,0.117405,277.583422,0.207011,0.000000,0.000000,-89150.173110,7.066574
9.829068,70.943279,-271.387034,2285.944411,0.349935,0.004881,0.073617,-0.933864,-0.001411,0.004404,-0.000000,39.230027,-8.171285,2094.944411,-0.511396,-0.002078,320.172185,26.209613,2345596.609099,0.168243,275.407735,0.121432,0.000000,0.000000,-88177.896501,7.066574
9.858905,71.332434,-272.732540,2295.382591,0.349930,0.004935,0.073660,-0.933862,-0.001390,0.004292,-0.000000,39.230015,-8.171281,2104.382591,-0.472890,-0.000829,319.393247,26.082556,2337922.715327,0.246970,273.290283,0.022806,0.000000,-0.000000,-87287.070793,7.066574
9.888743,71.720972,-274.075983,2304.797645,0.349926,0.004985,0.073703,-0.933860,-0.001681,0.004048,-0.000000,39.230003,-8.171276,2113.797645,-0.472655,-0.001852,318.617565,25.983743,2330398.326306,0.392048,271.651659,0.389726,0.000000,0.000000,-86552.990070,7.066574
9.912911,72.035225,-275.162654,2312.406880,0.349922,0.005019,0.073741,-0.933858,-0.002278,0.003549,-0.000000,39.229993,-8.171273,2121.406880,-0.472562,-0.002686,317.991449,25.907055,2324329.326275,0.761549,270.378797,0.739434,0.000000,0.000000,-85978.145283,7.066574
9.937080,72.349058,-276.247980,2320.001049,0.349920,0.005044,0.073785,-0.933856,-0.003146,0.002784,-0.000000,39.229983,-8.171269,2129.001049,-0.472470,-0.003517,317.367185,25.830998,2318282.301555,0.996508,269.113203,0.929688,0.000000,0.000000,-85407.699729,7.066574
9.961248,72.662462,-277.331966,2327.580196,0.349918,0.005056,0.073835,-0.933852,-0.004122,0.001884,-0.000000,39.229974,-8.171265,2136.580196,-0.472377,-0.004347,316.744744,25.755579,2312256.991145,1.047416,267.854792,0.933866,0.000000,-0.000000,-84841.597658,7.066574
9.985416,72.975437,-278.414618,2335.144366,0.349917,0.005053,0.073893,-0.933848,-0.005014,0.001025,-0.000000,39.229964,-8.171262,2144.144366,-0.472285,-0.005175,316.124138,25.679262,2306253.429888,0.912581,266.578155,0.761573,0.000000,0.000000,-84271.789519,7.066574
10.009584,73.287987,-279.495943,2342.693606,0.349916,0.005039,0.073956,-0.933844,-0.005655,0.000371,-0.000000,39.229954,-8.171258,2151.693606,-0.472193,-0.006002,315.505660,25.581691,2300273.720294,0.630888,264.943716,0.457948,0.000000,-0.000000,-83591.242031,7.066574
10.033753,73.600122,-280.575947,2350.227964,0.349916,0.005017,0.074022,-0.933838,-0.005941,0.000038,-0.000000,39.229945,-8.171254,2159.227964,-0.472102,-0.006827,314.889374,25.493546,2294318.268432,0.277157,263.465335,0.094789,0.000000,0.000000,-82962.434350,7.066574
10.057921,73.911856,-281.654638,2357.747490,0.349917,0.004992,0.074089,-0.933833,-0.005846,0.000069,-0.000000,39.229935,-8.171251,2166.747490,-0.472010,-0.007650,314.275066,25.420534,2288385.465700,0.172669,262.239763,0.267429,0.000000,-0.000000,-82415.418849,7.066574
10.084598,74.255495,-282.843773,2366.030321,0.349917,0.004969,0.074161,-0.933827,-0.005366,0.000480,-0.000000,39.229924,-8.171247,2175.030321,-0.471910,-0.008557,313.599117,25.340334,2281861.839647,0.478080,260.895096,0.565227,0.000000,0.000000,-81816.471774,7.066574
10.111274,74.598679,-284.031325,2374.295197,0.349917,0.004954,0.074227,-0.933822,-0.004634,0.001166,-0.000000,39.229913,-8.171243,2183.295197,-0.471809,-0.009462,312.925312,25.260446,2275363.750946,0.664992,259.558759,0.709962,0.000000,-0.000000,-81222.505420,7.066574
10.137951,74.941415,-285.217300,2382.542171,0.349915,0.004953,0.074288,-0.933818,-0.003839,0.001951,-0.000000,39.229903,-8.171239,2191.542171,-0.471709,-0.010365,312.253627,25.180826,2268890.962105,0.681079,258.230664,0.682377,0.000000,-0.000000,-80633.461397,7.066574
10.164628,75.283709,-286.401705,2390.771304,0.349913,0.004965,0.074342,-0.933814,-0.003169,0.002654,-0.000000,39.229892,-8.171235,2199.771304,-0.471608,-0.011266,311.584265,25.087065,2262444.888742,0.540174,256.669541,0.503919,0.000000,0.000000,-79974.190157,7.066574
10.187079,75.571438,-287.397290,2397.683169,0.349911,0.004983,0.074385,-0.933812,-0.002824,0.003052,-0.000000,39.229883,-8.171232,2206.683169,-0.471524,-0.012023,311.022966,25.000180,2257042.234636,0.350170,255.223859,0.282809,0.000000,0.000000,-79380.481634,7.066574
10.209530,75.858845,-288.391771,2404.582486,0.349909,0.005004,0.074427,-0.933809,-0.002709,0.003233,-0.000000,39.229874,-8.171228,2213.582486,-0.471440,-0.012778,310.463335,24.930923,2251658.567239,0.194159,254.073189,0.051614,0.000000,-0.000000,-78880.409582,7.066574
10.228136,76.096781,-289.215089,2410.290629,0.349907,0.005022,0.074462,-0.933807,-0.002782,0.003219,-0.000000,39.229867,-8.171226,2219.290629,-0.471371,-0.013403,310.000728,24.876576,2247210.700487,0.241296,253.170265,0.160379,0.000000,-0.000000,-78482.966491,7.066574
10.246742,76.334489,-290.037654,2415.990196,0.349905,0.005040,0.074497,-0.933805,-0.002989,0.003069,-0.000000,39.229860,-8.171223,2224.990196,-0.471302,-0.014027,309.539142,24.822504,2242774.934931,0.380288,252.271226,0.322110,0.000000,0.000000,-78087.819040,7.066574
10.265347,76.571968,-290.859468,2421.681205,0.349903,0.005055,0.074534,-0.933803,-0.003302,0.002808,-0.000000,39.229852,-8.171220,2230.681205,-0.471232,-0.014651,309.078565,24.768720,2238351.150271,0.505122,251.376035,0.441184,0.000000,0.000000,-77694.944087,7.066574
10.290969,76.898614,-291.989936,2429.504131,0.349900,0.005070,0.074588,-0.933799,-0.003846,0.002319,-0.000000,39.229842,-8.171216,2238.504131,-0.471137,-0.015507,308.445959,24.695133,2232278.811763,0.606739,250.149552,0.521398,0.000000,0.000000,-77157.618678,7.066574
10.316590,77.224820,-293.118990,2437.310910,0.349899,0.005076,0.074647,-0.933795,-0.004418,0.001778,-0.000000,39.229832,-8.171212,2246.310910,-0.471042,-0.016362,307.815238,24.622104,2226228.912722,0.603416,248.930258,0.494152,0.000000,0.000000,-76624.526677,7.066574
10.342212,77.550585,-294.246637,2445.101599,0.349898,0.005074,0.074709,-0.933790,-0.004901,0.001300,-0.000000,39.229822,-8.171209,2254.101599,-0.470947,-0.017215,307.186689,24.528053,2220203.479486,0.499507,247.357631,0.370627,0.000000,0.000000,-75984.971444,7.066574
10.367833,77.875916,-295.372885,2452.876251,0.349897,0.005066,0.074775,-0.933785,-0.005207,0.000975,-0.000000,39.229812,-8.171205,2261.876251,-0.470853,-0.018066,306.560405,24.440768,2214203.135088,0.327790,245.896792,0.183569,0.000000,-0.000000,-75382.220085,7.066574
10.397328,78.249905,-296.667688,2461.806577,0.349896,0.005051,0.074852,-0.933780,-0.005281,0.000864,-0.000000,39.229800,-8.171201,2270.806577,-0.470744,-0.019044,305.842005,24.358766,2207324.910538,0.142537,244.523399,0.060466,0.000000,0.000000,-74785.526698,7.066574
10.426824,78.623343,-297.960658,2470.715801,0.349896,0.005036,0.074928,-0.933774,-0.005062,0.001046,-0.000000,39.229788,-8.171196,2279.715801,-0.470636,-0.020020,305.126111,24.277280,2200476.191854,0.218820,243.159308,0.260851,0.000000,-0.000000,-74194.254143,7.066574
10.456319,78.996244,-299.251803,2479.603993,0.349895,0.005027,0.075002,-0.933768,-0.004644,0.001446,-0.000000,39.229777,-8.171192,2288.603993,-0.470528,-0.020993,304.412575,24.196218,2193655.836430,0.339075,241.804229,0.370274,0.000000,0.000000,-73608.248006,7.066574
10.485814,79.368619,-300.541133,2488.471222,0.349893,0.005028,0.075071,-0.933763,-0.004168,0.001932,-0.000000,39.229765,-8.171188,2297.471222,-0.470420,-0.021964,303.701381,24.115543,2186863.663418,0.361613,240.458086,0.365977,0.000000,0.000000,-73027.452647,7.066574
10.515309,79.740471,-301.828653,2497.317554,0.349891,0.005037,0.075137,-0.933759,-0.003774,0.002362,-0.000000,39.229754,-8.171183,2306.317554,-0.470312,-0.022932,302.992554,24.035272,2180099.780683,0.290782,239.120865,0.263025,0.000000,-0.000000,-72451.841778,7.066574
10.551441,80.195284,-303.403445,2508.126160,0.349888,0.005057,0.075214,-0.933754,-0.003539,0.002668,-0.000000,39.229739,-8.171178,2317.126160,-0.470181,-0.024116,302.127919,23.910613,2171855.661601,0.176704,237.044169,0.063317,0.000000,0.000000,-71617.661477,7.066574
10.587574,80.649300,-304.975553,2518.903668,0.349885,0.005080,0.075291,-0.933748,-0.003629,0.002654,-0.000000,39.229725,-8.171173,2327.903668,-0.470049,-0.025296,301.267392,23.805354,2163657.720875,0.242152,235.291647,0.142742,0.000000,-0.000000,-70885.701067,7.066574
10.623706,81.102510,-306.544993,2529.650223,0.349881,0.005099,0.075371,-0.933743,-0.003978,0.002366,-0.000000,39.229711,-8.171167,2338.650223,-0.469919,-0.026473,300.411007,23.688568,2155506.049970,0.357024,233.344628,0.266248,0.000000,0.000000,-70099.294621,7.066574
10.659838,81.554909,-308.111784,2540.365975,0.349879,0.005110,0.075455,-0.933737,-0.004429,0.001946,-0.000000,39.229697,-8.171162,2349.365975,-0.469788,-0.027646,299.558664,23.580102,2147399.797457,0.381668,231.534302,0.275951,0.000000,-0.000000,-69358.106332,7.066574
10.695971,82.006498,-309.675944,2551.051066,0.349877,0.005110,0.075544,-0.933731,-0.004808,0.001571,-0.000000,39.229683,-8.171157,2360.051066,-0.469658,-0.028816,298.710228,23.473994,2139337.845574,0.306149,229.761198,0.181084,0.000000,-0.000000,-68632.019751,7.066574
10.732103,82.457289,-311.237491,2561.705636,0.349875,0.005104,0.075636,-0.933724,-0.004986,0.001383,-0.000000,39.229669,-8.171152,2370.705636,-0.469529,-0.029983,297.865775,23.359501,2131320.603820,0.187601,227.846675,0.029412,0.000000,0.000000,-67867.726388,7.066574
10.768235,82.907294,-312.796442,2572.329822,0.349874,0.005096,0.075730,-0.933717,-0.005026,0.001446,-0.000000,39.229655,-8.171147,2381.329822,-0.475926,-0.022253,297.025030,23.267812,2123406.307536,0.274074,226.322621,0.090742,0.000000,0.000000,-67223.483126,7.066574
10.804368,83.356525,-314.352808,2582.923764,0.349872,0.005090,0.075826,-0.933710,-0.005155,0.001733,-0.000000,39.229641,-8.171141,2391.923764,-0.484625,-0.011386,296.188256,23.142824,2115557.341945,0.426936,224.245266,0.212096,0.000000,0.000000,-66418.814306,7.066574
10.840500,83.804990,-315.906595,2593.487599,0.349870,0.005088,0.075927,-0.933702,-0.005472,0.002119,-0.000000,39.229627,-8.171136,2402.487599,-0.493298,-0.000550,295.355243,23.053085,2107750.512108,0.508915,222.753458,0.266630,0.000000,-0.000000,-65791.401919,7.066574
10.876632,84.252689,-317.457814,2604.021464,0.349867,0.005091,0.076037,-0.933694,-0.005912,0.002460,-0.000000,39.229613,-8.171131,2413.021464,-0.501947,0.010255,294.526021,22.940905,2099985.901645,0.498633,220.880960,0.232666,0.000000,-0.000000,-65055.190114,7.066574
10.912765,84.699622,-319.006480,2614.525494,0.349864,0.005096,0.076156,-0.933686,-0.006306,0.002642,-0.000000,39.229599,-8.171126,2423.525494,-0.510571,0.021029,293.700507,22.843445,2092262.801650,0.407304,219.249341,0.129829,0.000000,0.000000,-64393.642671,7.066574
10.948897,85.145792,-320.552615,2624.999818,0.349861,0.005100,0.076281,-0.933677,-0.006504,0.002617,-0.000000,39.229585,-8.171121,2433.999818,-0.519172,0.031774,292.878559,22.747793,2084580.062677,0.278240,217.644955,0.064666,0.000000,-0.000000,-63743.540686,7.066574
10.985029,85.591202,-322.096246,2635.444565,0.349859,0.005102,0.076407,-0.933667,-0.006447,0.002419,-0.000000,39.229572,-8.171115,2444.444565,-0.527747,0.042487,292.060330,22.638238,2076938.662858,0.168382,215.808445,0.153076,0.000000,0.000000,-63029.085727,7.066574
11.021161,86.035859,-323.637399,2645.859863,0.349856,0.005100,0.076529,-0.933658,-0.006183,0.002139,-0.000000,39.229558,-8.171110,2454.859863,-0.536299,0.053171,291.245698,22.547530,2069337.596168,0.107973,214.290600,0.200958,0.000000,-0.000000,-62411.215185,7.066574
11.057294,86.479770,-325.176095,2656.245843,0.349854,0.005096,0.076643,-0.933650,-0.005841,0.001891,-0.000000,39.229544,-8.171105,2465.245843,-0.544826,0.063825,290.434777,22.437695,2061777.565302,0.084568,212.457805,0.174575,0.000000,0.000000,-61705.135183,7.066574
11.093426,86.922941,-326.712349,2666.602632,0.349852,0.005091,0.076751,-0.933642,-0.005564,0.001763,-0.000000,39.229530,-8.171100,2475.602632,-0.553330,0.074448,289.627335,22.352005,2054256.779819,0.138482,211.033152,0.092701,0.000000,0.000000,-61120.969286,7.066574
11.129558,87.365378,-328.246169,2676.930352,0.349850,0.005086,0.076854,-0.933634,-0.005454,0.001793,-0.000000,39.229516,-8.171095,2485.930352,-0.561810,0.085042,288.823038,22.268512,2046772.770686,0.247460,209.647390,0.049788,0.000000,0.000000,-60550.995931,7.066574
11.175655,87.928770,-330.199459,2690.064219,0.349847,0.005082,0.076987,-0.933624,-0.005586,0.002012,-0.000000,39.229499,-8.171088,2499.064219,-0.572593,0.098514,287.801837,22.137499,2037280.432161,0.372701,207.468812,0.142524,0.000000,-0.000000,-59709.905216,7.066574
11.221752,88.490979,-332.148814,2703.151217,0.349844,0.005082,0.077127,-0.933614,-0.005930,0.002304,-0.000000,39.229481,-8.171082,2512.151217,-0.583338,0.111938,286.786045,22.027357,2027849.565805,0.420081,205.634494,0.168712,0.000000,0.000000,-58973.103378,7.066574
11.267849,89.052009,-334.094254,2716.191586,0.349840,0.005084,0.077278,-0.933603,-0.006298,0.002517,-0.000000,39.229464,-8.171075,2525.191586,-0.594045,0.125315,285.775364,21.922459,2018477.844444,0.375663,203.881897,0.110189,0.000000,0.000000,-58264.423497,7.066574
11.313946,89.611866,-336.035814,2729.185558,0.349837,0.005087,0.077436,-0.933591,-0.006509,0.002552,-0.000000,39.229446,-8.171069,2538.185558,-0.604714,0.138643,284.770117,21.792678,2009167.315572,0.275412,201.709071,0.035965,0.000000,0.000000,-57440.715835,7.066574
11.360043,90.170557,-337.973534,2742.133383,0.349833,0.005089,0.077596,-0.933579,-0.006476,0.002411,-0.000000,39.229429,-8.171062,2551.133383,-0.615345,0.151925,283.770087,21.692770,1999916.217737,0.178893,200.035773,0.105299,0.000000,-0.000000,-56764.168831,7.066574
11.406139,90.728092,-339.907455,2755.035288,0.349830,0.005087,0.077752,-0.933567,-0.006247,0.002187,-0.000000,39.229412,-8.171056,2564.035288,-0.625938,0.165159,282.775044,21.584929,1990722.709600,0.127850,198.233255,0.137329,0.000000,0.000000,-56055.417431,7.066574
11.452236,91.284482,-341.837610,2767.891502,0.349826,0.005083,0.077901,-0.933556,-0.005969,0.002005,-0.000000,39.229394,-8.171049,2576.891502,-0.636494,0.178346,281.785189,21.464985,1981587.983193,0.140265,196.233238,0.098504,0.000000,-0.000000,-55295.619942,7.066574
11.498333,91.839736,-343.764025,2780.702263,0.349824,0.005078,0.078044,-0.933545,-0.005800,0.001960,-0.000000,39.229377,-8.171043,2589.702263,-0.647012,0.191487,280.800295,21.367552,1972510.225269,0.218421,194.613604,0.028817,0.000000,-0.000000,-54647.557324,7.066574
11.549101,92.449950,-345.881336,2794.758799,0.349820,0.005074,0.078199,-0.933534,-0.005853,0.002091,-0.000000,39.229358,-8.171036,2603.758799,-0.658554,0.205906,279.721335,21.245045,1962578.224223,0.322313,192.576369,0.092924,0.000000,0.000000,-53867.718974,7.066574
11.599869,93.058806,-347.994155,2808.760779,0.349817,0.005073,0.078359,-0.933521,-0.006125,0.002329,-0.000000,39.229339,-8.171029,2617.760779,-0.670050,0.220268,278.648381,21.126972,1952714.687482,0.375793,190.609945,0.129530,0.000000,0.000000,-53113.152650,7.066574
11.650636,93.666311,-350.102507,2822.708496,0.349813,0.005075,0.078529,-0.933509,-0.006456,0.002528,-0.000000,39.229320,-8.171022,2631.708496,-0.681502,0.234575,277.581087,21.023788,1942916.904543,0.348586,188.887073,0.089593,0.000000,0.000000,-52431.478864,7.066574
11.701404,94.272471,-352.206429,2836.602233,0.349809,0.005077,0.078708,-0.933495,-0.006659,0.002577,-0.000000,39.229301,-8.171015,2645.602233,-0.692910,0.248827,276.519297,20.913672,1933183.533932,0.263470,187.043933,0.026244,0.000000,0.000000,-51721.256986,7.066574
11.752172,94.877294,-354.305966,2850.442272,0.349804,0.005078,0.078888,-0.933482,-0.006629,0.002458,-0.000000,39.229282,-8.171008,2659.442272,-0.704273,0.263024,275.463323,20.792583,1923516.466931,0.176586,185.016785,0.092944,0.000000,-0.000000,-50965.338369,7.066574
11.802940,95.480793,-356.401165,2864.228896,0.349800,0.005076,0.079065,-0.933468,-0.006407,0.002259,-0.000000,39.229263,-8.171001,2673.228896,-0.715593,0.277165,274.412955,20.692980,1913913.989767,0.135816,183.352793,0.116031,0.000000,0.000000,-50314.381726,7.066574
11.853708,96.082980,-358.492068,2877.962376,0.349797,0.005072,0.079234,-0.933455,-0.006148,0.002111,-0.000000,39.229245,-8.170994,2686.962376,-0.726869,0.291253,273.367799,20.594088,1904373.077778,0.165887,181.706029,0.068406,0.000000,0.000000,-49672.577220,7.066574
11.904475,96.683867,-360.578702,2891.642987,0.349793,0.005068,0.079396,-0.933443,-0.006031,0.002110,-0.000000,39.229226,-8.170987,2700.642987,-0.738101,0.305286,272.328276,20.468795,1894896.405390,0.254408,179.621094,0.035312,0.000000,0.000000,-48915.902920,7.066574
11.955243,97.283463,-362.661089,2905.271008,0.349790,0.005065,0.079559,-0.933430,-0.006145,0.002259,-0.000000,39.229207,-8.170980,2714.271008,-0.749291,0.319265,271.294273,20.371396,1885482.933562,0.341540,178.002721,0.106915,0.000000,-0.000000,-48291.118773,7.066574
12.006011,97.881774,-364.739248,2918.846708,0.349786,0.005065,0.079728,-0.933417,-0.006440,0.002474,-0.000000,39.229188,-8.170973,2727.846708,-0.760437,0.333190,270.265380,20.275864,1876129.549226,0.373254,176.411641,0.124675,0.000000,-0.000000,-47677.959021,7.066574
12.056779,98.478807,-366.813202,2932.370341,0.349782,0.005067,0.079907,-0.933404,-0.006756,0.002631,-0.000000,39.229170,-8.170966,2741.370341,-0.771541,0.347062,269.241303,20.181607,1866833.984732,0.333068,174.836598,0.075404,0.000000,-0.000000,-47073.233603,7.066574
12.107546,99.074567,-368.882987,2945.842160,0.349777,0.005070,0.080092,-0.933389,-0.006924,0.002649,-0.000000,39.229151,-8.170959,2754.842160,-0.782602,0.360881,268.222558,20.063740,1857599.568291,0.247902,172.862879,0.028540,0.000000,0.000000,-46365.723746,7.066574
12.158314,99.669063,-370.948646,2959.262426,0.349773,0.005070,0.080280,-0.933375,-0.006862,0.002529,-0.000000,39.229133,-8.170952,2768.262426,-0.793621,0.374647,267.209136,19.969802,1848425.996976,0.168512,171.289957,0.092422,0.000000,-0.000000,-45770.241361,7.066574
12.209082,100.262308,-373.010223,2972.631395,0.349768,0.005068,0.080462,-0.933361,-0.006627,0.002352,-0.000000,39.229114,-8.170945,2781.631395,-0.804598,0.388360,266.200651,19.878652,1839310.357062,0.136998,169.767579,0.107440,0.000000,0.000000,-45192.240060,7.065577
12.259850,100.854313,-375.067752,2985.949311,0.349765,0.005064,0.080637,-0.933347,-0.006376,0.002232,-0.000000,39.229096,-8.170938,2794.949311,-0.815533,0.402021,265.196792,19.788104,1830250.272692,0.173008,168.260372,0.059534,0.000000,0.000000,-44622.110821,7.060786
12.310618,101.445087,-377.121257,2999.216404,0.349761,0.005061,0.080806,-0.933334,-0.006276,0.002242,-0.000000,39.229077,-8.170932,2808.216404,-0.826426,0.415630,264.197452,19.698249,1821244.783315,0.257182,166.768064,0.035430,0.000000,0.000000,-44059.697784,7.056043
12.361385,102.034638,-379.170752,3012.432912,0.349757,0.005059,0.080976,-0.933321,-0.006401,0.002380,-0.000000,39.229059,-8.170925,2821.432912,-0.837277,0.429187,263.203098,19.590030,1812296.876139,0.336425,164.967854,0.101038,0.000000,-0.000000,-43420.050163,7.051350
12.412153,102.622971,-381.216257,3025.599086,0.349753,0.005060,0.081152,-0.933307,-0.006696,0.002571,-0.000000,39.229040,-8.170918,2834.599086,-0.848087,0.442693,262.213834,19.496092,1803407.039090,0.364944,163.402860,0.117140,0.000000,-0.000000,-42846.490399,7.046707
12.462921,103.210091,-383.257797,3038.715175,0.349748,0.005062,0.081338,-0.933292,-0.007009,0.002714,-0.000000,39.229022,-8.170911,2847.715175,-0.858856,0.456147,261.229322,19.409737,1794572.716053,0.328908,161.959799,0.073199,0.000000,0.000000,-42308.648348,7.042111
12.513689,103.796005,-385.295403,3051.781413,0.349743,0.005063,0.081530,-0.933277,-0.007179,0.002737,-0.000000,39.229004,-8.170904,2860.781413,-0.869585,0.469549,260.249230,19.324431,1785791.423049,0.251405,160.530942,0.021699,0.000000,-0.000000,-41778.053957,7.037561
12.564457,104.380720,-387.329112,3064.798017,0.349739,0.005064,0.081724,-0.933262,-0.007126,0.002639,-0.000000,39.228986,-8.170898,2873.798017,-0.880272,0.482901,259.273425,19.239945,1777062.030401,0.177386,159.115999,0.078699,0.000000,-0.000000,-41254.549941,7.033055
12.615224,104.964248,-389.358961,3077.765199,0.349734,0.005062,0.081914,-0.933247,-0.006908,0.002490,-0.000000,39.228967,-8.170891,2886.765199,-0.890919,0.496203,258.301892,19.156073,1768384.243831,0.145753,157.714833,0.096770,0.000000,0.000000,-40738.039799,7.028593
12.665992,105.546599,-391.384983,3090.683183,0.349730,0.005060,0.082097,-0.933233,-0.006676,0.002382,-0.000000,39.228949,-8.170884,2899.683183,-0.901525,0.509453,257.335227,19.048409,1759761.913126,0.172854,155.919877,0.059886,0.000000,-0.000000,-40123.676831,7.024178
12.716760,106.127782,-393.407202,3103.552210,0.349726,0.005057,0.082275,-0.933219,-0.006574,0.002379,-0.000000,39.228931,-8.170877,2912.552210,-0.912092,0.522654,256.373343,18.965990,1751194.235510,0.242433,154.550815,0.020374,0.000000,0.000000,-39622.709090,7.019808
12.767528,106.707806,-395.425640,3116.372514,0.349722,0.005056,0.082453,-0.933205,-0.006668,0.002483,-0.000000,39.228913,-8.170871,2925.372514,-0.922618,0.535804,255.415833,18.884378,1742678.209966,0.312853,153.195242,0.077802,0.000000,-0.000000,-39128.490482,7.015481
12.818295,107.286675,-397.440312,3129.144313,0.349717,0.005056,0.082635,-0.933190,-0.006888,0.002637,-0.000000,39.228895,-8.170864,2938.144313,-0.927689,0.542378,254.462418,18.804106,1734209.294071,0.269865,151.852662,0.086470,0.000000,0.000000,-38640.795512,7.011185
12.855301,107.707909,-398.906500,3138.423535,0.349714,0.005058,0.082770,-0.933179,-0.006763,0.002728,-0.000000,39.228882,-8.170859,2947.423535,-0.921284,0.534990,253.769987,18.747195,1728062.341591,0.110178,150.882023,0.183258,0.000000,-0.000000,-38289.329038,7.008059
12.892307,108.128548,-400.370725,3147.677165,0.349710,0.005064,0.082899,-0.933169,-0.006216,0.002773,-0.000000,39.228868,-8.170854,2956.677165,-0.914896,0.527622,253.079705,18.690458,1721941.319578,0.255522,149.918156,0.366706,0.000000,0.000000,-37941.242627,7.004955
12.929313,108.548606,-401.833010,3156.905280,0.349707,0.005074,0.083018,-0.933160,-0.005361,0.002760,-0.000000,39.228855,-8.170849,2965.905280,-0.908526,0.520275,252.391566,18.633676,1715846.117179,0.355988,148.961012,0.447483,0.000000,-0.000000,-37596.503002,7.001872
12.966319,108.968089,-403.293372,3166.107957,0.349703,0.005089,0.083121,-0.933152,-0.004426,0.002706,-0.000000,39.228842,-8.170844,2975.107957,-0.902173,0.512948,251.705558,18.576733,1709776.571768,0.341743,148.010533,0.411881,0.000000,0.000000,-37255.073869,6.998811
13.003325,109.387001,-404.751824,3175.285280,0.349699,0.005109,0.083208,-0.933146,-0.003658,0.002634,-0.000000,39.228829,-8.170839,2984.285280,-0.895838,0.505641,251.022032,18.501678,1703734.979867,0.220926,146.765278,0.277369,0.000000,-0.000000,-36841.318344,6.995773
13.040331,109.805341,-406.208372,3184.437338,0.349695,0.005132,0.083285,-0.933140,-0.003239,0.002568,-0.000000,39.228816,-8.170835,2993.437338,-0.889520,0.498354,250.340936,18.439892,1697720.911913,0.048362,145.748029,0.086660,0.000000,0.000000,-36486.698092,6.992757
13.077336,110.223104,-407.663019,3193.564218,0.349692,0.005155,0.083357,-0.933135,-0.003252,0.002526,-0.000000,39.228803,-8.170830,3002.564218,-0.883220,0.491088,249.662067,18.383373,1691732.902147,0.191454,144.820589,0.117819,0.000000,0.000000,-36156.207726,6.989763
13.114342,110.640283,-409.115761,3202.666002,0.349688,0.005176,0.083433,-0.933129,-0.003662,0.002516,-0.000000,39.228790,-8.170825,3011.666002,-0.876937,0.483841,248.985295,18.327389,1685770.004699,0.365767,143.899586,0.272429,0.000000,0.000000,-35828.880870,6.986789
13.151348,111.056874,-410.566600,3211.742768,0.349685,0.005194,0.083518,-0.933123,-0.004344,0.002540,-0.000000,39.228777,-8.170820,3020.742768,-0.870671,0.476614,248.310568,18.272118,1679831.794045,0.468197,142.984918,0.351293,0.000000,0.000000,-35504.666217,6.983835
13.188354,111.472875,-412.015536,3220.794592,0.349681,0.005208,0.083615,-0.933115,-0.005115,0.002591,-0.000000,39.228764,-8.170815,3029.794592,-0.864423,0.469407,247.637868,18.217641,1673918.082334,0.479902,142.076527,0.341451,0.000000,-0.000000,-35183.528135,6.980902
13.225360,111.888290,-413.462578,3229.821547,0.349678,0.005218,0.083726,-0.933107,-0.005789,0.002656,-0.000000,39.228751,-8.170810,3038.821547,-0.858191,0.462220,246.967184,18.163938,1668028.739357,0.407090,141.174363,0.253313,0.000000,-0.000000,-34865.434985,6.977988
13.262366,112.303125,-414.907739,3238.823706,0.349674,0.005226,0.083847,-0.933097,-0.006219,0.002720,-0.000000,39.228738,-8.170806,3047.823706,-0.851977,0.455053,246.298507,18.110896,1662163.629243,0.277275,140.278378,0.115643,0.000000,0.000000,-34550.355091,6.975094
13.299372,112.717388,-416.351035,3247.801140,0.349670,0.005232,0.083973,-0.933087,-0.006328,0.002771,-0.000000,39.228725,-8.170801,3056.801140,-0.845780,0.447905,245.631823,18.058344,1656322.602794,0.137427,139.388520,0.043478,0.000000,-0.000000,-34238.256290,6.972219
13.336377,113.131091,-417.792484,3256.753920,0.349667,0.005240,0.084099,-0.933077,-0.006124,0.002802,-0.000000,39.228712,-8.170796,3065.753920,-0.839600,0.440777,244.967121,18.006094,1650505.504074,0.093357,138.504736,0.167223,0.000000,0.000000,-33929.106368,6.969363
13.373383,113.544243,-419.232104,3265.682116,0.349663,0.005250,0.084219,-0.933068,-0.005686,0.002811,-0.000000,39.228699,-8.170791,3074.682116,-0.833436,0.433668,244.304386,17.953985,1644712.175957,0.152382,137.626974,0.243078,0.000000,-0.000000,-33622.873399,6.966527
13.410389,113.956850,-420.669910,3274.585798,0.349659,0.005263,0.084331,-0.933059,-0.005140,0.002801,-0.000000,39.228686,-8.170786,3083.585798,-0.827290,0.426579,243.643607,17.901923,1638942.462400,0.173146,136.755182,0.254602,0.000000,0.000000,-33319.525880,6.963709
13.447395,114.368918,-422.105914,3283.465040,0.349655,0.005280,0.084434,-0.933051,-0.004628,0.002779,-0.000000,39.228673,-8.170782,3092.465040,-0.821161,0.419510,242.984923,17.842332,1633197.238615,0.135431,135.762573,0.204689,0.000000,-0.000000,-32988.258340,6.960911
13.484401,114.780448,-423.540126,3292.319922,0.349651,0.005299,0.084529,-0.933044,-0.004268,0.002754,-0.000000,39.228660,-8.170777,3101.319922,-0.815048,0.412460,242.328539,17.776940,1627477.804462,0.067007,134.676995,0.110304,0.000000,0.000000,-32636.079458,6.958133
13.521407,115.191440,-424.972552,3301.150524,0.349647,0.005319,0.084620,-0.933037,-0.004137,0.002735,-0.000000,39.228647,-8.170772,3110.150524,-0.808952,0.405429,241.674278,17.725324,1621782.896146,0.106308,133.824513,0.009369,0.000000,-0.000000,-32341.942550,6.955374
13.563271,115.655737,-426.590887,3311.111294,0.349643,0.005342,0.084721,-0.933029,-0.004290,0.002728,-0.000000,39.228633,-8.170767,3120.111294,-0.802076,0.397498,240.936509,17.667452,1615368.651581,0.225284,132.868660,0.121705,0.000000,0.000000,-32012.911134,6.952276
13.605135,116.119339,-428.206945,3321.041193,0.349639,0.005362,0.084828,-0.933021,-0.004704,0.002739,-0.000000,39.228618,-8.170761,3130.041193,-0.795222,0.389592,240.201171,17.610203,1608983.702113,0.312681,131.920107,0.195437,0.000000,0.000000,-31687.364181,6.949200
13.646999,116.582243,-429.820730,3330.940324,0.349634,0.005380,0.084945,-0.933012,-0.005234,0.002767,-0.000000,39.228604,-8.170756,3139.940324,-0.788388,0.381711,239.468192,17.553688,1602627.468037,0.338559,130.978723,0.206549,0.000000,0.000000,-31365.238034,6.946147
13.688864,117.044453,-431.432252,3340.808781,0.349630,0.005394,0.085072,-0.933002,-0.005719,0.002805,-0.000000,39.228589,-8.170751,3149.808781,-0.781576,0.373854,238.737555,17.497916,1596299.750953,0.301191,130.044443,0.157888,0.000000,0.000000,-31046.492282,6.943116
13.730728,117.505974,-433.041525,3350.646661,0.349626,0.005406,0.085208,-0.932991,-0.006027,0.002847,-0.000000,39.228575,-8.170745,3159.646661,-0.774785,0.366021,238.009263,17.442796,1590000.491929,0.221106,129.117223,0.071280,0.000000,0.000000,-30731.095069,6.940107
13.791548,118.175269,-435.375517,3364.884904,0.349619,0.005423,0.085412,-0.932975,-0.006054,0.002898,-0.000000,39.228554,-8.170738,3173.884904,-0.764956,0.354685,236.955354,17.363597,1580899.265843,0.099865,127.782610,0.068517,0.000000,-0.000000,-30278.773593,6.935775
13.839299,118.699748,-437.204675,3376.018440,0.349614,0.005438,0.085569,-0.932962,-0.005765,0.002917,-0.000000,39.228538,-8.170731,3185.018440,-0.757270,0.345820,236.131363,17.301855,1573795.432129,0.078894,126.745043,0.132869,0.000000,-0.000000,-29928.479812,6.932406
13.887049,119.223376,-439.030997,3387.112638,0.349609,0.005456,0.085718,-0.932950,-0.005363,0.002919,-0.000000,39.228521,-8.170725,3196.112638,-0.749612,0.336987,235.310359,17.240341,1566727.771316,0.079410,125.716370,0.137016,0.000000,-0.000000,-29582.364222,6.929065
13.934799,119.746161,-440.854503,3398.167636,0.349603,0.005478,0.085858,-0.932939,-0.005026,0.002914,-0.000000,39.228505,-8.170719,3207.167636,-0.741981,0.328185,234.492313,17.179050,1559695.960092,0.068939,124.696492,0.087018,0.000000,0.000000,-29240.368806,6.925751
13.982549,120.268104,-442.675209,3409.183574,0.349598,0.005502,0.085992,-0.932929,-0.004883,0.002911,-0.000000,39.228488,-8.170713,3218.183574,-0.734376,0.319415,233.677200,17.118094,1552699.699583,0.112169,123.685313,0.008851,0.000000,0.000000,-28902.437664,6.922465
14.030299,120.789204,-444.493125,3420.160591,0.349593,0.005526,0.086125,-0.932918,-0.004974,0.002913,-0.000000,39.228472,-8.170707,3229.160591,-0.726799,0.310675,232.864995,17.057634,1545738.704799,0.185278,122.682743,0.067581,0.000000,0.000000,-28568.516360,6.919205
14.078049,121.309460,-446.308258,3431.098823,0.349587,0.005548,0.086263,-0.932908,-0.005250,0.002923,-0.000000,39.228456,-8.170701,3240.098823,-0.719248,0.301966,232.055676,16.997817,1538812.693167,0.238385,121.688690,0.113347,0.000000,0.000000,-28238.551247,6.915972
14.125800,121.828873,-448.120622,3441.998406,0.349582,0.005568,0.086408,-0.932896,-0.005602,0.002940,-0.000000,39.228439,-8.170695,3250.998406,-0.711724,0.293288,231.249218,16.938719,1531921.381739,0.251361,120.703064,0.117252,0.000000,0.000000,-27912.489314,6.912764
14.173550,122.347448,-449.930232,3452.859476,0.349577,0.005586,0.086561,-0.932884,-0.005909,0.002963,-0.000000,39.228423,-8.170689,3261.859476,-0.704226,0.284641,230.445597,16.880332,1525064.489251,0.225126,119.725778,0.083604,0.000000,0.000000,-27590.278308,6.909583
14.231027,122.970558,-452.104836,3465.882061,0.349570,0.005605,0.086752,-0.932868,-0.006105,0.002997,-0.000000,39.228404,-8.170682,3274.882061,-0.695237,0.274272,229.482174,16.804830,1516857.209338,0.165384,118.458876,0.019298,0.000000,0.000000,-27184.200385,6.905789
14.288504,123.592485,-454.275520,3478.849284,0.349564,0.005625,0.086947,-0.932852,-0.006067,0.003031,-0.000000,39.228384,-8.170675,3287.849284,-0.686285,0.263948,228.523282,16.723776,1508702.186589,0.112791,117.098618,0.046797,0.000000,0.000000,-26759.760448,6.902033
14.345981,124.213247,-456.442327,3491.761396,0.349557,0.005646,0.087138,-0.932837,-0.005861,0.003063,-0.000000,39.228365,-8.170668,3300.761396,-0.677372,0.253667,227.568747,16.655827,1500598.052276,0.090945,115.960698,0.074430,0.000000,0.000000,-26389.030660,6.898314
14.403458,124.832858,-458.605294,3504.618630,0.349550,0.005671,0.087323,-0.932822,-0.005621,0.003089,-0.000000,39.228345,-8.170660,3313.618630,-0.668497,0.243431,226.618257,16.588342,1492542.531437,0.091690,114.834335,0.060310,0.000000,0.000000,-26023.556880,6.894631
14.460935,125.451329,-460.764452,3517.421211,0.349544,0.005698,0.087503,-0.932808,-0.005482,0.003107,-0.000000,39.228326,-8.170653,3326.421211,-0.659659,0.233237,225.671631,16.521346,1484534.224137,0.117813,113.719242,0.015469,0.000000,-0.000000,-25663.206832,6.890983
14.528121,126.172841,-463.283574,3532.317639,0.349535,0.005731,0.087711,-0.932791,-0.005537,0.003115,-0.000000,39.228303,-8.170645,3341.317639,-0.649376,0.221377,224.569923,16.443791,1475232.210023,0.172722,112.429860,0.045547,0.000000,0.000000,-25248.364932,6.886762
14.595308,126.892803,-465.797557,3547.140031,0.349527,0.005763,0.087924,-0.932774,-0.005803,0.003118,-0.000000,39.228281,-8.170636,3356.140031,-0.639144,0.209576,223.473422,16.367251,1465993.646819,0.212038,111.155507,0.079557,0.000000,-0.000000,-24840.301440,6.882588
14.662495,127.611221,-468.306434,3561.888730,0.349519,0.005791,0.088147,-0.932755,-0.006133,0.003129,-0.000000,39.228258,-8.170628,3370.888730,-0.628963,0.197833,222.382100,16.291847,1456818.036058,0.208489,109.895997,0.067946,0.000000,0.000000,-24438.902629,6.878459
14.729682,128.328110,-470.810249,3576.564075,0.349511,0.005816,0.088380,-0.932736,-0.006354,0.003159,-0.000000,39.228236,-8.170620,3385.564075,-0.618832,0.186149,221.295895,16.217537,1447704.673098,0.168971,108.651117,0.022250,0.000000,0.000000,-24044.046247,6.874376
14.796869,129.043491,-473.309053,3591.166400,0.349503,0.005841,0.088617,-0.932717,-0.006366,0.003203,-0.000000,39.228213,-8.170612,3400.166400,-0.608752,0.174523,220.214738,16.144151,1438652.798827,0.125268,107.420646,0.032052,0.000000,0.000000,-23655.609515,6.870336
14.867903,129.798221,-475.945550,3606.525817,0.349494,0.005869,0.088867,-0.932696,-0.006191,0.003251,-0.000000,39.228189,-8.170603,3415.525817,-0.598149,0.162294,219.077094,16.067352,1429148.692606,0.103399,106.135155,0.055773,0.000000,0.000000,-23251.781336,6.866113
14.938938,130.551315,-478.576564,3621.804363,0.349485,0.005902,0.089109,-0.932676,-0.005971,0.003285,-0.000000,39.228166,-8.170594,3430.804363,-0.587602,0.150129,217.944955,15.991223,1419711.741599,0.112078,104.865298,0.032869,0.000000,0.000000,-22854.862662,6.861938
15.009972,131.302790,-481.202146,3637.002419,0.349476,0.005938,0.089346,-0.932657,-0.005900,0.003297,-0.000000,39.228142,-8.170585,3446.002419,-0.577111,0.138029,216.818261,15.915800,1410341.188591,0.155494,103.610843,0.022439,0.000000,0.000000,-22464.722847,6.857810
15.081006,132.052649,-483.822336,3652.120362,0.349467,0.005973,0.089583,-0.932637,-0.006078,0.003296,-0.000000,39.228119,-8.170577,3461.120362,-0.566675,0.125992,215.696947,15.841267,1401036.280373,0.208015,102.371564,0.073069,0.000000,-0.000000,-22081.233777,6.853728
15.152040,132.800897,-486.437170,3667.158567,0.349457,0.006006,0.089829,-0.932617,-0.006440,0.003303,-0.000000,39.228095,-8.170568,3476.158567,-0.556294,0.114019,214.580950,15.767839,1391796.266793,0.226825,101.147235,0.083299,0.000000,0.000000,-21704.269754,6.849692
15.165490,132.942400,-486.931697,3669.997156,0.349456,0.006012,0.089878,-0.932613,-0.006508,0.003309,-0.000000,39.228091,-8.170566,3478.997156,-0.554335,0.111759,214.370225,15.754076,1390053.884154,0.223417,100.917069,0.078255,0.000000,-0.000000,-21633.614885,6.848933
15.178941,133.083844,-487.426035,3672.832901,0.349454,0.006017,0.089926,-0.932609,-0.006571,0.003317,-0.000000,39.228086,-8.170565,3481.832901,-0.552377,0.109501,214.159689,15.740357,1388313.796844,0.218199,100.687430,0.071552,0.000000,-0.000000,-21563.188732,6.848175
15.192392,133.225232,-487.920182,3675.665806,0.349452,0.006022,0.089976,-0.932605,-0.006626,0.003325,-0.000000,39.228082,-8.170563,3484.665806,-0.550421,0.107245,213.949340,15.726678,1386575.999897,0.211657,100.458316,0.063682,0.000000,-0.000000,-21492.990475,6.847419
15.205842,133.366563,-488.414139,3678.495872,0.349450,0.006028,0.090025,-0.932600,-0.006675,0.003334,-0.000000,39.228077,-8.170561,3487.495872,-0.548468,0.104992,213.739178,15.713037,1384840.488371,0.204129,100.229726,0.054989,0.000000,0.000000,-21423.019297,6.846665
15.232743,133.649054,-489.401488,3684.147500,0.349447,0.006038,0.090125,-0.932592,-0.006750,0.003354,-0.000000,39.228069,-8.170558,3493.147500,-0.544566,0.100492,213.319413,15.685863,1381376.301959,0.187085,99.774111,0.036235,0.000000,0.000000,-21283.754934,6.845161
15.259644,133.931320,-490.388083,3689.787803,0.349443,0.006048,0.090226,-0.932584,-0.006794,0.003375,-0.000000,39.228060,-8.170555,3498.787803,-0.540673,0.096002,212.900393,15.658825,1377921.198466,0.169114,99.320574,0.018439,0.000000,0.000000,-21145.389186,6.843664
15.286545,134.213362,-491.373928,3695.416801,0.349440,0.006059,0.090327,-0.932575,-0.006806,0.003396,-0.000000,39.228051,-8.170552,3504.416801,-0.536787,0.091520,212.482112,15.631909,1374475.138989,0.152035,98.869102,0.012524,0.000000,0.000000,-21007.915652,6.842172
15.313447,134.495180,-492.359026,3701.034514,0.349436,0.006070,0.090428,-0.932566,-0.006789,0.003417,-0.000000,39.228042,-8.170548,3510.034514,-0.532909,0.087047,212.064568,15.605105,1371038.084847,0.137300,98.419685,0.023692,0.000000,-0.000000,-20871.327985,6.840687
15.398196,135.381575,-495.457619,3718.658938,0.349425,0.006106,0.090746,-0.932540,-0.006626,0.003470,-0.000000,39.228014,-8.170538,3527.658938,-0.520743,0.073015,210.753923,15.521325,1360268.466902,0.111140,97.017149,0.047360,0.000000,0.000000,-20446.744742,6.836050
15.450682,135.929448,-497.372939,3729.518109,0.349417,0.006134,0.090939,-0.932523,-0.006497,0.003726,-0.000000,39.227997,-8.170532,3538.518109,-0.493990,0.080899,209.945817,15.469924,1353828.019874,0.307793,96.168987,0.145545,0.000000,0.000000,-20190.276595,6.833232
15.491470,136.354668,-498.859476,3737.927840,0.349411,0.006164,0.091091,-0.932511,-0.006422,0.004280,-0.000000,39.227984,-8.170527,3546.927840,-0.468898,0.090759,209.319667,15.430253,1348886.395149,0.510317,95.517287,0.319254,0.000000,-0.000000,-19993.646766,6.831064
15.532259,136.779419,-500.344319,3746.311958,0.349403,0.006208,0.091246,-0.932498,-0.006391,0.005158,-0.000000,39.227970,-8.170522,3555.311958,-0.443881,0.100590,208.695131,15.390976,1343963.079189,0.648334,94.869954,0.427317,0.000000,0.000000,-19798.897382,6.828909
15.573048,137.203714,-501.827465,3754.670531,0.349393,0.006269,0.091408,-0.932486,-0.006413,0.006219,-0.000000,39.227957,-8.170517,3563.670531,-0.418941,0.110391,208.072196,15.352164,1339057.951006,0.700998,94.226951,0.452233,0.000000,-0.000000,-19606.008529,6.826767
15.613837,137.627560,-503.308916,3763.003622,0.349381,0.006350,0.091578,-0.932473,-0.006488,0.007262,-0.000000,39.227944,-8.170512,3572.003622,-0.394077,0.120162,207.450853,15.313857,1334170.897779,0.663719,93.588243,0.393412,0.000000,0.000000,-19414.960849,6.824639
15.654626,138.050957,-504.788680,3771.311295,0.349368,0.006449,0.091757,-0.932460,-0.006604,0.008095,0.000000,39.227930,-8.170507,3580.311295,-0.369289,0.129903,206.831093,15.276046,1329301.808849,0.551487,92.953796,0.268110,-0.000000,0.000000,-19225.735261,6.822523
15.695415,138.473900,-506.266768,3779.593611,0.349353,0.006560,0.091943,-0.932446,-0.006742,0.008575,0.000000,39.227917,-8.170502,3588.593611,-0.344577,0.139614,206.212904,15.238680,1324450.573946,0.396280,92.323577,0.111034,-0.000000,0.000000,-19038.312879,6.820421
15.736204,138.896380,-507.743199,3787.850633,0.349338,0.006676,0.092134,-0.932432,-0.006881,0.008641,0.000000,39.227904,-8.170497,3596.850633,-0.319940,0.149296,205.596278,15.201669,1319617.083017,0.245890,91.697550,0.091870,-0.000000,-0.000000,-18852.675003,6.818331
15.776993,139.318389,-509.217990,3796.082421,0.349323,0.006788,0.092327,-0.932418,-0.007003,0.008312,0.000000,39.227891,-8.170492,3605.082421,-0.295378,0.158948,204.981204,15.164909,1314801.226490,0.170832,91.075683,0.222970,-0.000000,0.000000,-18668.803133,6.816254
15.817782,139.739918,-510.691161,3804.289036,0.349309,0.006892,0.092518,-0.932404,-0.007092,0.007686,0.000000,39.227877,-8.170487,3613.289036,-0.270891,0.168571,204.367671,15.128298,1310002.895520,0.189824,90.457942,0.311176,-0.000000,-0.000000,-18486.678984,6.814189
15.858570,140.160964,-512.162726,3812.470537,0.349296,0.006981,0.092706,-0.932389,-0.007142,0.006903,0.000000,39.227864,-8.170483,3621.470537,-0.246479,0.178164,203.755671,15.091758,1305221.982052,0.207293,89.844294,0.336261,-0.000000,0.000000,-18306.284492,6.812137
15.899359,140.581526,-513.632697,3820.626984,0.349284,0.007054,0.092889,-0.932375,-0.007153,0.006123,0.000000,39.227851,-8.170478,3629.626984,-0.222142,0.187727,203.145193,15.055255,1300458.378723,0.178751,89.234707,0.297896,-0.000000,-0.000000,-18127.601814,6.810098
15.940148,141.001610,-515.101083,3828.758439,0.349274,0.007114,0.093066,-0.932360,-0.007133,0.005493,-0.000000,39.227838,-8.170473,3637.758439,-0.197880,0.197262,202.536227,15.018796,1295711.978677,0.120061,88.629148,0.208115,0.000000,0.000000,-17950.613314,6.808070
15.980937,141.421226,-516.567887,3836.864961,0.349265,0.007164,0.093239,-0.932346,-0.007095,0.005119,-0.000000,39.227825,-8.170468,3645.864961,-0.173692,0.206767,201.928764,14.982425,1290982.675463,0.129983,88.027586,0.088027,0.000000,0.000000,-17775.301557,6.806055
16.026551,141.889933,-518.206311,3845.900858,0.349256,0.007215,0.093430,-0.932330,-0.007049,0.005073,-0.000000,39.227810,-8.170463,3654.900858,-0.146731,0.217362,201.251219,14.941938,1285714.113353,0.254395,87.359564,0.060586,0.000000,-0.000000,-17581.218817,6.803816
16.072164,142.358086,-519.842754,3854.905730,0.349246,0.007269,0.093621,-0.932314,-0.007020,0.005412,-0.000000,39.227795,-8.170457,3663.905730,-0.119863,0.227921,200.575297,14.912224,1280465.179056,0.384294,86.872508,0.177500,0.000000,0.000000,-17424.479124,6.801591
16.117777,142.825704,-521.477213,3863.879652,0.349235,0.007334,0.093815,-0.932298,-0.007023,0.006030,-0.000000,39.227780,-8.170452,3672.879652,-0.093086,0.238443,199.900937,14.875435,1275235.425110,0.470020,86.264594,0.244972,0.000000,-0.000000,-17244.373231,6.799380
16.163391,143.292797,-523.109687,3872.822696,0.349222,0.007414,0.094015,-0.932282,-0.007066,0.006754,0.000000,39.227766,-8.170446,3681.822696,-0.066402,0.248929,199.228271,14.835982,1270025.641148,0.493885,85.608911,0.251372,-0.000000,0.000000,-17055.715333,6.797183
16.209004,143.759369,-524.740181,3881.734936,0.349208,0.007508,0.094223,-0.932266,-0.007143,0.007410,0.000000,39.227751,-8.170441,3690.734936,-0.039810,0.259379,198.557419,14.797005,1264836.523356,0.458876,84.958028,0.203208,-0.000000,-0.000000,-16869.046776,6.795001
16.265631,144.337871,-526.761621,3892.756285,0.349189,0.007641,0.094489,-0.932245,-0.007268,0.007943,0.000000,39.227733,-8.170434,3701.756285,-0.006925,0.272302,197.727139,14.749233,1258423.334056,0.360990,84.156646,0.096994,-0.000000,0.000000,-16640.052793,6.792312
16.322257,144.915561,-528.780062,3903.730442,0.349169,0.007782,0.094763,-0.932223,-0.007400,0.008059,-0.000000,39.227715,-8.170427,3712.730442,0.025819,0.285170,196.899649,14.702027,1252041.767231,0.250688,83.362552,0.048155,0.000000,0.000000,-16414.057193,6.789645
16.378884,145.492431,-530.795538,3914.657558,0.349149,0.007919,0.095039,-0.932202,-0.007514,0.007786,-0.000000,39.227697,-8.170421,3723.657558,0.058423,0.297982,196.074896,14.655238,1245691.374986,0.177099,82.575643,0.131128,0.000000,0.000000,-16191.010627,6.787000
16.435511,146.068475,-532.808083,3925.537782,0.349131,0.008044,0.095313,-0.932179,-0.007593,0.007273,-0.000000,39.227679,-8.170414,3734.537782,0.090887,0.310740,195.252846,14.608740,1239371.836008,0.149750,81.795835,0.169212,0.000000,-0.000000,-15970.869475,6.784377
16.492137,146.643693,-534.817722,3936.371259,0.349114,0.008153,0.095583,-0.932157,-0.007634,0.006720,-0.000000,39.227661,-8.170407,3745.371259,0.123212,0.323442,194.433481,14.562463,1233082.924283,0.141285,81.023054,0.148392,0.000000,0.000000,-15753.594429,6.781775
16.548764,147.218096,-536.824475,3947.158137,0.349098,0.008249,0.095849,-0.932135,-0.007647,0.006318,-0.000000,39.227643,-8.170401,3756.158137,0.155397,0.336090,193.616786,14.516413,1226824.422830,0.162381,80.257231,0.081732,0.000000,-0.000000,-15539.147052,6.779194
16.605391,147.791701,-538.828354,3957.898562,0.349083,0.008338,0.096113,-0.932113,-0.007648,0.006187,-0.000000,39.227625,-8.170394,3766.898562,0.187444,0.348684,192.802738,14.470652,1220596.089728,0.227411,79.498293,0.004700,0.000000,0.000000,-15327.488467,6.776634
16.662017,148.364529,-540.829366,3968.592680,0.349067,0.008426,0.096376,-0.932090,-0.007659,0.006347,-0.000000,39.227607,-8.170387,3777.592680,0.219353,0.361223,191.991314,14.425274,1214397.668181,0.304154,78.746165,0.081934,0.000000,-0.000000,-15118.579753,6.774094
16.718644,148.936598,-542.827518,3979.240638,0.349052,0.008522,0.096643,-0.932068,-0.007693,0.006727,-0.000000,39.227589,-8.170381,3788.240638,0.251124,0.373708,191.182491,14.380369,1208228.903275,0.358340,78.000776,0.127758,0.000000,0.000000,-14912.382576,6.771575
16.775271,149.507924,-544.822820,3989.842577,0.349034,0.008629,0.096915,-0.932045,-0.007755,0.007197,-0.000000,39.227571,-8.170374,3798.842577,0.282758,0.386139,190.376246,14.335993,1202089.548175,0.373261,77.262052,0.132478,0.000000,0.000000,-14708.859407,6.769077
16.831897,150.078515,-546.815286,4000.398641,0.349016,0.008748,0.097194,-0.932022,-0.007841,0.007617,-0.000000,39.227553,-8.170368,3809.398641,0.314255,0.398517,189.572557,14.292156,1195979.362181,0.349573,76.529924,0.100485,0.000000,0.000000,-14507.973435,6.766598
16.898663,150.750336,-549.160912,4012.786146,0.348993,0.008898,0.097531,-0.931994,-0.007958,0.007910,-0.000000,39.227532,-8.170360,3821.786146,0.351216,0.413042,188.628213,14.241114,1188812.224145,0.291419,75.675080,0.039728,0.000000,-0.000000,-14274.455042,6.763701
16.965430,151.421139,-551.502662,4025.110295,0.348969,0.009052,0.097872,-0.931965,-0.008072,0.007918,-0.000000,39.227511,-8.170352,3834.110295,0.387989,0.427492,187.687356,14.190670,1181684.919721,0.231052,74.829197,0.044820,0.000000,-0.000000,-14044.494170,6.760831
17.032196,152.090920,-553.840578,4037.371309,0.348946,0.009201,0.098216,-0.931936,-0.008166,0.007689,-0.000000,39.227490,-8.170344,3846.371309,0.424573,0.441869,186.749953,14.140708,1174597.066222,0.192597,73.992166,0.082446,0.000000,-0.000000,-13818.033538,6.757988
17.098962,152.759683,-556.174697,4049.569407,0.348924,0.009340,0.098559,-0.931907,-0.008234,0.007356,-0.000000,39.227469,-8.170337,3858.569407,0.460969,0.456171,185.815809,14.096091,1167547.279639,0.181499,73.247279,0.084398,0.000000,0.000000,-13610.502394,6.755171
17.165729,153.427435,-558.505046,4061.704789,0.348903,0.009469,0.098901,-0.931878,-0.008280,0.007079,-0.000000,39.227448,-8.170329,3870.704789,0.497178,0.470401,184.884700,14.053209,1160533.987296,0.197254,72.534079,0.051513,0.000000,0.000000,-13410.441422,6.752380
17.232495,154.094195,-560.831647,4073.777654,0.348882,0.009590,0.099240,-0.931848,-0.008319,0.006976,-0.000000,39.227427,-8.170321,3882.777654,0.533201,0.484557,183.956708,14.004247,1153557.558539,0.237089,71.720245,0.008686,0.000000,0.000000,-13193.420221,6.749613
17.299261,154.759981,-563.154516,4085.788209,0.348862,0.009711,0.099582,-0.931818,-0.008366,0.007087,-0.000000,39.227406,-8.170313,3894.788209,0.569038,0.498639,183.031989,13.955759,1146618.808037,0.284259,70.914832,0.051536,0.000000,0.000000,-12979.682758,6.746872
17.366028,155.424816,-565.473670,4097.736668,0.348840,0.009837,0.099927,-0.931788,-0.008433,0.007366,-0.000000,39.227385,-8.170306,3906.736668,0.604689,0.512650,182.110600,13.907825,1139717.932475,0.317346,70.117806,0.080179,0.000000,-0.000000,-12769.195704,6.744156
17.435815,156.118736,-567.893821,4110.159668,0.348817,0.009979,0.100294,-0.931755,-0.008524,0.007726,-0.000000,39.227364,-8.170298,3919.159668,0.641757,0.527216,181.151034,13.858359,1132544.843721,0.324675,69.293564,0.080970,0.000000,-0.000000,-12552.600860,6.741345
17.505603,156.811649,-570.309964,4122.515301,0.348793,0.010130,0.100668,-0.931723,-0.008631,0.008029,-0.000000,39.227342,-8.170290,3931.515301,0.678623,0.541703,180.195003,13.809546,1125412.150336,0.305257,68.478239,0.056650,0.000000,0.000000,-12339.436465,6.738560
17.575390,157.503561,-572.722133,4134.803802,0.348767,0.010288,0.101049,-0.931689,-0.008743,0.008191,-0.000000,39.227320,-8.170282,3943.803802,0.715289,0.556112,179.242463,13.761348,1118319.410575,0.270163,67.671712,0.025878,0.000000,-0.000000,-12129.644417,6.735802
17.645178,158.194478,-575.130364,4147.025405,0.348741,0.010447,0.101435,-0.931655,-0.008848,0.008185,-0.000000,39.227299,-8.170273,3956.025405,0.751755,0.570442,178.293380,13.713696,1111266.238808,0.235487,66.873876,0.036142,0.000000,0.000000,-11923.169410,6.733070
17.714965,158.884403,-577.534695,4159.180339,0.348716,0.010604,0.101823,-0.931621,-0.008941,0.008040,-0.000000,39.227277,-8.170265,3968.180339,0.788023,0.584695,177.347721,13.666515,1104252.260517,0.213393,66.084624,0.054672,0.000000,-0.000000,-11719.957400,6.730365
17.784753,159.573341,-579.935157,4171.268814,0.348691,0.010754,0.102212,-0.931586,-0.009018,0.007835,-0.000000,39.227255,-8.170258,3980.268814,0.824092,0.598869,176.405062,13.629895,1097274.676709,0.208780,65.474962,0.052507,0.000000,0.000000,-11550.114722,6.727684
17.854541,160.261301,-582.331782,4183.291049,0.348666,0.010896,0.102601,-0.931550,-0.009085,0.007670,-0.000000,39.227234,-8.170250,3992.291049,0.859964,0.612965,175.465519,13.583381,1090334.032609,0.222404,64.700070,0.030052,0.000000,-0.000000,-11352.631431,6.725028
17.911898,160.826009,-584.298691,4193.122585,0.348647,0.011010,0.102921,-0.931521,-0.009139,0.007627,-0.000000,39.227216,-8.170243,4002.122585,0.889299,0.624493,174.695761,13.545467,1084657.813606,0.244167,64.069378,0.013135,0.000000,0.000000,-11192.648700,6.722863
17.969256,161.390078,-586.263036,4202.909648,0.348627,0.011124,0.103243,-0.931492,-0.009197,0.007679,-0.000000,39.227198,-8.170236,4011.909648,0.918501,0.635969,173.928227,13.507867,1079007.094282,0.269312,63.444233,0.031961,0.000000,0.000000,-11034.743021,6.720716
18.026614,161.953517,-588.224829,4212.652354,0.348607,0.011239,0.103567,-0.931462,-0.009261,0.007812,-0.000000,39.227181,-8.170230,4021.652354,0.947571,0.647393,173.162907,13.470608,1073381.713486,0.291588,62.824586,0.052839,0.000000,-0.000000,-10878.887915,6.718585
18.108012,162.752038,-591.004491,4226.402488,0.348577,0.011408,0.104033,-0.931419,-0.009365,0.008101,-0.000000,39.227156,-8.170221,4035.402488,0.988598,0.663515,172.080597,13.418345,1065441.771480,0.310675,61.954565,0.067849,0.000000,0.000000,-10661.178593,6.715589
18.189409,163.549329,-593.779075,4240.063844,0.348547,0.011586,0.104507,-0.931375,-0.009486,0.008419,-0.000000,39.227131,-8.170211,4049.063844,1.029361,0.679534,171.002666,13.366831,1057551.949157,0.307766,61.095357,0.060092,0.000000,-0.000000,-10447.468916,6.712626
18.254807,164.189028,-596.004640,4250.975871,0.348521,0.011736,0.104894,-0.931339,-0.009591,0.008623,-0.000000,39.227111,-8.170204,4059.975871,1.061920,0.692329,170.139749,13.325985,1051248.859702,0.290203,60.412762,0.040603,0.000000,0.000000,-10278.612121,6.710269
18.320206,164.827951,-598.226982,4261.831004,0.348495,0.011891,0.105287,-0.931302,-0.009698,0.008728,-0.000000,39.227091,-8.170197,4070.831004,1.094309,0.705057,169.279598,13.285590,1044977.460241,0.266449,59.736968,0.024335,0.000000,0.000000,-10112.249965,6.707933
18.385604,165.466101,-600.446124,4272.629397,0.348469,0.012046,0.105683,-0.931265,-0.009800,0.008722,-0.000000,39.227071,-8.170189,4081.629397,1.126529,0.717718,168.421858,13.254744,1038735.437731,0.244540,59.222296,0.030865,0.000000,-0.000000,-9974.329176,6.705616
18.451002,166.103481,-602.662093,4283.371215,0.348443,0.012198,0.106082,-0.931228,-0.009894,0.008630,-0.000000,39.227051,-8.170182,4092.371215,1.158580,0.730313,167.566628,13.214995,1032523.281966,0.230594,58.557772,0.040986,0.000000,0.000000,-9812.328314,6.703319
18.548885,167.056033,-605.972896,4299.343329,0.348404,0.012419,0.106682,-0.931171,-0.010023,0.008446,-0.000000,39.227021,-8.170171,4108.343329,1.206237,0.749041,166.291494,13.156123,1023282.288437,0.229094,57.575388,0.036298,0.000000,0.000000,-9574.297341,6.699918
18.619696,167.744077,-608.363653,4310.819452,0.348377,0.012572,0.107118,-0.931129,-0.010110,0.008354,-0.000000,39.227000,-8.170163,4119.819452,1.240479,0.762497,165.372761,13.113985,1016639.812372,0.243202,56.873796,0.020582,0.000000,0.000000,-9405.376604,6.697485
18.690506,168.431251,-610.750780,4322.229922,0.348350,0.012723,0.107556,-0.931087,-0.010197,0.008360,-0.000000,39.226979,-8.170155,4131.229922,1.274525,0.775877,164.457135,13.072251,1010032.838060,0.265653,56.179735,0.024833,0.000000,-0.000000,-9239.158170,6.695075
18.761317,169.117571,-613.134301,4333.574950,0.348322,0.012873,0.107997,-0.931044,-0.010290,0.008482,-0.000000,39.226957,-8.170147,4142.574950,1.308376,0.789179,163.544579,13.030954,1003460.988850,0.289164,55.493111,0.045969,0.000000,0.000000,-9075.597456,6.692688
18.832128,169.803054,-615.514238,4344.854743,0.348294,0.013029,0.108444,-0.931000,-0.010393,0.008695,-0.000000,39.226936,-8.170139,4153.854743,1.342033,0.802405,162.635060,12.990135,996923.900015,0.305181,54.813832,0.059539,0.000000,0.000000,-8914.650910,6.690323
18.911071,170.566291,-618.163307,4357.353334,0.348262,0.013209,0.108949,-0.930951,-0.010484,0.008980,-0.000000,39.226912,-8.170130,4166.353334,1.377137,0.818501,161.624260,12.953493,989683.722662,0.313155,54.206647,0.059475,0.000000,0.000000,-8761.109221,6.687713
18.922776,170.679370,-618.555709,4359.199635,0.348257,0.013237,0.109024,-0.930944,-0.010502,0.009020,0.000000,39.226908,-8.170129,4168.199635,1.379423,0.822788,161.474661,12.946751,988625.954466,0.321891,54.096978,0.059086,-0.000000,-0.000000,-8735.291236,6.687330
18.934481,170.792426,-618.948014,4361.044166,0.348252,0.013265,0.109100,-0.930936,-0.010535,0.009055,0.000000,39.226905,-8.170127,4170.044166,1.381707,0.827070,161.325141,12.939994,987569.074828,0.334051,53.987501,0.068269,-0.000000,0.000000,-8709.541171,6.686947
18.946186,170.905460,-619.340223,4362.886926,0.348247,0.013293,0.109176,-0.930929,-0.010583,0.009083,0.000000,39.226901,-8.170126,4171.886926,1.383988,0.831348,161.175700,12.933255,986513.089538,0.347632,53.878215,0.084183,-0.000000,0.000000,-8683.859039,6.686565
18.969596,171.131459,-620.124350,4366.567142,0.348237,0.013348,0.109329,-0.930914,-0.010727,0.009122,0.000000,39.226894,-8.170123,4175.567142,1.388545,0.839892,160.877060,12.919835,984403.804822,0.377248,53.660218,0.122567,-0.000000,0.000000,-8632.698079,6.685803
18.993006,171.357366,-620.908090,4370.240289,0.348227,0.013403,0.109484,-0.930898,-0.010927,0.009135,0.000000,39.226887,-8.170121,4179.240289,1.393093,0.848419,160.578740,12.906500,982298.093103,0.407627,53.442984,0.160533,-0.000000,0.000000,-8581.807032,6.685043
19.016415,171.583179,-621.691444,4373.906375,0.348217,0.013458,0.109642,-0.930883,-0.011176,0.009126,0.000000,39.226880,-8.170118,4182.906375,1.397632,0.856931,160.280739,12.893257,980195.944590,0.436066,53.226511,0.193871,-0.000000,-0.000000,-8531.184514,6.684285
19.081596,172.211425,-623.870536,4384.076865,0.348189,0.013602,0.110097,-0.930837,-0.012052,0.008998,0.000000,39.226861,-8.170111,4193.076865,1.410225,0.880542,159.452675,12.856896,974361.526401,0.490718,52.627760,0.251535,-0.000000,0.000000,-8391.637099,6.682188
19.135635,172.731713,-625.674860,4392.467384,0.348167,0.013709,0.110493,-0.930797,-0.012865,0.008811,0.000000,39.226844,-8.170105,4201.467384,1.420614,0.900022,158.768023,12.827350,969545.201432,0.495892,52.135774,0.253071,-0.000000,0.000000,-8277.493702,6.680463
19.189674,173.251493,-627.477146,4400.820504,0.348146,0.013804,0.110907,-0.930754,-0.013616,0.008602,0.000000,39.226828,-8.170099,4209.820504,1.430956,0.919414,158.085042,12.798325,964747.514778,0.462865,51.647748,0.214560,-0.000000,0.000000,-8164.736331,6.678750
19.243712,173.770768,-629.277411,4409.136310,0.348126,0.013888,0.111337,-0.930709,-0.014196,0.008417,0.000000,39.226812,-8.170093,4218.136310,1.441252,0.938720,157.403720,12.769750,959968.335364,0.401422,51.163647,0.145805,-0.000000,0.000000,-8053.348377,6.677049
19.297751,174.289551,-631.075670,4417.414877,0.348106,0.013963,0.111777,-0.930663,-0.014535,0.008295,0.000000,39.226796,-8.170087,4226.414877,1.451503,0.957940,156.723848,12.748164,955206.325984,0.329668,50.795931,0.061272,-0.000000,-0.000000,-7960.933771,6.675360
19.351789,174.807857,-632.871940,4425.656280,0.348087,0.014034,0.112222,-0.930615,-0.014611,0.008262,0.000000,39.226780,-8.170081,4234.656280,1.461707,0.977073,156.045455,12.721220,950461.607218,0.270609,50.337476,0.024611,-0.000000,0.000000,-7854.934354,6.673682
19.405828,175.325701,-634.666238,4433.860594,0.348067,0.014105,0.112666,-0.930568,-0.014449,0.008325,-0.000000,39.226764,-8.170075,4242.860594,1.471865,0.996120,155.368627,12.693256,945734.640581,0.242680,49.863451,0.094800,0.000000,0.000000,-7747.215924,6.672016
19.459866,175.843099,-636.458580,4442.027895,0.348047,0.014181,0.113105,-0.930521,-0.014110,0.008476,-0.000000,39.226748,-8.170069,4251.027895,1.481978,1.015081,154.693406,12.665338,941025.628969,0.243759,49.393224,0.140958,0.000000,0.000000,-7640.806100,6.670362
19.524040,176.456969,-638.584543,4451.678964,0.348022,0.014283,0.113615,-0.930467,-0.013603,0.008735,-0.000000,39.226728,-8.170062,4260.678964,1.493927,1.037487,153.893640,12.632190,935456.727022,0.257852,48.839709,0.157756,0.000000,0.000000,-7516.120596,6.668413
19.588213,177.070240,-640.707786,4461.278086,0.347996,0.014398,0.114114,-0.930414,-0.013123,0.009032,-0.000000,39.226709,-8.170055,4270.278086,1.505813,1.059772,153.096129,12.599053,929912.913706,0.269844,48.291465,0.134905,0.000000,-0.000000,-7393.236415,6.666480
19.652386,177.682917,-642.828322,4470.825395,0.347968,0.014527,0.114604,-0.930362,-0.012799,0.009316,-0.000000,39.226690,-8.170048,4279.825395,1.517634,1.081937,152.300851,12.565997,924393.964586,0.284668,47.748438,0.084694,0.000000,0.000000,-7272.127667,6.664563
19.716559,178.294995,-644.946161,4480.321023,0.347939,0.014665,0.115090,-0.930310,-0.012715,0.009538,-0.000000,39.226671,-8.170040,4289.321023,1.529391,1.103982,151.507616,12.537840,918898.644740,0.313079,47.290332,0.044655,0.000000,-0.000000,-7164.845502,6.662661
19.780733,178.906466,-647.061310,4489.765094,0.347910,0.014809,0.115579,-0.930259,-0.012896,0.009673,-0.000000,39.226652,-8.170033,4298.765094,1.541084,1.125908,150.716380,12.507729,913426.591384,0.353490,46.798725,0.081934,0.000000,0.000000,-7053.334391,6.660775
19.844906,179.517319,-649.173774,4499.157734,0.347880,0.014953,0.116078,-0.930205,-0.013305,0.009713,-0.000000,39.226633,-8.170026,4308.157734,1.552714,1.147713,149.927227,12.475527,907978.234316,0.392036,46.269375,0.129717,0.000000,-0.000000,-6937.039130,6.658905
19.909079,180.127545,-651.283564,4508.499070,0.347850,0.015091,0.116591,-0.930150,-0.013863,0.009674,-0.000000,39.226614,-8.170019,4317.499070,1.564280,1.169400,149.140211,12.443829,902553.805664,0.414364,45.745036,0.154979,0.000000,0.000000,-6822.424255,6.657050
19.973252,180.737141,-653.390694,4517.789232,0.347821,0.015221,0.117120,-0.930092,-0.014465,0.009586,0.000000,39.226595,-8.170012,4326.789232,1.575783,1.190968,148.355341,12.412657,897153.269199,0.413134,45.225672,0.151797,-0.000000,-0.000000,-6709.469915,6.655210
20.037425,181.346109,-655.495183,4527.028346,0.347792,0.015341,0.117666,-0.930032,-0.015009,0.009487,0.000000,39.226577,-8.170005,4336.028346,1.587222,1.212418,147.572604,12.381981,891776.455516,0.389629,44.711236,0.122864,-0.000000,0.000000,-6598.153472,6.653386
20.101599,181.954457,-657.597050,4536.216535,0.347764,0.015454,0.118225,-0.929970,-0.015413,0.009415,0.000000,39.226558,-8.169998,4345.216535,1.598599,1.233749,146.791828,12.356084,886422.227076,0.352398,44.275542,0.076453,-0.000000,-0.000000,-6499.287718,6.651577
20.180955,182.705902,-660.192624,4547.508403,0.347729,0.015586,0.118929,-0.929891,-0.015654,0.009403,0.000000,39.226534,-8.169989,4356.508403,1.612580,1.259964,145.828995,12.321418,879832.078018,0.306043,43.690785,0.014661,-0.000000,0.000000,-6371.383294,6.649359
20.260312,183.456448,-662.784262,4558.722790,0.347694,0.015718,0.119637,-0.929811,-0.015609,0.009503,-0.000000,39.226511,-8.169981,4367.722790,1.626465,1.285999,144.869225,12.284712,873276.556776,0.278522,43.072722,0.047594,0.000000,-0.000000,-6239.911812,6.647165
20.339669,184.206125,-665.372004,4569.859915,0.347659,0.015857,0.120343,-0.929731,-0.015378,0.009701,-0.000000,39.226488,-8.169972,4378.859915,1.640255,1.311855,143.912588,12.248217,866755.937658,0.273969,42.461879,0.076228,0.000000,0.000000,-6110.798926,6.644993
20.419025,184.954957,-667.955883,4580.920000,0.347621,0.016009,0.121041,-0.929652,-0.015108,0.009957,-0.000000,39.226465,-8.169963,4389.920000,1.653949,1.337532,142.958919,12.216183,860269.065915,0.283058,41.931310,0.074100,0.000000,0.000000,-5994.454748,6.642842
20.498382,185.702954,-670.535927,4591.903260,0.347582,0.016174,0.121734,-0.929573,-0.014939,0.010215,0.000000,39.226441,-8.169955,4400.903260,1.667548,1.363031,142.008119,12.182003,853815.194061,0.300523,41.367850,0.051070,-0.000000,-0.000000,-5874.570610,6.640713
20.577739,186.450117,-673.112155,4602.809909,0.347542,0.016349,0.122427,-0.929494,-0.014962,0.010428,0.000000,39.226418,-8.169946,4411.809909,1.681052,1.388352,141.060256,12.146074,847394.587430,0.325583,40.776373,0.042253,-0.000000,0.000000,-5751.925564,6.638606
20.657095,187.196440,-675.684587,4613.640164,0.347500,0.016529,0.123127,-0.929414,-0.015199,0.010570,0.000000,39.226395,-8.169937,4422.640164,1.694462,1.413495,140.115413,12.110579,841007.581484,0.353325,40.191799,0.068981,-0.000000,-0.000000,-5631.490492,6.636520
20.736452,187.941916,-678.253245,4624.394248,0.347459,0.016709,0.123840,-0.929331,-0.015609,0.010639,0.000000,39.226372,-8.169929,4433.394248,1.707777,1.438462,139.173602,12.075615,834654.101177,0.374472,39.614071,0.093871,-0.000000,0.000000,-5513.232903,6.634456
20.834350,188.860404,-681.416912,4637.556418,0.347407,0.016923,0.124744,-0.929226,-0.016228,0.010656,0.000000,39.226344,-8.169918,4446.556418,1.724074,1.469019,138.015541,12.039146,826859.858845,0.381854,39.010765,0.101073,-0.000000,0.000000,-5384.091853,6.631938
20.912121,189.589128,-683.926082,4647.930254,0.347366,0.017086,0.125482,-0.929139,-0.016697,0.010651,0.000000,39.226321,-8.169909,4456.930254,1.736918,1.493103,137.098608,12.006023,820702.575358,0.371231,38.457541,0.086399,-0.000000,0.000000,-5272.475406,6.629960
20.989891,190.317049,-686.431709,4658.231568,0.347325,0.017244,0.126236,-0.929049,-0.017072,0.010663,0.000000,39.226299,-8.169901,4467.231568,1.749673,1.517018,136.184441,11.973387,814576.143898,0.351534,37.910630,0.060138,-0.000000,0.000000,-5162.838028,6.628002
21.067661,191.044180,-688.933827,4668.460547,0.347284,0.017398,0.127002,-0.928957,-0.017315,0.010716,0.000000,39.226276,-8.169893,4477.460547,1.762338,1.540766,135.272994,11.942702,808480.146617,0.330642,37.396213,0.033430,-0.000000,0.000000,-5058.697736,6.626063
21.145431,191.770539,-691.432464,4678.617376,0.347242,0.017552,0.127775,-0.928864,-0.017425,0.010821,0.000000,39.226254,-8.169884,4487.617376,1.774914,1.564346,134.364104,11.914814,802413.473837,0.315398,36.930039,0.026445,-0.000000,-0.000000,-4962.071659,6.624143
21.239432,192.647480,-694.447954,4690.797840,0.347191,0.017743,0.128715,-0.928750,-0.017434,0.011012,0.000000,39.226227,-8.169874,4499.797840,1.789995,1.592624,133.269064,11.876521,795120.369913,0.308566,36.290333,0.039026,-0.000000,-0.000000,-4836.378756,6.621848
21.333432,193.523343,-697.458455,4702.873490,0.347138,0.017944,0.129658,-0.928635,-0.017393,0.011251,0.000000,39.226200,-8.169864,4511.873490,1.804947,1.620659,132.177941,11.838578,787870.760647,0.313254,35.659456,0.043196,-0.000000,0.000000,-4713.393452,6.619581
21.427433,194.398145,-700.464009,4714.844638,0.347083,0.018156,0.130603,-0.928518,-0.017402,0.011502,0.000000,39.226173,-8.169854,4523.844638,1.819769,1.648451,131.090471,11.806249,780662.836221,0.326511,35.127006,0.041041,-0.000000,0.000000,-4604.815792,6.617341
21.521433,195.271895,-703.464656,4726.711601,0.347027,0.018378,0.131555,-0.928401,-0.017536,0.011731,0.000000,39.226146,-8.169844,4535.711601,1.834462,1.676001,130.006731,11.768986,773496.828423,0.345354,34.511681,0.049026,-0.000000,0.000000,-4486.750834,6.615128
21.624922,196.232628,-706.762561,4739.656319,0.346963,0.018629,0.132617,-0.928268,-0.017870,0.011928,0.000000,39.226116,-8.169832,4548.656319,1.850490,1.706054,128.817978,11.728548,765656.081348,0.367362,33.844067,0.069959,-0.000000,-0.000000,-4359.724234,6.612723
21.728411,197.192087,-710.054610,4752.475547,0.346898,0.018881,0.133702,-0.928132,-0.018373,0.012059,0.000000,39.226086,-8.169821,4561.475547,1.866362,1.735815,127.633582,11.693782,757864.589496,0.382447,33.271380,0.085499,-0.000000,-0.000000,-4246.545386,6.610349
21.831900,198.150271,-713.340853,4765.169691,0.346832,0.019128,0.134814,-0.927991,-0.018949,0.012144,0.000000,39.226057,-8.169810,4574.169691,1.882080,1.765285,126.453564,11.654732,750122.185720,0.383985,32.622104,0.084699,-0.000000,-0.000000,-4125.181383,6.608007
21.935389,199.107191,-716.621345,4777.739149,0.346766,0.019368,0.135955,-0.927844,-0.019475,0.012228,0.000000,39.226027,-8.169799,4586.739149,1.897643,1.794466,125.278034,11.616437,742429.207557,0.373015,31.982734,0.068906,-0.000000,0.000000,-4006.733990,6.605696
22.038878,200.062869,-719.896150,4790.184314,0.346699,0.019605,0.137121,-0.927693,-0.019864,0.012352,0.000000,39.225998,-8.169788,4599.184314,1.913052,1.823359,124.106788,11.583462,734784.158057,0.357562,31.433028,0.049373,-0.000000,0.000000,-3901.052124,6.603416
22.165102,201.226854,-723.882764,4805.195751,0.346615,0.019896,0.138567,-0.927503,-0.020141,0.012586,0.000000,39.225962,-8.169775,4614.195751,1.931639,1.858210,122.684073,11.538159,725524.281004,0.344925,30.676039,0.039975,-0.000000,0.000000,-3763.461445,6.600676
22.262551,202.124300,-726.954937,4816.659510,0.346549,0.020128,0.139695,-0.927353,-0.020259,0.012824,0.000000,39.225935,-8.169764,4625.659510,1.945833,1.884824,121.590013,11.505340,718423.265467,0.344835,30.130668,0.042862,-0.000000,0.000000,-3663.588328,6.598591
22.360001,203.020724,-730.022241,4828.014124,0.346480,0.020370,0.140832,-0.927202,-0.020383,0.013085,0.000000,39.225907,-8.169754,4637.014124,1.959892,1.911185,120.499618,11.473829,711363.160146,0.352376,29.609796,0.047477,-0.000000,-0.000000,-3567.969069,6.596533
22.457450,203.916138,-733.084720,4839.259899,0.346410,0.020621,0.141979,-0.927047,-0.020585,0.013340,0.000000,39.225880,-8.169743,4648.259899,1.973816,1.937293,119.412930,11.439971,704343.982343,0.364993,29.049942,0.055395,-0.000000,-0.000000,-3468.938713,6.594501
22.554900,204.810548,-736.142408,4850.397133,0.346337,0.020880,0.143142,-0.926890,-0.020897,0.013570,0.000000,39.225852,-8.169733,4659.397133,1.987605,1.963149,118.329819,11.410771,697364.728447,0.379222,28.570439,0.066847,-0.000000,0.000000,-3380.734817,6.592494
22.652350,205.703955,-739.195346,4861.426126,0.346263,0.021141,0.144325,-0.926728,-0.021312,0.013769,0.000000,39.225825,-8.169723,4670.426126,2.001261,1.988754,117.250318,11.377795,690425.377542,0.391295,28.025173,0.077370,-0.000000,0.000000,-3285.960436,6.590513
22.761369,206.702252,-742.605172,4873.636655,0.346178,0.021435,0.145676,-0.926542,-0.021848,0.013965,0.000000,39.225794,-8.169711,4682.636655,2.016380,2.017102,116.047022,11.341546,682709.688760,0.399436,27.424549,0.083580,-0.000000,-0.000000,-3182.537213,6.588327
22.870389,207.699310,-746.009163,4885.712497,0.346092,0.021728,0.147058,-0.926349,-0.022402,0.014150,0.000000,39.225763,-8.169699,4694.712497,2.031332,2.045137,114.848150,11.309913,675042.780645,0.401055,26.901554,0.082511,-0.000000,0.000000,-3089.593661,6.586171
22.979408,208.695146,-749.407379,4897.654058,0.346004,0.022020,0.148471,-0.926149,-0.022927,0.014343,0.000000,39.225733,-8.169688,4706.654058,2.046117,2.072860,113.653751,11.275161,667424.631215,0.397817,26.323261,0.076253,-0.000000,-0.000000,-2991.737314,6.584047
23.088428,209.689778,-752.799885,4909.461728,0.345915,0.022313,0.149912,-0.925943,-0.023393,0.014560,0.000000,39.225702,-8.169676,4718.461728,2.060737,2.100273,112.463668,11.244245,659854.019427,0.392907,25.810401,0.068916,-0.000000,0.000000,-2902.732313,6.581954
23.197447,210.683229,-756.186742,4921.135893,0.345823,0.022610,0.151380,-0.925732,-0.023796,0.014810,0.000000,39.225672,-8.169665,4730.135893,2.075191,2.127376,111.277993,11.210285,652331.179190,0.389519,25.244971,0.064298,-0.000000,0.000000,-2809.209682,6.579890
23.306467,211.675523,-759.568012,4932.676931,0.345729,0.022912,0.152872,-0.925514,-0.024154,0.015091,0.000000,39.225642,-8.169653,4741.676931,2.089481,2.154169,110.096573,11.180415,644854.911840,0.389728,24.750929,0.063848,-0.000000,0.000000,-2724.992509,6.577857
23.415486,212.666679,-762.943754,4944.085219,0.345632,0.023222,0.154386,-0.925291,-0.024502,0.015398,0.000000,39.225611,-8.169642,4753.085219,2.103606,2.180655,108.919500,11.147343,637425.464828,0.394156,24.202452,0.066952,-0.000000,-0.000000,-2636.118920,6.575853
23.542571,213.820662,-766.871973,4957.216839,0.345515,0.023595,0.156182,-0.925024,-0.024941,0.015770,0.000000,39.225576,-8.169628,4766.216839,2.119866,2.211141,107.552705,11.112804,628822.692234,0.403705,23.633654,0.073781,-0.000000,0.000000,-2541.863450,6.573553
23.669655,214.973143,-770.792845,4970.169147,0.345394,0.023979,0.158014,-0.924749,-0.025455,0.016141,0.000000,39.225541,-8.169615,4779.169147,2.135903,2.241211,106.191768,11.075427,620282.408715,0.415962,23.016169,0.082889,-0.000000,-0.000000,-2444.127643,6.571294
23.796740,216.124141,-774.706457,4982.942722,0.345269,0.024373,0.159885,-0.924463,-0.026061,0.016501,0.000000,39.225506,-8.169602,4791.942722,2.151718,2.270866,104.836526,11.041987,611803.219660,0.428275,22.466730,0.092145,-0.000000,0.000000,-2355.333935,6.569072
23.923825,217.273667,-778.612888,4995.538113,0.345139,0.024773,0.161801,-0.924167,-0.026746,0.016847,0.000000,39.225471,-8.169588,4804.538113,2.167314,2.300107,103.486889,11.008506,603384.156338,0.438273,21.915636,0.099036,-0.000000,-0.000000,-2267.981015,6.566890
24.105934,218.918385,-784.198375,5013.277523,0.344948,0.025355,0.164632,-0.923723,-0.027801,0.017336,0.000000,39.225420,-8.169569,4822.277523,2.189278,2.341291,101.562842,10.959242,591424.826112,0.446923,21.101273,0.102900,-0.000000,-0.000000,-2143.105230,6.563828
24.251484,220.230807,-788.652232,5027.194426,0.344789,0.025825,0.166968,-0.923350,-0.028656,0.017740,0.000000,39.225380,-8.169554,4836.194426,2.206509,2.373600,100.033397,10.922312,581954.050352,0.449290,20.491101,0.101366,-0.000000,0.000000,-2049.794445,6.561435
24.397034,221.541362,-793.097069,5040.880122,0.344625,0.026297,0.169374,-0.922960,-0.029584,0.018080,0.000000,39.225340,-8.169539,4849.880122,2.202236,2.408107,98.511215,10.886417,572607.813118,0.471779,19.904692,0.112449,-0.000000,0.000000,-1960.835369,6.559096
24.416556,221.717005,-793.692571,5042.698225,0.344602,0.026360,0.169702,-0.922906,-0.029728,0.018106,0.000000,39.225335,-8.169537,4851.698225,2.197970,2.413167,98.307596,10.881208,571368.256472,0.481781,19.820627,0.125044,-0.000000,0.000000,-1948.518157,6.558787
24.436079,221.892613,-794.287914,5044.512185,0.344580,0.026423,0.170032,-0.922852,-0.029889,0.018118,0.000000,39.225330,-8.169535,4853.512185,2.193712,2.418217,98.104113,10.876017,570130.027234,0.492420,19.736818,0.139006,-0.000000,-0.000000,-1936.263072,6.558479
24.455601,222.068186,-794.883097,5046.322003,0.344558,0.026485,0.170363,-0.922797,-0.030065,0.018114,0.000000,39.225324,-8.169533,4855.322003,2.189465,2.423254,97.900766,10.870846,568893.127197,0.503448,19.653267,0.153482,-0.000000,0.000000,-1924.069902,6.558171
24.494493,222.417853,-796.068325,5049.915124,0.344513,0.026607,0.171027,-0.922687,-0.030462,0.018068,0.000000,39.225314,-8.169529,4858.915124,2.181032,2.433256,97.496068,10.860606,566432.976205,0.525553,19.487582,0.181509,-0.000000,0.000000,-1899.962670,6.557561
24.533385,222.767377,-797.252924,5053.491831,0.344469,0.026724,0.171699,-0.922576,-0.030911,0.017974,0.000000,39.225303,-8.169525,4862.491831,2.172638,2.443211,97.091909,10.850451,563978.085227,0.546583,19.322910,0.206407,-0.000000,0.000000,-1876.098262,6.556954
24.572277,223.116756,-798.436895,5057.052137,0.344426,0.026837,0.172378,-0.922462,-0.031403,0.017842,0.000000,39.225292,-8.169521,4866.052137,2.164282,2.453121,96.688214,10.843094,561528.015940,0.565199,19.206759,0.226683,-0.000000,-0.000000,-1857.067219,6.556350
24.643037,223.752049,-800.589434,5063.487805,0.344348,0.027026,0.173634,-0.922250,-0.032383,0.017532,0.000000,39.225273,-8.169513,4872.487805,2.149178,2.471035,95.955096,10.824961,557083.692208,0.590095,18.910769,0.249717,-0.000000,-0.000000,-1814.584660,6.555261
24.713798,224.386851,-802.739916,5069.869311,0.344272,0.027192,0.174918,-0.922031,-0.033416,0.017185,0.000000,39.225254,-8.169506,4878.869311,2.134202,2.488798,95.223731,10.807132,552656.472298,0.600789,18.618073,0.253722,-0.000000,0.000000,-1772.882392,6.554182
24.784559,225.021160,-804.888354,5076.196743,0.344199,0.027335,0.176232,-0.921804,-0.034437,0.016864,0.000000,39.225235,-8.169499,4885.196743,2.119352,2.506410,94.494024,10.792182,548245.729942,0.597180,18.373975,0.240087,-0.000000,0.000000,-1736.230859,6.553115
24.855319,225.654981,-807.034761,5082.470184,0.344128,0.027456,0.177574,-0.921569,-0.035393,0.016623,0.000000,39.225215,-8.169491,4891.470184,2.104628,2.523872,93.766025,10.774896,543851.702029,0.582198,18.087027,0.212958,-0.000000,0.000000,-1695.948589,6.552058
24.937205,226.387851,-809.516096,5089.662604,0.344048,0.027575,0.179161,-0.921288,-0.036359,0.016496,0.000000,39.225193,-8.169483,4898.662604,2.087748,2.543893,92.925661,10.757709,538787.372489,0.556867,17.802799,0.173039,-0.000000,-0.000000,-1654.336853,6.550848
25.019090,227.120103,-811.994750,5096.782950,0.343968,0.027679,0.180780,-0.920999,-0.037138,0.016571,0.000000,39.225171,-8.169474,4905.782950,2.071038,2.563712,92.087583,10.738299,533745.233370,0.530924,17.478179,0.137125,-0.000000,0.000000,-1609.523287,6.549652
25.100975,227.851766,-814.470746,5103.831341,0.343886,0.027781,0.182428,-0.920701,-0.037721,0.016855,0.000000,39.225148,-8.169466,4912.831341,2.054496,2.583331,91.251855,10.719766,528725.550039,0.511220,17.168651,0.120608,-0.000000,-0.000000,-1566.671225,6.548471
25.182860,228.582868,-816.944107,5110.807900,0.343801,0.027890,0.184098,-0.920397,-0.038127,0.017328,0.000000,39.225126,-8.169457,4919.807900,2.038122,2.602750,90.418445,10.702569,523728.067969,0.500551,16.883129,0.126804,-0.000000,0.000000,-1526.546248,6.547304
25.264746,229.313435,-819.414856,5117.712747,0.343712,0.028015,0.185788,-0.920087,-0.038398,0.017953,0.000000,39.225104,-8.169449,4926.712747,2.021917,2.621970,89.587350,10.684316,518752.686694,0.497780,16.579932,0.142188,-0.000000,0.000000,-1485.352134,6.546150
25.346631,230.043486,-821.883014,5124.546002,0.343616,0.028163,0.187496,-0.919772,-0.038585,0.018677,0.000000,39.225082,-8.169440,4933.546002,2.005880,2.640990,88.758541,10.667389,513799.163200,0.499960,16.301673,0.154091,-0.000000,0.000000,-1446.912668,6.545011
25.428516,230.773033,-824.348600,5131.307781,0.343514,0.028337,0.189220,-0.919452,-0.038747,0.019446,0.000000,39.225060,-8.169432,4940.307781,1.990011,2.659812,87.932063,10.648848,508867.685411,0.504608,15.996389,0.157632,-0.000000,-0.000000,-1406.595470,6.543886
25.510401,231.502083,-826.811636,5137.998201,0.343405,0.028537,0.190960,-0.919126,-0.038937,0.020206,0.000000,39.225038,-8.169423,4946.998201,1.974309,2.678434,87.107883,10.632614,503957.992550,0.510832,15.733642,0.153515,-0.000000,-0.000000,-1370.524272,6.542774
25.651484,232.757026,-831.049370,5149.358329,0.343201,0.028938,0.194003,-0.918552,-0.039461,0.021377,0.000000,39.225000,-8.169409,4958.358329,1.947648,2.710055,85.693388,10.602131,495550.493687,0.527144,15.239336,0.141970,-0.000000,0.000000,-1305.910293,6.540891
25.768582,233.797471,-834.561000,5158.626907,0.343020,0.029309,0.196580,-0.918060,-0.040181,0.022123,0.000000,39.224968,-8.169397,4967.626907,1.925896,2.735854,84.524651,10.577589,488621.606984,0.548474,14.844210,0.146168,-0.000000,-0.000000,-1254.701696,6.539358
25.885679,234.836849,-838.067577,5167.750536,0.342831,0.029698,0.199214,-0.917550,-0.041189,0.022640,0.000000,39.224936,-8.169385,4976.750536,1.904483,2.761250,83.360682,10.554302,481737.029229,0.575272,14.471587,0.166509,-0.000000,0.000000,-1206.361376,6.537853
26.002776,235.875127,-841.569152,5176.729540,0.342636,0.030085,0.201916,-0.917020,-0.042448,0.022967,0.000000,39.224905,-8.169373,4985.729540,1.883410,2.786243,82.201479,10.531412,474896.521456,0.602036,14.104984,0.190670,-0.000000,0.000000,-1159.450510,6.536375
26.119873,236.912282,-845.065777,5185.564236,0.342437,0.030459,0.204695,-0.916465,-0.043885,0.023178,0.000000,39.224874,-8.169361,4994.564236,1.862676,2.810834,81.047186,10.507112,468100.685665,0.623158,13.711122,0.207692,-0.000000,0.000000,-1111.247878,6.534923
26.236970,237.948302,-848.557506,5194.254936,0.342237,0.030813,0.207556,-0.915885,-0.045407,0.023366,0.000000,39.224842,-8.169349,5003.254936,1.842280,2.835025,79.897848,10.485173,461349.539859,0.635944,13.357464,0.213886,-0.000000,0.000000,-1067.232673,6.533499
26.354068,238.983196,-852.044394,5202.801951,0.342033,0.031146,0.210502,-0.915277,-0.046929,0.023615,0.000000,39.224811,-8.169337,5011.801951,1.822221,2.858815,78.753458,10.463675,454642.816458,0.641199,13.009724,0.211299,-0.000000,0.000000,-1024.560738,6.532101
26.471165,240.016982,-855.526494,5211.205579,0.341825,0.031466,0.213532,-0.914642,-0.048388,0.023989,0.000000,39.224780,-8.169325,5020.205579,1.802498,2.882207,77.614034,10.442587,447980.407334,0.642030,12.667858,0.204966,-0.000000,-0.000000,-983.203575,6.530729
26.588262,241.049692,-859.003859,5219.466111,0.341611,0.031781,0.216645,-0.913979,-0.049752,0.024520,0.000000,39.224748,-8.169313,5028.466111,1.783112,2.905200,76.479737,10.420240,441363.014775,0.642063,12.302226,0.200045,-0.000000,0.000000,-940.871033,6.529384
26.705359,242.081356,-862.476543,5227.583833,0.341388,0.032102,0.219837,-0.913288,-0.051019,0.025213,0.000000,39.224717,-8.169301,5036.583833,1.764060,2.927796,75.350636,10.399904,434790.833101,0.644033,11.972951,0.199422,-0.000000,0.000000,-902.169483,6.528064
26.822456,243.112010,-865.944600,5235.559030,0.341153,0.032440,0.223109,-0.912570,-0.052210,0.026049,0.000000,39.224686,-8.169289,5044.559030,1.745343,2.949994,74.226753,10.379859,428263.792927,0.649282,11.649465,0.203061,-0.000000,0.000000,-864.701925,6.526771
26.939554,244.141680,-869.408083,5243.391981,0.340905,0.032802,0.226457,-0.911825,-0.053367,0.026992,0.000000,39.224655,-8.169277,5052.391981,1.726960,2.971797,73.108133,10.360076,421781.964932,0.658047,11.331730,0.209397,-0.000000,-0.000000,-828.441651,6.525502
27.056651,245.170388,-872.867043,5251.082961,0.340642,0.033192,0.229885,-0.911051,-0.054535,0.027998,0.000000,39.224624,-8.169265,5060.082961,1.708910,2.993205,71.994947,10.339114,415346.148716,0.670054,10.993451,0.217149,-0.000000,0.000000,-791.472891,6.524259
27.173748,246.198148,-876.321529,5258.632236,0.340363,0.033613,0.233393,-0.910248,-0.055760,0.029027,0.000000,39.224593,-8.169253,5067.632236,1.691192,3.014219,70.887286,10.319974,408956.675563,0.684939,10.689826,0.226043,-0.000000,0.000000,-757.772788,6.523041
27.290845,247.224967,-879.771592,5266.040078,0.340068,0.034063,0.236986,-0.909412,-0.057082,0.030046,0.000000,39.224562,-8.169241,5075.040078,1.673807,3.034838,69.785213,10.300886,402613.731582,0.702342,10.388209,0.236449,-0.000000,0.000000,-724.943386,6.521849
27.457091,248.681150,-884.662224,5276.314738,0.339622,0.034745,0.242244,-0.908167,-0.059173,0.031433,0.000000,39.224518,-8.169224,5085.314738,1.649693,3.063438,68.230398,10.273946,393689.376561,0.730510,9.964101,0.254338,-0.000000,-0.000000,-679.854562,6.520198
27.623336,250.135431,-889.544175,5286.305590,0.339144,0.035465,0.247700,-0.906845,-0.061543,0.032735,0.000000,39.224474,-8.169207,5095.305590,1.626246,3.091247,66.687415,10.247859,384861.202384,0.761013,9.556386,0.274881,-0.000000,-0.000000,-637.290690,6.518596
27.789582,251.587798,-894.417575,5296.013350,0.338636,0.036208,0.253373,-0.905437,-0.064181,0.033976,0.000000,39.224430,-8.169191,5105.013350,1.603462,3.118269,65.156622,10.222863,376130.752905,0.791649,9.168868,0.295637,-0.000000,0.000000,-597.412469,6.517044
27.955828,253.038249,-899.282552,5305.438712,0.338099,0.036965,0.259278,-0.903934,-0.067041,0.035212,0.000000,39.224387,-8.169174,5114.438712,1.581342,3.144504,63.638501,10.197757,367500.283945,0.820795,8.778404,0.314611,-0.000000,-0.000000,-558.644478,6.515540
28.122073,254.486791,-904.139233,5314.582356,0.337529,0.037733,0.265430,-0.902329,-0.070068,0.036511,0.000000,39.224343,-8.169157,5123.582356,1.559883,3.169956,62.133578,10.173580,358972.307135,0.848052,8.404571,0.331399,-0.000000,0.000000,-522.206099,6.514084
28.288319,255.933451,-908.987745,5323.444946,0.336925,0.038513,0.271841,-0.900611,-0.073214,0.037930,0.000000,39.224299,-8.169140,5132.444946,1.539083,3.194624,60.642364,10.150554,350549.238410,0.874144,8.052132,0.346938,-0.000000,-0.000000,-488.300350,6.512676
28.454564,257.378263,-913.828212,5332.027126,0.336282,0.039314,0.278520,-0.898774,-0.076456,0.039508,0.000000,39.224256,-8.169123,5141.027126,1.518941,3.218513,59.165485,10.127422,342234.163687,0.900387,7.697503,0.362670,-0.000000,0.000000,-455.426474,6.511315
28.620810,258.821270,-918.660756,5340.329522,0.335594,0.040144,0.285477,-0.896810,-0.079792,0.041260,0.000000,39.224212,-8.169107,5149.329522,1.499456,3.241623,57.703635,10.105118,334030.545085,0.928064,7.359357,0.379775,-0.000000,0.000000,-424.661652,6.510002
28.787056,260.262516,-923.485497,5348.352749,0.334855,0.041016,0.292722,-0.894709,-0.083241,0.043183,0.000000,39.224169,-8.169090,5157.352749,1.480627,3.263955,56.257544,10.083549,325942.058342,0.958084,7.036701,0.398909,-0.000000,0.000000,-395.867535,6.508734
28.953301,261.702041,-928.302554,5356.097405,0.334058,0.041935,0.300267,-0.892461,-0.086833,0.045262,0.000000,39.224126,-8.169073,5165.097405,1.462451,3.285512,54.828067,10.061975,317973.058078,0.990923,6.715390,0.420302,-0.000000,-0.000000,-368.191838,6.507513
29.119547,263.139879,-933.112042,5363.564074,0.333199,0.042910,0.308124,-0.890054,-0.090606,0.047476,0.000000,39.224083,-8.169057,5172.564074,1.444927,3.306296,53.416082,10.041627,310128.018463,1.026716,6.420446,0.443949,-0.000000,-0.000000,-342.955058,6.506338
29.318736,264.860454,-938.864767,5372.145063,0.332079,0.044153,0.317971,-0.886943,-0.095416,0.050282,0.000000,39.224031,-8.169037,5181.145063,1.424788,3.330181,51.748740,10.017499,300898.864578,1.073341,6.074863,0.475074,-0.000000,0.000000,-314.366529,6.504990
29.517925,266.578679,-944.606969,5380.328744,0.330850,0.045481,0.328317,-0.883559,-0.100590,0.053235,0.000000,39.223979,-8.169017,5189.328744,1.405582,3.352960,50.109901,9.993874,291865.102409,1.123630,5.742444,0.508904,-0.000000,0.000000,-287.753282,6.503707
29.717114,268.294583,-950.338833,5388.116048,0.329505,0.046893,0.339193,-0.879872,-0.106165,0.056327,0.000000,39.223928,-8.168997,5197.116048,1.387306,3.374636,48.501830,9.970468,283038.424749,1.177007,5.417113,0.544958,-0.000000,0.000000,-262.739880,6.502487
29.916302,270.008192,-956.060554,5395.507899,0.328033,0.048385,0.350631,-0.875848,-0.112164,0.059565,0.000000,39.223877,-8.168977,5204.507899,1.369958,3.395211,46.927123,9.947120,274432.215133,1.232858,5.094922,0.582697,-0.000000,0.000000,-239.090047,6.501332
30.115491,271.719535,-961.772339,5402.505211,0.326422,0.049956,0.362663,-0.871451,-0.118595,0.062970,0.000000,39.223825,-8.168957,5211.505211,1.353536,3.414688,45.388616,9.924539,266060.996718,1.290637,4.790824,0.621630,-0.000000,0.000000,-217.448849,6.500240
30.385893,274.039145,-969.510649,5411.374423,0.323989,0.052214,0.380004,-0.864812,-0.128012,0.067901,0.000000,39.223756,-8.168930,5220.374423,1.332721,3.439376,43.363596,9.895072,255101.367120,1.371419,4.406586,0.675732,-0.000000,-0.000000,-191.085406,6.498858
30.656295,276.354743,-977.231565,5419.520357,0.321238,0.054622,0.398570,-0.857300,-0.138211,0.073246,-0.000000,39.223686,-8.168903,5228.520357,1.313603,3.462050,41.419817,9.866923,244647.994889,1.454152,4.054810,0.730621,0.000000,0.000000,-167.949487,6.497590
30.926697,278.666448,-984.935609,5426.945062,0.318120,0.057191,0.418426,-0.848792,-0.149178,0.079047,-0.000000,39.223617,-8.168877,5235.945062,1.296178,3.482717,39.567410,9.840045,234750.966239,1.538064,3.735030,0.785607,0.000000,0.000000,-147.785468,6.496437
31.197099,280.974389,-992.623298,5433.650483,0.314583,0.059935,0.439624,-0.839151,-0.160898,0.085317,0.000000,39.223548,-8.168850,5242.650483,1.280441,3.501381,37.818042,9.814412,225466.943751,1.621974,3.446822,0.839592,-0.000000,-0.000000,-130.352044,6.495395
31.467501,283.278702,-1000.295163,5439.638474,0.310566,0.062866,0.462202,-0.828230,-0.173347,0.092042,0.000000,39.223479,-8.168823,5248.638474,1.266388,3.518049,36.184977,9.790052,216859.091657,1.703864,3.189801,0.890696,-0.000000,0.000000,-115.422884,6.494465
31.737903,285.579526,-1007.951761,5444.910803,0.306004,0.065993,0.486176,-0.815866,-0.186470,0.099180,0.000000,39.223410,-8.168796,5253.910803,1.254014,3.532724,34.683021,9.767057,208996.291881,1.780653,2.963619,0.936085,-0.000000,-0.000000,-102.787261,6.493646
32.008305,287.877005,-1015.593688,5449.469141,0.300832,0.069318,0.511536,-0.801889,-0.200169,0.106662,0.000000,39.223342,-8.168770,5258.469141,1.243316,3.545412,33.328318,9.745609,201951.786428,1.848052,2.767955,0.971880,-0.000000,-0.000000,-92.251287,6.492937
32.278706,290.171293,-1023.221577,5453.315045,0.294980,0.072836,0.538231,-0.786122,-0.214275,0.114387,0.000000,39.223273,-8.168743,5262.315045,1.234290,3.556117,32.137975,9.725992,195801.164658,1.900393,2.602520,0.993030,-0.000000,0.000000,-83.639740,6.492336
32.549108,292.462550,-1030.836108,5456.449930,0.288383,0.076536,0.566166,-0.768397,-0.228543,0.122212,0.000000,39.223205,-8.168717,5265.449930,1.226933,3.564843,31.129429,9.708616,190619.464833,1.930383,2.467060,0.993145,-0.000000,-0.000000,-76.798159,6.491845
32.819510,294.750947,-1038.438008,5458.875050,0.280983,0.080398,0.595184,-0.748560,-0.242626,0.129938,0.000000,39.223137,-8.168690,5267.875050,1.221241,3.571594,30.319521,9.694021,186477.334073,1.928878,2.361350,0.964376,-0.000000,0.000000,-71.595002,6.491460
33.089912,297.036660,-1046.028045,5460.591452,0.272735,0.084391,0.625061,-0.726495,-0.256052,0.137304,0.000000,39.223068,-8.168664,5269.591452,1.217213,3.576371,29.723318,9.682867,183436.515403,1.884820,2.285202,0.897442,-0.000000,0.000000,-67.923777,6.491184
33.360314,299.319869,-1053.607004,5461.599936,0.263618,0.088472,0.655497,-0.702145,-0.268210,0.143978,0.000000,39.223000,-8.168637,5270.599936,1.214846,3.579178,29.352827,9.675879,181545.187310,1.785524,2.238457,0.782013,-0.000000,0.000000,-65.705031,6.491014
33.610618,301.431297,-1060.613443,5461.902952,0.254413,0.092283,0.683836,-0.677594,-0.277672,0.149187,0.000000,39.222937,-8.168613,5270.902952,1.214135,3.580022,29.217847,9.673717,180845.751520,1.632725,2.221282,0.622830,-0.000000,0.000000,-64.901083,6.490951
33.619048,301.502370,-1060.849253,5461.902608,0.254091,0.092411,0.684789,-0.676735,-0.277952,0.149342,0.000000,39.222935,-8.168612,5270.902608,1.214136,3.580021,29.216822,9.673722,180839.943897,1.626436,2.221139,0.616500,-0.000000,0.000000,-64.894636,6.490951
33.628035,301.578140,-1061.100640,5461.901094,0.253746,0.092548,0.685804,-0.675815,-0.278246,0.149504,0.000000,39.222933,-8.168611,5270.901094,1.214139,3.580016,29.215983,9.673736,180835.033017,1.619583,2.221019,0.609630,-0.000000,0.000000,-64.889242,6.490950
33.637022,301.653908,-1061.352017,5461.898799,0.253400,0.092685,0.686820,-0.674893,-0.278537,0.149665,0.000000,39.222931,-8.168610,5270.898799,1.214145,3.580010,29.215406,9.673755,180831.438299,1.612642,2.220930,0.602687,-0.000000,0.000000,-64.885371,6.490950
33.654995,301.805439,-1061.854749,5461.892646,0.252706,0.092958,0.688849,-0.673044,-0.279112,0.149983,0.000000,39.222926,-8.168608,5270.892646,1.214159,3.579993,29.215032,9.673806,180828.185545,1.598611,2.220849,0.588670,-0.000000,0.000000,-64.882182,6.490949
33.672969,301.956959,-1062.357440,5461.883368,0.252009,0.093231,0.690877,-0.671187,-0.279673,0.150293,0.000000,39.222922,-8.168607,5270.883368,1.214181,3.579967,29.215702,9.673879,180830.196726,1.584218,2.220897,0.574350,-0.000000,-0.000000,-64.885078,6.490950
33.690943,302.108471,-1062.860088,5461.870965,0.251308,0.093504,0.692904,-0.669320,-0.280221,0.150597,0.000000,39.222917,-8.168605,5270.870965,1.214210,3.579933,29.217417,9.673977,180837.470714,1.569459,2.221074,0.559724,-0.000000,0.000000,-64.894060,6.490950
33.824061,303.230302,-1066.581499,5461.681824,0.246014,0.095520,0.707849,-0.655215,-0.283828,0.152600,0.000000,39.222884,-8.168592,5270.681824,1.214654,3.579406,29.262583,9.675441,181054.947116,1.448476,2.226395,0.441698,-0.000000,-0.000000,-65.150057,6.490970
33.957179,304.351628,-1070.300668,5461.321244,0.240544,0.097516,0.722636,-0.640649,-0.286551,0.154129,0.000000,39.222850,-8.168579,5270.321244,1.215500,3.578402,29.364667,9.678201,181559.527953,1.306324,2.238773,0.306279,-0.000000,0.000000,-65.740821,6.491014
34.090297,305.472462,-1074.017643,5460.789175,0.234914,0.099485,0.737199,-0.625668,-0.288267,0.155117,0.000000,39.222817,-8.168566,5269.789175,1.216749,3.576921,29.523019,9.682218,182348.564496,1.142395,2.258202,0.153310,-0.000000,0.000000,-66.668942,6.491085
34.223415,306.592809,-1077.732451,5460.085546,0.229147,0.101418,0.751473,-0.610328,-0.288856,0.155499,0.000000,39.222784,-8.168553,5269.085546,1.218400,3.574963,29.736686,9.687399,183418.175225,0.956706,2.284675,0.018669,-0.000000,0.000000,-67.938678,6.491181
34.434333,308.366943,-1083.613925,5458.619197,0.219792,0.104383,0.773329,-0.585460,-0.287195,0.154713,0.000000,39.222731,-8.168532,5267.619197,1.221842,3.570881,30.185382,9.697613,185674.687957,0.620056,2.341030,0.319494,-0.000000,0.000000,-70.664892,6.491386
34.619048,309.919656,-1088.760193,5456.980718,0.211466,0.106857,0.791525,-0.563345,-0.282850,0.152475,0.000000,39.222684,-8.168514,5265.980718,1.225687,3.566321,30.684988,9.707932,188198.994068,0.288402,2.404881,0.610562,-0.000000,-0.000000,-73.793739,6.491618
34.643961,310.128338,-1089.451057,5456.734548,0.211466,0.106857,0.791525,-0.563345,-0.282850,0.152475,0.000000,39.222678,-8.168512,5265.734548,1.226265,3.565635,30.607442,6.689739,187739.177988,126.426276,-38.913447,0.000000,0.000000,0.000000,1191.041069,6.491574
34.668874,310.336354,-1090.139002,5456.485530,0.211466,0.106857,0.791525,-0.563345,-0.282850,0.152475,0.000000,39.222672,-8.168509,5265.485530,1.226849,3.564942,30.531203,6.658562,187286.272620,125.646559,-39.268895,0.000000,0.000000,0.000000,1198.926596,6.491532
34.718700,310.751061,-1091.509087,5455.981815,0.211466,0.106857,0.791525,-0.563345,-0.282850,0.152475,0.000000,39.222660,-8.168505,5264.981815,1.228031,3.563540,30.382021,6.597070,186397.640505,124.111132,-39.974330,0.000000,-0.000000,0.000000,1214.500921,6.491448
34.768526,311.163132,-1092.867637,5455.466775,0.211466,0.106857,0.791525,-0.563345,-0.282850,0.152475,0.000000,39.222648,-8.168500,5264.466775,1.229240,3.562107,30.237966,6.536906,185536.128611,122.613760,-40.671995,0.000000,0.000000,0.000000,1229.838380,6.491368
34.818352,311.572600,-1094.214791,5454.940478,0.211466,0.106857,0.791525,-0.563345,-0.282850,0.152475,0.000000,39.222635,-8.168495,5263.940478,1.230475,3.560642,30.098949,6.478021,184701.264984,121.153294,-41.362301,0.000000,0.000000,0.000000,1244.961807,6.491290
35.184133,314.501622,-1103.767400,5450.738120,0.211466,0.106857,0.791525,-0.563345,-0.282850,0.152475,0.000000,39.222550,-8.168461,5259.738120,1.240338,3.548944,29.224971,6.080743,179346.929599,111.463549,-46.240135,-0.000000,0.000000,0.000000,1351.366627,6.490800
35.549915,317.303251,-1112.761563,5445.957853,0.211466,0.106857,0.791525,-0.563345,-0.282850,0.152475,0.000000,39.222469,-8.168429,5254.957853,1.251557,3.535639,28.585702,5.734187,175232.668709,103.323226,-50.872667,0.000000,0.000000,0.000000,1454.230908,6.490431
35.915696,319.986916,-1121.237956,5440.623465,0.211466,0.106857,0.791525,-0.563345,-0.282850,0.152475,0.000000,39.222393,-8.168398,5249.623465,1.264076,3.520790,28.151298,5.426046,172204.189196,96.425460,-55.358209,-0.000000,0.000000,0.000000,1558.405432,6.490163
36.281478,322.560676,-1129.231229,5434.758125,0.211466,0.106857,0.791525,-0.563345,-0.282850,0.152475,0.000000,39.222321,-8.168368,5243.758125,1.277841,3.504464,27.893675,5.146892,170119.551249,90.522547,-59.766101,0.000000,-0.000000,0.000000,1667.096161,6.489978
36.841903,326.306506,-1140.607945,5424.793683,0.211466,0.106857,0.791525,-0.563345,-0.282850,0.152475,0.000000,39.222219,-8.168324,5233.793683,1.301227,3.476728,27.782028,4.759644,168458.644443,82.959128,-66.466831,-0.000000,0.000000,-0.000000,1846.583356,6.489826
37.402329,329.831375,-1151.008566,5413.717375,0.211466,0.106857,0.791525,-0.563345,-0.282850,0.152475,0.000000,39.222125,-8.168283,5222.717375,1.327222,3.445897,27.937688,4.406390,168281.507620,76.709630,-73.166942,0.000000,-0.000000,0.000000,2044.115213,6.489796
37.962755,333.152750,-1160.506808,5401.610376,0.211466,0.106857,0.791525,-0.563345,-0.282850,0.152475,0.000000,39.222040,-8.168245,5210.610376,1.355636,3.412198,28.285745,4.076476,169216.203504,71.369658,-79.871017,0.000000,0.000000,0.000000,2259.211263,6.489858
38.523180,336.285858,-1169.166384,5388.553857,0.211466,0.106857,0.791525,-0.563345,-0.282850,0.152475,0.000000,39.221962,-8.168209,5197.553857,1.386278,3.375855,28.763312,3.764044,170945.043913,66.650283,-86.535288,0.000000,-0.000000,0.000000,2489.041496,6.489984
39.083606,339.244150,-1177.043042,5374.628410,0.211466,0.106857,0.791525,-0.563345,-0.282850,0.152475,0.000000,39.221891,-8.168174,5183.628410,1.418960,3.337093,29.319788,3.466382,173206.327510,62.353179,-93.090834,-0.000000,0.000000,-0.000000,2729.403519,6.490156
39.933363,343.423646,-1187.605287,5352.032370,0.211466,0.106857,0.791525,-0.563345,-0.282850,0.152475,0.000000,39.221796,-8.168126,5161.032370,1.471991,3.274197,30.228806,3.041639,177195.082644,56.363428,-102.651511,0.000000,0.000000,-0.000000,3103.032637,6.490465
40.783120,347.269230,-1196.645726,5327.885291,0.211466,0.106857,0.791525,-0.563345,-0.282850,0.152475,0.000000,39.221715,-8.168081,5136.885291,1.528662,3.206984,31.134959,2.649960,181405.160108,50.797742,-111.541976,0.000000,-0.000000,0.000000,3472.854815,6.490796
41.632877,350.818211,-1204.315463,5302.433580,0.211466,0.106857,0.791525,-0.563345,-0.282850,0.152475,0.000000,39.221646,-8.168040,5111.433580,1.588395,3.136139,31.981037,2.293348,185499.401972,45.552647,-119.586251,-0.000000,0.000000,-0.000000,3824.492283,6.491120
42.482634,354.105791,-1210.756438,5275.900008,0.211466,0.106857,0.791525,-0.563345,-0.282850,0.152475,0.000000,39.221589,-8.168002,5084.900008,1.650667,3.062283,32.737296,1.973052,189284.899381,40.605755,-126.690395,0.000000,0.000000,0.000000,4147.501019,6.491420
43.332391,357.165162,-1216.102150,5248.481222,0.211466,0.106857,0.791525,-0.563345,-0.282850,0.152475,0.000000,39.221540,-8.167966,5057.481222,1.715016,2.985963,33.392192,1.688935,192668.538785,35.969445,-132.834492,-0.000000,0.000000,0.000000,4435.634863,6.491685
44.339888,360.539287,-1221.191941,5215.056636,0.211466,0.106857,0.791525,-0.563345,-0.282850,0.152475,0.000000,39.221495,-8.167927,5024.056636,1.793460,2.892926,34.037336,1.396908,196122.807082,30.902901,-138.926561,0.000000,0.000000,0.000000,4728.690088,6.491948
45.347386,363.683890,-1225.108766,5180.862115,0.211466,0.106857,0.791525,-0.563345,-0.282850,0.152475,0.000000,39.221460,-8.167891,4989.862115,1.873712,2.797746,34.550925,1.149552,198996.348687,26.327122,-143.846229,0.000000,0.000000,0.000000,4970.020260,6.492158
46.354884,366.642108,-1228.025940,5146.089701,0.211466,0.106857,0.791525,-0.563345,-0.282850,0.152475,0.000000,39.221433,-8.167857,4955.089701,1.955319,2.700957,34.949689,0.941773,201350.172244,22.248188,-147.752773,0.000000,-0.000000,-0.000000,5163.913502,6.492319
47.362382,369.452307,-1230.097693,5110.891059,0.211466,0.106857,0.791525,-0.563345,-0.282850,0.152475,0.000000,39.221415,-8.167824,4919.891059,2.037927,2.602982,35.251808,0.768230,203259.591405,18.653120,-150.812381,-0.000000,0.000000,-0.000000,5316.409030,6.492438
48.803527,373.281349,-1231.859537,5060.034665,0.211466,0.106857,0.791525,-0.563345,-0.282850,0.152475,0.000000,39.221399,-8.167780,4869.034665,2.157283,2.461423,35.550654,0.569423,205371.507226,14.295716,-154.029275,0.000000,0.000000,0.000000,5475.841389,6.492548
50.244673,376.955381,-1232.503138,5008.799434,0.211466,0.106857,0.791525,-0.563345,-0.282850,0.152475,0.000000,39.221393,-8.167737,4817.799434,2.183733,2.330895,35.729227,0.420482,206984.527631,10.856865,-156.253864,-0.000000,-0.000000,0.000000,5582.829863,6.492605
51.685819,380.517196,-1232.298133,4957.359611,0.211466,0.106857,0.791525,-0.563345,-0.282850,0.152475,0.000000,39.221395,-8.167696,4766.359611,2.120042,2.211472,35.818293,0.310470,208234.006373,8.184447,-157.764102,-0.000000,0.000000,0.000000,5650.840835,6.492622
53.126965,383.971453,-1231.458814,4905.838528,0.211466,0.106857,0.791525,-0.563345,-0.282850,0.152475,0.000000,39.221403,-8.167656,4714.838528,2.056251,2.091861,35.844580,0.227655,209185.470421,6.058611,-158.757041,0.000000,0.000000,0.000000,5690.579478,6.492612
54.568110,387.318679,-1230.155215,4854.314369,0.211466,0.106857,0.791525,-0.563345,-0.282850,0.152475,0.000000,39.221414,-8.167617,4663.314369,1.992456,1.972243,35.828326,0.166439,209934.364311,4.392176,-159.403447,-0.000000,0.000000,0.000000,5711.158657,6.492582
55.321459,389.027811,-1229.335443,4827.397115,0.211466,0.106857,0.791525,-0.563345,-0.282850,0.152475,0.000000,39.221422,-8.167597,4636.397115,1.959128,1.909752,35.807634,0.141659,210267.662380,3.677824,-159.643504,0.000000,0.000000,0.000000,5716.456233,6.492562
56.074809,390.709213,-1228.442375,4800.498526,0.211466,0.106857,0.791525,-0.563345,-0.282850,0.152475,0.000000,39.221430,-8.167578,4609.498526,1.925823,1.847304,35.780634,0.121321,210570.713489,3.060341,-159.833446,0.000000,0.000000,0.000000,5718.941988,6.492539
56.828158,392.363245,-1227.490257,4773.622672,0.211466,0.106857,0.791525,-0.563345,-0.282850,0.152475,0.000000,39.221438,-8.167558,4582.622672,1.892546,1.784910,35.748547,0.105142,210849.212522,2.534115,-159.983241,0.000000,0.000000,-0.000000,5719.168362,6.492513
57.581507,393.990160,-1226.491626,4746.772691,0.211466,0.106857,0.791525,-0.563345,-0.282850,0.152475,0.000000,39.221447,-8.167539,4555.772691,1.859301,1.722575,35.712359,0.092871,211107.688463,2.096299,-160.100790,-0.000000,-0.000000,0.000000,5717.576884,6.492487
59.343117,397.689904,-1224.035262,4684.101645,0.211466,0.106857,0.791525,-0.563345,-0.282850,0.152475,0.000000,39.221469,-8.167497,4493.101645,1.781704,1.577078,35.616129,0.077610,211654.042166,1.422620,-160.284438,-0.000000,-0.000000,0.000000,5708.711314,6.492420
61.104726,401.245077,-1221.498362,4621.605679,0.211466,0.106857,0.791525,-0.563345,-0.282850,0.152475,0.000000,39.221492,-8.167455,4430.605679,1.704324,1.431988,35.509237,0.075788,212143.963247,1.238389,-160.382996,0.000000,-0.000000,0.000000,5695.077778,6.492349
62.866335,404.657669,-1218.966146,4559.295333,0.211466,0.106857,0.791525,-0.563345,-0.282850,0.152475,0.000000,39.221515,-8.167416,4368.295333,1.627174,1.287329,35.396238,0.080025,212597.080817,1.371866,-160.429776,0.000000,-0.000000,-0.000000,5678.610591,6.492277
64.627945,407.929306,-1216.503453,4497.177171,0.211466,0.106857,0.791525,-0.563345,-0.282850,0.152475,0.000000,39.221537,-8.167378,4306.177171,1.550261,1.143115,35.280528,0.085781,213028.460884,1.593418,-160.449376,-0.000000,-0.000000,0.000000,5660.738648,6.492204
66.389554,411.061307,-1214.157664,4435.252973,0.211466,0.106857,0.791525,-0.563345,-0.282850,0.152475,0.000000,39.221558,-8.167342,4244.252973,1.473589,0.999353,35.163913,0.091136,213445.435471,1.802514,-160.453692,-0.000000,0.000000,-0.000000,5642.179696,6.492132
68.987205,415.424488,-1210.982126,4344.293213,0.211466,0.106857,0.791525,-0.563345,-0.282850,0.152475,0.000000,39.221586,-8.167291,4153.293213,1.340357,0.801747,34.992014,0.097589,214053.814857,2.050525,-160.451679,0.000000,0.000000,0.000000,5614.527458,6.492026
69.761942,416.664865,-1210.108861,4317.246072,0.211466,0.106857,0.791525,-0.563345,-0.282850,0.152475,0.000000,39.221594,-8.167277,4126.246072,1.259655,0.770033,34.940650,0.100210,214257.627205,2.135092,-160.465730,-0.000000,-0.000000,-0.000000,5606.776969,6.491995
70.536679,417.873056,-1209.269730,4290.236322,0.211466,0.106857,0.791525,-0.563345,-0.282850,0.152475,0.000000,39.221602,-8.167263,4099.236322,1.179064,0.738363,34.888853,0.102772,214456.874460,2.221359,-160.474198,0.000000,-0.000000,0.000000,5598.760687,6.491963
71.311415,419.045096,-1208.463402,4263.264242,0.211466,0.106857,0.791525,-0.563345,-0.282850,0.152475,0.000000,39.221609,-8.167249,4072.264242,1.098585,0.706737,34.836876,0.105212,214652.761003,2.305466,-160.478946,0.000000,0.000000,0.000000,5590.585204,6.491932
72.086152,420.177634,-1207.688778,4236.329915,0.211466,0.106857,0.791525,-0.563345,-0.282850,0.152475,0.000000,39.221616,-8.167236,4045.329915,1.018220,0.675156,34.784854,0.107481,214845.859696,2.385098,-160.480869,0.000000,0.000000,0.000000,5582.303606,6.491901
72.898705,421.319821,-1206.909436,4208.121420,0.211466,0.106857,0.791525,-0.563345,-0.282850,0.152475,0.000000,39.221623,-8.167223,4017.121420,0.934052,0.642080,34.730349,0.109652,215045.817285,2.462585,-160.480517,-0.000000,0.000000,-0.000000,5573.544328,6.491868
73.711257,422.412805,-1206.163179,4179.954358,0.211466,0.106857,0.791525,-0.563345,-0.282850,0.152475,0.000000,39.221630,-8.167210,3988.954358,0.850008,0.609053,34.675984,0.111596,215243.478427,2.533185,-160.478251,0.000000,-0.000000,0.000000,5564.741330,6.491836
74.523810,423.454118,-1205.449209,4151.828632,0.211466,0.106857,0.791525,-0.563345,-0.282850,0.152475,0.000000,39.221636,-8.167198,3960.828632,0.766087,0.576074,34.621838,0.113315,215439.157554,2.596845,-160.474545,0.000000,0.000000,-0.000000,5555.923651,6.491803
76.353367,425.599952,-1203.956645,4088.650897,0.211466,0.106857,0.791525,-0.563345,-0.282850,0.152475,0.000000,39.221650,-8.167173,3897.650897,0.577579,0.501996,34.500989,0.116409,215873.553635,2.715727,-160.462492,0.000000,-0.000000,-0.000000,5536.114728,6.491731
78.182924,427.453061,-1202.617557,4025.680070,0.211466,0.106857,0.791525,-0.563345,-0.282850,0.152475,0.000000,39.221662,-8.167151,3834.680070,0.389689,0.428160,34.382051,0.118627,216301.186678,2.806514,-160.447895,-0.000000,0.000000,0.000000,5516.527697,6.491660
80.012481,429.000205,-1201.427264,3962.913808,0.211466,0.106857,0.791525,-0.563345,-0.282850,0.152475,0.000000,39.221672,-8.167133,3771.913808,0.202409,0.354564,34.265275,0.120140,216723.008373,2.874581,-160.432012,0.000000,0.000000,0.000000,5497.246933,6.491589
81.842038,430.231739,-1200.382131,3900.349562,0.211466,0.106857,0.791525,-0.563345,-0.282850,0.152475,0.000000,39.221682,-8.167119,3709.349562,0.015731,0.281205,34.150795,0.121102,217139.520841,2.924929,-160.415410,0.000000,0.000000,-0.000000,5478.313781,6.491520
84.696043,431.506782,-1199.035077,3803.150431,0.211466,0.106857,0.791525,-0.563345,-0.282850,0.152475,0.000000,39.221694,-8.167104,3612.150431,-0.274288,0.167236,33.977038,0.121819,217779.867980,2.977876,-160.389458,0.000000,0.000000,0.000000,5449.558773,6.491415
87.550047,431.986393,-1198.020880,3706.428100,0.211466,0.106857,0.791525,-0.563345,-0.282850,0.152475,0.000000,39.221703,-8.167099,3515.428100,-0.529186,0.082753,33.808611,0.116995,218449.694914,2.844694,-160.379737,0.000000,0.000000,0.000000,5422.216167,6.491311
88.263549,431.984149,-1197.815879,3682.321311,0.211466,0.106857,0.791525,-0.563345,-0.282850,0.152475,0.000000,39.221705,-8.167099,3491.321311,-0.545827,0.101946,33.766885,0.108658,218674.017449,2.562073,-160.403103,0.000000,-0.000000,-0.000000,5416.313072,6.491286
88.977050,431.937551,-1197.626094,3658.244395,0.211466,0.106857,0.791525,-0.563345,-0.282850,0.152475,0.000000,39.221706,-8.167099,3467.244395,-0.562448,0.121116,33.724810,0.101687,218894.246927,2.318302,-160.420530,-0.000000,-0.000000,-0.000000,5410.151900,6.491261
89.690551,431.850443,-1197.448129,3634.197583,0.211466,0.106857,0.791525,-0.563345,-0.282850,0.152475,0.000000,39.221708,-8.167100,3443.197583,-0.579047,0.140262,33.682514,0.095833,219111.104722,2.106866,-160.433351,0.000000,-0.000000,0.000000,5403.798660,6.491236
90.404052,431.726211,-1197.278971,3610.181118,0.211466,0.106857,0.791525,-0.563345,-0.282850,0.152475,0.000000,39.221710,-8.167102,3419.181118,-0.595626,0.159383,33.640088,0.090942,219325.121826,1.924257,-160.442520,0.000000,0.000000,-0.000000,5397.300551,6.491211
91.227414,431.540674,-1197.091185,3582.504608,0.211466,0.106857,0.791525,-0.563345,-0.282850,0.152475,0.000000,39.221711,-8.167104,3391.504608,-0.614731,0.181419,33.591050,0.086307,219569.040710,1.745178,-160.449442,-0.000000,0.000000,-0.000000,5389.665241,6.491182
92.050776,431.313239,-1196.908427,3554.868759,0.211466,0.106857,0.791525,-0.563345,-0.282850,0.152475,0.000000,39.221713,-8.167107,3363.868759,-0.633809,0.203422,33.541990,0.082577,219810.062478,1.596292,-160.453136,-0.000000,0.000000,0.000000,5381.917464,6.491153
92.874138,431.047325,-1196.727669,3527.273617,0.211466,0.106857,0.791525,-0.563345,-0.282850,0.152475,0.000000,39.221715,-8.167110,3336.273617,-0.652858,0.225393,33.492975,0.079583,220048.586058,1.473633,-160.454303,-0.000000,0.000000,-0.000000,5374.092037,6.491124
94.599733,430.376740,-1196.345132,3469.571839,0.211466,0.106857,0.791525,-0.563345,-0.282850,0.152475,0.000000,39.221718,-8.167118,3278.571839,-0.692690,0.271334,33.390594,0.075096,220541.550781,1.286655,-160.450627,0.000000,0.000000,0.000000,5357.541769,6.491064
96.325328,429.573091,-1195.939697,3412.048018,0.211466,0.106857,0.791525,-0.563345,-0.282850,0.152475,0.000000,39.221722,-8.167127,3221.048018,-0.732399,0.317134,33.289023,0.072215,221027.247684,1.169002,-160.442145,0.000000,-0.000000,0.000000,5340.962320,6.491004
98.050924,428.652178,-1195.497587,3354.700743,0.211466,0.106857,0.791525,-0.563345,-0.282850,0.152475,0.000000,39.221726,-8.167138,3163.700743,-0.771986,0.362793,33.188439,0.070295,221506.803324,1.097989,-160.430731,0.000000,0.000000,0.000000,5324.445524,6.490946
99.776519,427.626174,-1195.008296,3297.528263,0.211466,0.106857,0.791525,-0.563345,-0.282850,0.152475,0.000000,39.221730,-8.167149,3106.528263,-0.811453,0.408313,33.088934,0.068930,221980.869791,1.056475,-160.417424,0.000000,0.000000,0.000000,5308.041514,6.490888
102.428494,425.865276,-1194.146679,3209.999594,0.211466,0.106857,0.791525,-0.563345,-0.282850,0.152475,0.000000,39.221738,-8.167170,3018.999594,-0.871874,0.478002,32.938306,0.067412,222700.221361,1.024520,-160.395443,0.000000,0.000000,0.000000,5283.154115,6.490801
105.080469,423.903208,-1193.135714,3122.872757,0.211466,0.106857,0.791525,-0.563345,-0.282850,0.152475,0.000000,39.221747,-8.167193,2931.872757,-0.927955,0.542472,32.790528,0.065791,223409.827785,0.985073,-160.373972,0.000000,0.000000,0.000000,5258.747234,6.490716
106.025192,423.160877,-1192.739646,3091.930988,0.211466,0.106857,0.791525,-0.563345,-0.282850,0.152475,0.000000,39.221750,-8.167201,2900.930988,-0.902550,0.510733,32.738245,0.060635,223663.595924,0.659010,-160.376085,0.000000,-0.000000,0.000000,5250.431486,6.490685
106.969915,422.401946,-1192.330684,3061.039257,0.211466,0.106857,0.791525,-0.563345,-0.282850,0.152475,0.000000,39.221754,-8.167210,2870.039257,-0.877186,0.479046,32.685746,0.057623,223915.045453,0.384614,-160.375890,-0.000000,0.000000,-0.000000,5242.005545,6.490654
107.914638,421.632474,-1191.915053,3030.197524,0.211466,0.106857,0.791525,-0.563345,-0.282850,0.152475,0.000000,39.221758,-8.167219,2839.197524,-0.851863,0.447409,32.633130,0.056203,224164.345142,0.166465,-160.373884,-0.000000,-0.000000,0.000000,5233.501739,6.490624
108.890645,420.832075,-1191.484636,2998.386887,0.211466,0.106857,0.791525,-0.563345,-0.282850,0.152475,0.000000,39.221762,-8.167228,2807.386887,-0.825745,0.414779,32.578741,0.055874,224419.821512,0.126502,-160.370347,-0.000000,-0.000000,-0.000000,5224.663950,6.490593
109.866652,420.030830,-1191.058153,2966.629305,0.211466,0.106857,0.791525,-0.563345,-0.282850,0.152475,0.000000,39.221765,-8.167237,2775.629305,-0.799670,0.382204,32.524394,0.056260,224673.322324,0.273620,-160.365645,0.000000,0.000000,-0.000000,5215.795372,6.490562
110.842658,419.232777,-1190.639883,2934.924547,0.211466,0.106857,0.791525,-0.563345,-0.282850,0.152475,0.000000,39.221769,-8.167247,2743.924547,-0.773638,0.349682,32.470152,0.057035,224924.981099,0.417381,-160.360050,-0.000000,0.000000,-0.000000,5206.915188,6.490532
112.698450,417.734848,-1189.878561,2874.785538,0.211466,0.106857,0.791525,-0.563345,-0.282850,0.152475,0.000000,39.221776,-8.167264,2683.785538,-0.724260,0.287994,32.367473,0.058852,225398.764821,0.637640,-160.347622,0.000000,0.000000,0.000000,5190.047390,6.490474
114.554242,416.280023,-1189.180359,2814.834582,0.211466,0.106857,0.791525,-0.563345,-0.282850,0.152475,0.000000,39.221782,-8.167281,2623.834582,-0.675037,0.226499,32.265657,0.060586,225867.106413,0.800921,-160.334004,0.000000,0.000000,0.000000,5173.281977,6.490417
116.410035,414.880853,-1188.558546,2755.069572,0.211466,0.106857,0.791525,-0.563345,-0.282850,0.152475,0.000000,39.221788,-8.167297,2564.069572,-0.625967,0.165194,32.164866,0.061970,226330.413173,0.920698,-160.319774,-0.000000,-0.000000,0.000000,5156.664064,6.490361
118.265827,413.546693,-1188.023003,2695.488285,0.211466,0.106857,0.791525,-0.563345,-0.282850,0.152475,0.000000,39.221793,-8.167313,2504.488285,-0.577047,0.104078,32.065201,0.062956,226788.938024,1.008087,-160.305216,0.000000,-0.000000,0.000000,5140.218990,6.490306
121.252493,411.553000,-1187.360128,2599.979900,0.211466,0.106857,0.791525,-0.563345,-0.282850,0.152475,0.000000,39.221799,-8.167336,2408.979900,-0.498629,0.006109,31.907352,0.063836,227517.583623,1.101677,-160.281890,-0.000000,0.000000,0.000000,5114.170689,6.490219
122.386077,410.849577,-1187.176702,2563.851067,0.211466,0.106857,0.791525,-0.563345,-0.282850,0.152475,0.000000,39.221800,-8.167344,2372.851067,-0.469503,-0.030218,31.848289,0.063920,227791.639520,1.122589,-160.273426,0.000000,0.000000,0.000000,5104.434368,6.490187
123.519660,410.174664,-1187.029399,2527.788351,0.211466,0.106857,0.791525,-0.563345,-0.282850,0.152475,0.000000,39.221802,-8.167352,2336.788351,-0.469941,-0.026269,31.789499,0.059955,228083.941726,0.910436,-160.278454,-0.000000,0.000000,-0.000000,5095.171772,6.490154
124.653243,409.524878,-1186.913392,2491.791635,0.211466,0.106857,0.791525,-0.563345,-0.282850,0.152475,0.000000,39.221803,-8.167359,2300.791635,-0.470379,-0.022327,31.730829,0.057066,228372.008297,0.735518,-160.279381,0.000000,0.000000,0.000000,5085.797637,6.490122
125.751400,408.915247,-1186.825105,2456.982736,0.211466,0.106857,0.791525,-0.563345,-0.282850,0.152475,0.000000,39.221803,-8.167366,2265.982736,-0.470803,-0.018516,31.674189,0.055019,228647.705003,0.595698,-160.277443,0.000000,0.000000,0.000000,5076.658081,6.490091
126.849558,408.321501,-1186.755447,2422.235583,0.211466,0.106857,0.791525,-0.563345,-0.282850,0.152475,0.000000,39.221804,-8.167373,2231.235583,-0.471226,-0.014711,31.617818,0.053505,228920.708479,0.479816,-160.273669,0.000000,-0.000000,0.000000,5067.503751,6.490060
127.947715,407.740835,-1186.700505,2387.549930,0.211466,0.106857,0.791525,-0.563345,-0.282850,0.152475,0.000000,39.221805,-8.167380,2196.549930,-0.471648,-0.010913,31.561756,0.052369,229191.383356,0.383867,-160.268619,0.000000,0.000000,0.000000,5058.359038,6.490029
130.155298,406.604996,-1186.623251,2318.007629,0.211466,0.106857,0.791525,-0.563345,-0.282850,0.152475,0.000000,39.221805,-8.167393,2127.007629,-0.472494,-0.003299,31.450073,0.050803,229729.336783,0.239824,-160.255918,-0.000000,-0.000000,0.000000,5040.060324,6.489968
130.963685,406.196336,-1186.602002,2292.603458,0.211466,0.106857,0.791525,-0.563345,-0.282850,0.152475,0.000000,39.221805,-8.167398,2101.603458,-0.484228,-0.001197,31.409538,0.050280,229927.404596,0.163623,-160.252232,-0.000000,0.000000,-0.000000,5033.448622,6.489946
131.772073,405.787505,-1186.583753,2267.232007,0.211466,0.106857,0.791525,-0.563345,-0.282850,0.152475,0.000000,39.221806,-8.167403,2076.232007,-0.587740,-0.004555,31.369127,0.052183,230148.210665,0.428461,-160.259785,0.000000,-0.000000,0.000000,5027.209630,6.489924
132.580461,405.370150,-1186.568340,2241.893329,0.211466,0.106857,0.791525,-0.563345,-0.282850,0.152475,0.000000,39.221806,-8.167407,2050.893329,-0.691118,-0.007910,31.328803,0.057938,230367.490077,0.860448,-160.265112,0.000000,0.000000,-0.000000,5020.914160,6.489903
133.388848,404.934529,-1186.555749,2216.587504,0.211466,0.106857,0.791525,-0.563345,-0.282850,0.152475,0.000000,39.221806,-8.167413,2025.587504,-0.794362,-0.011260,31.288617,0.065246,230585.002287,1.242993,-160.268350,-0.000000,0.000000,0.000000,5014.575074,6.489881
134.197236,404.472187,-1186.545964,2191.314567,0.211466,0.106857,0.791525,-0.563345,-0.282850,0.152475,0.000000,39.221806,-8.167418,2000.314567,-0.897472,-0.014606,31.248627,0.072814,230800.662863,1.577691,-160.269718,-0.000000,0.000000,0.000000,5008.208631,6.489860
135.005624,403.975797,-1186.538972,2166.074509,0.211466,0.106857,0.791525,-0.563345,-0.282850,0.152475,0.000000,39.221806,-8.167424,1975.074509,-1.000448,-0.017947,31.208889,0.080041,231014.484336,1.869865,-160.269469,0.000000,-0.000000,0.000000,5001.832112,6.489838
136.387566,403.032266,-1186.533459,2123.002554,0.211466,0.106857,0.791525,-0.563345,-0.282850,0.152475,0.000000,39.221806,-8.167435,1932.002554,-1.176176,-0.023650,31.141691,0.090941,231375.861991,2.283952,-160.265905,0.000000,0.000000,0.000000,4990.951281,6.489802
137.769507,401.943157,-1186.536022,2080.026167,0.211466,0.106857,0.791525,-0.563345,-0.282850,0.152475,0.000000,39.221806,-8.167447,1889.026167,-1.351513,-0.029339,31.075626,0.099936,231732.709065,2.612410,-160.259687,0.000000,0.000000,0.000000,4980.170090,6.489766
139.151449,400.688901,-1186.546619,2037.144752,0.211466,0.106857,0.791525,-0.563345,-0.282850,0.152475,0.000000,39.221806,-8.167462,1846.144752,-1.526463,-0.035016,31.010866,0.107161,232085.478546,2.872251,-160.251640,-0.000000,0.000000,0.000000,4969.542215,6.489730
140.533391,399.254116,-1186.567108,1994.357028,0.211466,0.106857,0.791525,-0.563345,-0.282850,0.152475,0.000000,39.221806,-8.167478,1803.357028,-1.690851,-0.074107,30.948280,0.111144,232296.463049,3.039374,-160.199301,0.000000,-0.000000,0.000000,4957.892867,6.489692
141.735979,397.850157,-1186.598128,1957.196857,0.211466,0.106857,0.791525,-0.563345,-0.282850,0.152475,0.000000,39.221806,-8.167495,1766.196857,-1.832764,-0.110858,30.896516,0.114068,232477.852783,3.158225,-160.165591,-0.000000,0.000000,0.000000,4948.558681,6.489660
142.938567,396.296693,-1186.648053,1920.103934,0.211466,0.106857,0.791525,-0.563345,-0.282850,0.152475,0.000000,39.221805,-8.167513,1729.103934,-1.974420,-0.147543,30.846724,0.116573,232664.337127,3.257692,-160.141171,-0.000000,0.000000,0.000000,4939.830530,6.489628
144.141155,394.589987,-1186.722076,1883.076586,0.211466,0.106857,0.791525,-0.563345,-0.282850,0.152475,0.000000,39.221804,-8.167532,1692.076586,-2.115827,-0.184163,30.798509,0.118652,232852.910884,3.340228,-160.121840,0.000000,0.000000,0.000000,4931.513945,6.489597
145.343743,392.726828,-1186.823672,1846.113995,0.211466,0.106857,0.791525,-0.563345,-0.282850,0.152475,0.000000,39.221803,-8.167554,1655.113995,-2.256985,-0.220719,30.751763,0.120354,233042.774639,3.408392,-160.106433,-0.000000,-0.000000,0.000000,4923.555018,6.489567
146.600994,390.608831,-1186.962898,1807.539565,0.211466,0.106857,0.791525,-0.563345,-0.282850,0.152475,0.000000,39.221802,-8.167579,1616.539565,-2.404300,-0.258870,30.704332,0.121789,233241.735340,3.466983,-160.093198,0.000000,0.000000,0.000000,4915.554629,6.489535
147.858246,388.316948,-1187.138263,1769.034123,0.211466,0.106857,0.791525,-0.563345,-0.282850,0.152475,0.000000,39.221801,-8.167605,1578.034123,-2.518668,-0.295991,30.658242,0.118189,233420.247404,3.362731,-160.074568,0.000000,0.000000,0.000000,4907.604756,6.489504
148.655021,386.777857,-1187.268985,1744.666756,0.211466,0.106857,0.791525,-0.563345,-0.282850,0.152475,0.000000,39.221799,-8.167623,1553.666756,-2.520917,-0.317423,30.629560,0.105914,233490.861361,2.971459,-160.048601,-0.000000,0.000000,0.000000,4902.218230,6.489483
149.451796,385.178791,-1187.415314,1720.326164,0.211466,0.106857,0.791525,-0.563345,-0.282850,0.152475,0.000000,39.221798,-8.167642,1529.326164,-2.523163,-0.338831,30.601066,0.095504,233567.302524,2.633432,-160.029495,0.000000,-0.000000,0.000000,4897.073211,6.489462
150.248571,383.527051,-1187.577440,1696.011928,0.211466,0.106857,0.791525,-0.563345,-0.282850,0.152475,0.000000,39.221797,-8.167661,1505.011928,-2.525407,-0.360216,30.572629,0.086727,233647.846610,2.342302,-160.015297,-0.000000,0.000000,-0.000000,4892.088348,6.489442
151.045346,381.829273,-1187.755518,1671.723698,0.211466,0.106857,0.791525,-0.563345,-0.282850,0.152475,0.000000,39.221795,-8.167680,1480.723698,-2.527649,-0.381578,30.544159,0.079367,233731.148084,2.092292,-160.004481,0.000000,-0.000000,0.000000,4887.202285,6.489422
151.842121,380.091111,-1187.949684,1647.461218,0.211466,0.106857,0.791525,-0.563345,-0.282850,0.152475,0.000000,39.221793,-8.167701,1456.461218,-2.529888,-0.402918,30.515609,0.073236,233816.283973,1.878456,-159.996023,-0.000000,0.000000,-0.000000,4882.376028,6.489403
152.638896,378.317494,-1188.160055,1623.224286,0.211466,0.106857,0.791525,-0.563345,-0.282850,0.152475,0.000000,39.221791,-8.167721,1432.224286,-2.532125,-0.424235,30.486957,0.068162,233902.593433,1.696436,-159.989201,0.000000,0.000000,-0.000000,4877.583922,6.489383
154.147555,374.875564,-1188.603088,1577.402190,0.211466,0.106857,0.791525,-0.563345,-0.282850,0.152475,0.000000,39.221788,-8.167761,1386.402190,-2.536353,-0.464536,30.432413,0.060938,234067.755568,1.426493,-159.979204,0.000000,-0.000000,0.000000,4868.553170,6.489347
155.656213,371.346838,-1189.105137,1531.670111,0.211466,0.106857,0.791525,-0.563345,-0.282850,0.152475,0.000000,39.221783,-8.167802,1340.670111,-2.540574,-0.504759,30.377540,0.056024,234233.307787,1.233341,-159.970979,0.000000,0.000000,-0.000000,4859.524849,6.489311
157.164871,367.750009,-1189.665806,1486.027366,0.211466,0.106857,0.791525,-0.563345,-0.282850,0.152475,0.000000,39.221778,-8.167844,1295.027366,-2.529232,-0.533619,30.322274,0.050868,234398.782419,1.009035,-159.965951,0.000000,-0.000000,0.000000,4850.531416,6.489276
158.673529,364.102825,-1190.282708,1440.473389,0.211466,0.106857,0.791525,-0.563345,-0.282850,0.152475,0.000000,39.221772,-8.167886,1249.473389,-2.516463,-0.561371,30.266466,0.047471,234562.916652,0.848346,-159.960775,-0.000000,0.000000,-0.000000,4841.447312,6.489241
159.458100,362.192000,-1190.624506,1416.818140,0.211466,0.106857,0.791525,-0.563345,-0.282850,0.152475,0.000000,39.221769,-8.167908,1225.818140,-2.509832,-0.575782,30.237304,0.046246,234647.629832,0.787694,-159.957897,0.000000,-0.000000,0.000000,4836.695479,6.489223
160.242671,360.273892,-1190.980098,1393.186676,0.211466,0.106857,0.791525,-0.563345,-0.282850,0.152475,0.000000,39.221766,-8.167930,1202.186676,-2.503208,-0.590179,30.208082,0.045291,234731.904894,0.739847,-159.954928,-0.000000,0.000000,-0.000000,4831.931585,6.489205
161.027242,358.350010,-1191.349221,1369.578909,0.211466,0.106857,0.791525,-0.563345,-0.282850,0.152475,0.000000,39.221763,-8.167953,1178.578909,-2.496591,-0.604561,30.178821,0.044547,234815.726369,0.702872,-159.951864,0.000000,-0.000000,0.000000,4827.158606,6.489187
163.474836,352.323958,-1192.585063,1296.082145,0.211466,0.106857,0.791525,-0.563345,-0.282850,0.152475,0.000000,39.221752,-8.168023,1105.082145,-2.475989,-0.649336,30.087463,0.043111,235074.320754,0.638089,-159.941820,0.000000,-0.000000,-0.000000,4812.243563,6.489132
165.922429,346.288554,-1193.942510,1222.812777,0.211466,0.106857,0.791525,-0.563345,-0.282850,0.152475,0.000000,39.221740,-8.168093,1031.812777,-2.447992,-0.689598,29.996032,0.042336,235342.978878,0.600670,-159.938619,-0.000000,0.000000,0.000000,4797.523949,6.489077
168.370023,340.268500,-1195.414650,1149.768979,0.211466,0.106857,0.791525,-0.563345,-0.282850,0.152475,0.000000,39.221726,-8.168162,958.768979,-2.418459,-0.728784,29.904367,0.041905,235606.614787,0.593771,-159.931379,-0.000000,0.000000,-0.000000,4782.646647,6.489023
170.817617,334.283938,-1196.994721,1076.949251,0.211466,0.106857,0.791525,-0.563345,-0.282850,0.152475,0.000000,39.221712,-8.168232,885.949251,-2.389016,-0.767850,29.813114,0.041595,235864.649729,0.599262,-159.921976,0.000000,0.000000,-0.000000,4767.772131,6.488970
171.589830,332.405459,-1197.514809,1054.020912,0.211466,0.106857,0.791525,-0.563345,-0.282850,0.152475,0.000000,39.221707,-8.168254,863.020912,-2.379745,-0.780150,29.784497,0.041513,235945.335647,0.601704,-159.919146,-0.000000,-0.000000,0.000000,4763.111364,6.488954
172.362043,330.532062,-1198.045075,1031.114567,0.211466,0.106857,0.791525,-0.563345,-0.282850,0.152475,0.000000,39.221703,-8.168275,840.114567,-2.369075,-0.790806,29.755922,0.041430,236029.561141,0.600299,-159.918299,-0.000000,0.000000,0.000000,4758.516427,6.488937
173.134256,328.664155,-1198.585284,1008.230159,0.211466,0.106857,0.791525,-0.563345,-0.282850,0.152475,0.000000,39.221698,-8.168297,817.230159,-2.357130,-0.799961,29.727331,0.041353,236116.596250,0.596807,-159.918738,0.000000,-0.000000,0.000000,4753.957219,6.488921
174.670590,324.966065,-1199.688245,962.766246,0.211466,0.106857,0.791525,-0.563345,-0.282850,0.152475,0.000000,39.221688,-8.168340,771.766246,-2.333399,-0.818150,29.670408,0.041201,236286.799791,0.594543,-159.917209,0.000000,0.000000,0.000000,4744.808838,6.488889
176.206924,321.294288,-1200.827060,917.388770,0.211466,0.106857,0.791525,-0.563345,-0.282850,0.152475,0.000000,39.221678,-8.168382,726.388770,-2.309713,-0.836304,29.613562,0.041038,236453.837230,0.595754,-159.913515,-0.000000,0.000000,0.000000,4735.608729,6.488857
177.743259,317.651201,-1201.999851,872.097341,0.211466,0.106857,0.791525,-0.563345,-0.282850,0.152475,0.000000,39.221667,-8.168425,681.097341,-2.286072,-0.854423,29.556920,0.040866,236618.453091,0.598413,-159.908651,-0.000000,0.000000,0.000000,4726.407235,6.488825
180.620807,310.910174,-1204.283302,787.496584,0.211466,0.106857,0.791525,-0.563345,-0.282850,0.152475,0.000000,39.221647,-8.168503,596.496584,-2.241987,-0.886928,29.451579,0.040461,236920.448462,0.599495,-159.898558,0.000000,-0.000000,0.000000,4709.264938,6.488766
183.498354,304.284411,-1206.671624,703.192342,0.211466,0.106857,0.791525,-0.563345,-0.282850,0.152475,0.000000,39.221625,-8.168580,512.192342,-2.198293,-0.915123,29.347393,0.039921,237213.444698,0.588911,-159.889644,-0.000000,0.000000,-0.000000,4692.344228,6.488708
185.619048,299.477456,-1208.494405,641.249469,0.211466,0.106857,0.791525,-0.563345,-0.282850,0.152475,0.000000,39.221609,-8.168635,450.249469,-2.166188,-0.935840,29.271328,0.039554,237425.123832,0.585416,-159.881800,0.000000,0.000000,0.000000,4679.952591,6.488665
185.672985,299.356062,-1208.541442,639.676121,0.211466,0.106857,0.791525,-0.563345,-0.282850,0.152475,0.000000,39.221608,-8.168637,448.676121,-2.165372,-0.936366,29.269401,0.039544,237430.456903,0.585345,-159.881582,-0.000000,0.000000,0.000000,4679.638088,6.488664
185.726923,299.234711,-1208.588510,638.102876,0.211466,0.106857,0.791525,-0.563345,-0.282850,0.152475,0.000000,39.221608,-8.168638,447.102876,-2.164557,-0.936892,29.267474,0.039535,237435.788231,0.585275,-159.881363,0.000000,0.000000,0.000000,4679.323663,6.488663
189.238110,291.425894,-1211.716511,535.903925,0.211466,0.106857,0.791525,-0.563345,-0.282850,0.152475,0.000000,39.221580,-8.168729,344.903925,-2.111430,-0.966809,29.142941,0.038905,237786.110806,0.572239,-159.871236,0.000000,-0.000000,0.000000,4659.117918,6.488595
189.619048,290.589633,-1212.063576,524.841861,0.211466,0.106857,0.791525,-0.563345,-0.282850,0.152475,0.000000,39.221577,-8.168738,333.841861,-2.105654,-0.969368,29.129518,0.038834,237824.712060,0.569495,-159.870684,0.000000,0.000000,-0.000000,4656.956029,6.488587
189.671369,290.474963,-1212.111377,523.322922,0.211466,0.106857,0.791525,-0.563345,-0.282850,0.152475,0.000000,39.221576,-8.168740,332.322922,-2.104861,-0.969720,29.127674,0.038823,237829.987496,0.569142,-159.870582,-0.000000,0.000000,0.000000,4656.658231,6.488586
189.723691,290.360333,-1212.159203,521.804078,0.211466,0.106857,0.791525,-0.563345,-0.282850,0.152475,0.000000,39.221576,-8.168741,330.804078,-2.104068,-0.970071,29.125830,0.038813,237835.259913,0.568794,-159.870479,0.000000,-0.000000,0.000000,4656.360419,6.488585
192.426957,284.492387,-1214.663408,443.456733,0.211466,0.106857,0.791525,-0.563345,-0.282850,0.152475,0.000000,39.221553,-8.168809,252.456733,-2.063163,-0.988197,29.030965,0.038297,238104.026465,0.555063,-159.863237,0.000000,-0.000000,-0.000000,4640.984007,6.488533
195.130222,278.733750,-1217.230676,365.359217,0.211466,0.106857,0.791525,-0.563345,-0.282850,0.152475,0.000000,39.221530,-8.168876,174.359217,-2.022388,-1.006266,28.937023,0.037806,238366.696986,0.547426,-159.853666,-0.000000,0.000000,0.000000,4625.689216,6.488482
195.806039,277.311421,-1217.881540,345.873666,0.211466,0.106857,0.791525,-0.563345,-0.282850,0.152475,0.000000,39.221525,-8.168892,154.873666,-2.002169,-1.003778,28.913608,0.038295,238445.182511,0.579016,-159.856291,0.000000,0.000000,0.000000,4622.022203,6.488470
196.481855,275.897240,-1218.534974,326.403664,0.211466,0.106857,0.791525,-0.563345,-0.282850,0.152475,0.000000,39.221519,-8.168909,135.403664,-1.953304,-0.981331,28.889781,0.041239,238561.507331,0.739939,-159.872534,-0.000000,0.000000,-0.000000,4618.682475,6.488458
197.157672,274.493351,-1219.189487,306.949322,0.211466,0.106857,0.791525,-0.563345,-0.282850,0.152475,0.000000,39.221513,-8.168925,115.949322,-1.904478,-0.958901,28.865305,0.044713,238674.868990,0.914429,-159.885009,-0.000000,0.000000,0.000000,4615.129586,6.488446
197.890587,272.985376,-1219.898450,285.869191,0.211466,0.106857,0.791525,-0.563345,-0.282850,0.152475,0.000000,39.221506,-8.168943,94.869191,-1.851572,-0.934598,28.838165,0.048634,238794.974692,1.096527,-159.895080,0.000000,0.000000,-0.000000,4611.080686,6.488433
198.623503,271.495246,-1220.604579,264.807830,0.211466,0.106857,0.791525,-0.563345,-0.282850,0.152475,0.000000,39.221500,-8.168960,73.807830,-1.798713,-0.910316,28.810531,0.052455,238912.614970,1.263990,-159.902282,0.000000,-0.000000,0.000000,4606.869668,6.488419
199.356418,270.025432,-1221.306102,243.765345,0.211466,0.106857,0.791525,-0.563345,-0.282850,0.152475,0.000000,39.221494,-8.168977,52.765345,-1.745902,-0.886056,28.782512,0.056042,239028.183549,1.415174,-159.907206,0.000000,0.000000,-0.000000,4602.531090,6.488406
200.993487,266.825483,-1222.849461,196.832448,0.211466,0.106857,0.791525,-0.563345,-0.282850,0.152475,0.000000,39.221480,-8.169014,5.832448,-1.628112,-0.831947,28.718944,0.062947,239280.186623,1.696012,-159.911989,0.000000,0.000000,0.000000,4592.503431,6.488377
201.197160,266.436339,-1223.038520,190.999998,0.211466,0.106857,0.791525,-0.563345,-0.282850,0.152475,0.000000,39.221478,-8.169019,-0.000002,-1.613474,-0.825223,28.710978,0.063703,239311.093256,1.726180,-159.912188,-0.000000,0.000000,-0.000000,4591.235310,6.488373
