ts,height,velocity,acceleration
-0.75,0.15328314900398254,0.03916895389556885,0.00786587968468666
-0.74,0.14607834815979004,0.031388361006975174,0.007743500173091888
-0.73,0.13897299766540527,0.02378992736339569,0.007623974233865738
-0.72,0.13193872570991516,0.016342444345355034,0.007506817579269409
-0.71,0.1249755471944809,0.009044397622346878,0.0073920078575611115
-0.7,0.11978026479482651,0.0036496641114354134,0.0073068514466285706
-0.69,0.1250467449426651,0.009132975712418556,0.007391098886728287
-0.68,0.11985086649656296,0.003736705519258976,0.007305920124053955
-0.67,0.11822804808616638,0.0020918685477226973,0.0072791688144207
-0.66,0.11662235856056213,0.0004814938874915242,0.007252957671880722
-0.65,0.11503377556800842,-0.001094783190637827,0.0072272829711437225
-0.64,0.11346229165792465,-0.0026373271830379963,0.007202137261629105
-0.63,0.11190786957740784,-0.004146501421928406,0.00717751681804657
-0.62,0.12244018912315369,0.006863875314593315,0.007347848266363144
-0.61,0.13286468386650085,0.017650481313467026,0.007514666765928268
-0.6,0.14318135380744934,0.028215615078806877,0.0076780132949352264
-0.59,0.1550823301076889,0.04031211510300636,0.00786517933011055
-0.58,0.1687014400959015,0.05406279116868973,0.008078072220087051
-0.57,0.18894131481647491,0.07452274858951569,0.008395407348871231
-0.56,0.2003583312034607,0.08555153012275696,-0.0009932629764080048
-0.55,0.2116495817899704,0.09633781760931015,-0.0008251480758190155
-0.54,0.22281526029109955,0.10688427090644836,-0.0006607957184314728
-0.53,0.2318875640630722,0.1151575893163681,-0.0005318634212017059
-0.52,0.2408551275730133,0.12323823571205139,-0.0004059523344039917
-0.51,0.24803391098976135,0.12938597798347473,-0.00031016021966934204
-0.5,0.25510403513908386,0.13535866141319275,-0.00021710991859436035
-0.49,0.25508636236190796,0.13393789529800415,-0.0002392008900642395
-0.48,0.25504979491233826,0.13251209259033203,-0.0002613663673400879
-0.47,0.25328168272972107,0.12930944561958313,-0.00031119585037231445
-0.46,0.2515183985233307,0.1261444389820099,-0.00036043301224708557
-0.45,0.248032808303833,0.12122990190982819,-0.0004369020462036133
-0.44,0.24629834294319153,0.11827213317155838,0.009076204150915146
-0.43,0.24284347891807556,0.1136598214507103,0.018563974648714066
-0.42,0.23941420018672943,0.1091209277510643,0.01849040761590004
-0.41,0.239456444978714,0.1082196831703186,0.018473494797945023
-0.4,0.24123889207839966,0.10912790894508362,0.01848476007580757
-0.39,0.24638356268405914,0.11350519210100174,0.018550042062997818
-0.38,0.251465767621994,0.11777321249246597,0.01861361414194107
-0.37,0.26004940271377563,0.12552495300769806,0.009170420467853546
-0.36,0.26853320002555847,0.1330944150686264,0.00928686186671257
-0.35,0.2733532190322876,0.13679639995098114,0.009343061596155167
-0.34,0.2781107723712921,0.14039602875709534,0.009397659450769424
-0.33,0.2828057110309601,0.1437990665435791,-0.00010991096496582031
-0.32,0.28043368458747864,0.13976122438907623,-0.00973377376794815
-0.31,0.27455615997314453,0.1321379840373993,-0.009850963950157166
-0.3,0.2548578381538391,0.11029433459043503,-0.010189566761255264
-0.29,0.24584732949733734,0.09982533752918243,-0.0007899962365627289
-0.28,0.23691877722740173,0.08954783529043198,-0.000949908047914505
-0.27,0.2314409762620926,0.08294498920440674,-0.0010525770485401154
-0.26,0.22601066529750824,0.07645856589078903,-0.001153416931629181
-0.25,0.21725943684577942,0.06660264730453491,-0.0013067089021205902
-0.24,0.20859134197235107,0.05702827870845795,0.008103504776954651
-0.23,0.20514172315597534,0.05295015498995781,0.00803874060511589
-0.22,0.2138679474592209,0.06160508096218109,0.017733260989189148
-0.21,0.2225002497434616,0.07007461786270142,0.017862383276224136
-0.2,0.23103873431682587,0.07836076617240906,0.017988629639148712
-0.19,0.2376517653465271,0.08457047492265701,0.018082521855831146
-0.18,0.24419018626213074,0.09063970297574997,0.01817421242594719
-0.17,0.24885080754756927,0.09470441192388535,0.018234677612781525
-0.16,0.2552591562271118,0.10053575038909912,0.018322639167308807
-0.15,0.261594295501709,0.10642216354608536,0.03752963989973068
-0.14,0.2660564184188843,0.11078637093305588,0.08539295196533203
-0.13,0.26526063680648804,0.11318588256835938,0.4391331374645233
-0.12,0.26470881700515747,0.1572847217321396,4.607873916625977
-0.11,0.26480865478515625,0.24392932653427124,8.862667083740234
-0.1,0.2657940089702606,0.33848831057548523,9.656233787536621
-0.09,0.26784181594848633,0.4649377763271332,12.849710464477539
-0.08,0.27318090200424194,0.6406629681587219,17.592164993286133
-0.07,0.26992177963256836,0.8466715812683105,21.712955474853516
-0.06,0.2792501151561737,1.0820225477218628,23.567861557006836
-0.05,0.2960416078567505,1.3408273458480835,25.394163131713867
-0.04,0.3202288746833801,1.628196358680725,27.765544891357422
-0.03,0.350263386964798,1.9364303350448608,29.553726196289062
-0.02,0.3828064501285553,2.265284299850464,31.68610382080078
-0.01,0.41798391938209534,2.6018340587615967,32.52768325805664
0,0.45578300952911377,2.9468424320220947,33.45530700683594
0.01,0.486985445022583,3.283595085144043,33.67521667480469
0.02,0.5215793251991272,3.6258938312530518,34.22977828979492
0.03,0.559614896774292,3.972782611846924,34.688724517822266
0.04,0.6011164784431458,4.320053577423096,34.72697067260742
0.05,0.6460750102996826,4.667324542999268,34.72697067260742
0.06,0.6945204138755798,5.018515586853027,35.11899185180664
0.07,0.7465322017669678,5.374203205108643,35.56837844848633
0.08,0.8021272420883179,5.736392498016357,36.21855163574219
0.09,0.8613710999488831,6.105274677276611,36.887847900390625
0.1,0.9243728518486023,6.483625888824463,37.83442687988281
0.11,0.9912237524986267,6.870872974395752,38.723636627197266
0.12,1.0619608163833618,7.262422561645508,39.15390396118164
0.13,1.1366281509399414,7.656650543212891,39.42162322998047
0.14,1.2152600288391113,8.057092666625977,40.043113708496094
0.15,1.2979542016983032,8.465092658996582,40.7984619140625
0.16,1.3847867250442505,8.873106002807617,40.7984619140625
0.17,1.4756896495819092,9.281119346618652,40.7984619140625
0.18,1.5706623792648315,9.689132690429688,40.7984619140625
0.19,1.669615626335144,10.097122192382812,40.7984619140625
0.2,1.7726877927780151,10.497485160827637,40.03355026245117
0.21,1.8797515630722046,10.897846221923828,40.03355026245117
0.22,1.9908063411712646,11.29820442199707,40.03355026245117
0.23,2.1059024333953857,11.698575973510742,40.03355026245117
0.24,2.224937677383423,12.09892749786377,40.03355026245117
0.25,2.3479819297790527,12.503290176391602,40.43513107299805
0.26,2.4751155376434326,12.909483909606934,40.616798400878906
0.27,2.606361150741577,13.318466186523438,40.89407730102539
0.28,2.741750955581665,13.731002807617188,41.24784851074219
0.29,2.881260395050049,14.143539428710938,41.24784851074219
0.3,3.02487850189209,14.556071281433105,41.24784851074219
0.31,3.1726043224334717,14.968597412109375,41.24784851074219
0.36,3.97271728515625,17.017362594604492,40.9705696105957
0.37,4.1450066566467285,17.424245834350586,40.6837272644043
0.38,4.3213419914245605,17.831117630004883,40.6837272644043
0.39,4.50184440612793,18.241573333740234,41.03749465942383
0.4,4.686462879180908,18.65203857421875,41.03749465942383
0.41,4.875209331512451,19.06252098083496,41.03749465942383
0.42,5.068035125732422,19.472990036010742,41.03749465942383
0.43,5.264930725097656,19.881723403930664,40.865394592285156
0.44,5.465939044952393,20.288665771484375,40.6837272644043
0.45,5.671029090881348,20.691139221191406,40.23434066772461
0.46,5.880123138427734,21.092647552490234,40.138729095458984
0.47,6.093239784240723,21.491304397583008,39.85188674926758
0.48,6.310310363769531,21.88965606689453,39.82320022583008
0.49,6.5313215255737305,22.28578758239746,39.60328674316406
0.5,6.7563958168029785,22.681997299194336,39.60328674316406
0.51,6.985409736633301,23.08038330078125,39.82320022583008
0.52,7.218372344970703,23.478744506835938,39.82320022583008
0.53,7.455281734466553,23.877079010009766,39.82320022583008
0.54,7.69612455368042,24.273088455200195,39.593727111816406
0.55,7.94096565246582,24.667320251464844,39.41205978393555
0.56,8.189751625061035,25.061555862426758,39.41205978393555
0.57,8.44243335723877,25.45185089111328,39.020042419433594
0.58,8.699016571044922,25.84138298034668,38.94355392456055
0.59,8.959457397460938,26.229455947875977,38.80012893676758
0.6,9.223716735839844,26.614524841308594,38.503726959228516
0.61,9.49180793762207,26.99948501586914,38.49416732788086
0.62,9.763684272766113,27.381914138793945,38.245567321777344
0.63,10.039327621459961,27.763721466064453,38.18819808959961
0.64,10.31884479522705,28.144433975219727,38.073463439941406
0.65,10.602108001708984,28.52452278137207,38.01609420776367
0.66,10.889090538024902,28.900537490844727,37.61451721191406
0.67,11.18000316619873,29.27670669555664,37.61451721191406
0.68,11.474608421325684,29.651384353637695,37.471092224121094
0.69,11.77290153503418,30.023818969726562,37.251182556152344
0.7,12.074881553649902,30.394695281982422,37.09819793701172
0.71,12.380570411682129,30.764524459838867,36.99302291870117
0.72,12.689939498901367,31.133861541748047,36.94521713256836
0.73,13.002965927124023,31.499073028564453,36.53407669067383
0.74,13.31971549987793,31.861398696899414,36.237674713134766
0.75,13.640130043029785,32.22319412231445,36.18030548095703
0.76,13.964123725891113,32.58476257324219,36.16118240356445
0.77,14.291664123535156,32.945030212402344,36.03688430786133
0.78,14.622695922851562,33.30033493041992,35.549251556396484
0.79,14.957179069519043,33.65363693237305,35.35802459716797
0.8,15.29510498046875,33.99905014038086,34.57398986816406
0.81,15.636425018310547,34.34297561645508,34.43056869506836
0.82,15.98112678527832,34.682090759277344,33.95249938964844
0.83,16.329133987426758,35.020259857177734,33.8664436340332
0.84,16.68054962158203,35.35664749145508,33.68478012084961
0.85,17.035276412963867,35.685089111328125,32.89118194580078
0.86,17.393238067626953,36.01166915893555,32.70951461791992
0.87,17.75446891784668,36.33149719238281,32.03065490722656
0.88,18.11891746520996,36.64820861816406,31.71512794494629
0.89,18.486486434936523,36.964683532714844,31.69600486755371
0.9,18.857107162475586,37.27885437011719,31.476091384887695
0.91,19.230953216552734,37.591487884521484,31.313547134399414
0.92,19.60778045654297,37.90264892578125,31.179689407348633
0.93,19.987661361694336,38.213279724121094,31.131879806518555
0.94,20.370529174804688,38.523216247558594,31.074514389038086
0.95,20.756507873535156,38.829933166503906,30.749425888061523
0.96,21.1455135345459,39.13508605957031,30.5964412689209
0.97,21.537534713745117,39.44010925292969,30.586881637573242
0.98,21.932598114013672,39.74455642700195,30.529516220092773
0.99,22.330533981323242,40.04883575439453,30.529516220092773
1,22.73153305053711,40.35256576538086,30.47214698791504
1.01,23.135459899902344,40.656761169433594,30.529516220092773
1.02,23.542383193969727,40.961483001708984,30.586881637573242
1.03,23.952539443969727,41.264007568359375,30.347848892211914
1.04,24.36566925048828,41.56638717651367,30.338285446166992
1.05,24.781618118286133,41.86714172363281,30.19486427307129
1.06,25.20077896118164,42.16809844970703,30.19486427307129
1.07,25.622709274291992,42.46292495727539,29.6020565032959
1.08,26.04747200012207,42.7548828125,29.32477378845215
1.09,26.475122451782227,43.04557418823242,29.20047950744629
1.1,26.905439376831055,43.33403778076172,28.99968910217285
1.11,27.338729858398438,43.622589111328125,28.99968910217285
1.12,27.775081634521484,43.910457611083984,28.913637161254883
1.13,28.214187622070312,44.19763946533203,28.85626792907715
1.14,28.65608787536621,44.48474884033203,28.85626792907715
1.15,29.10077667236328,44.77178192138672,28.85626792907715
1.16,29.548110961914062,45.058223724365234,28.818021774291992
1.17,29.998170852661133,45.3443489074707,28.79890251159668
1.18,30.451181411743164,45.63056564331055,28.79890251159668
1.19,30.907333374023438,45.915428161621094,28.636354446411133
1.2,31.36623191833496,46.19972610473633,28.58854866027832
1.21,31.82781410217285,46.482357025146484,28.43556785583496
1.22,32.292057037353516,46.76398468017578,28.349515914916992
1.23,32.75910949707031,47.045318603515625,28.320829391479492
1.24,33.2287483215332,47.32606887817383,28.282583236694336
1.25,33.70133972167969,47.60696029663086,28.282583236694336
1.26,34.17645263671875,47.887020111083984,28.2252140045166
1.27,34.65401077270508,48.16675567626953,28.2252140045166
1.28,35.1341667175293,48.446319580078125,28.2252140045166
1.29,35.61674118041992,48.725162506103516,28.18697166442871
1.3,36.10171127319336,49.00336837768555,28.15828514099121
1.31,36.58964538574219,49.28032302856445,28.014863967895508
1.32,37.08023452758789,49.55699920654297,27.99574089050293
1.33,37.57316970825195,49.832061767578125,27.871442794799805
1.34,38.068729400634766,50.10673904418945,27.84276008605957
1.35,38.56755065917969,50.381893157958984,27.84276008605957
1.36,39.06867599487305,50.65645980834961,27.823637008666992
1.37,39.572547912597656,50.9310417175293,27.823637008666992
1.38,40.07889938354492,51.20539474487305,27.823637008666992
1.39,40.588401794433594,51.480125427246094,27.823637008666992
1.4,41.10029602050781,51.752742767333984,27.641969680786133
1.41,41.61484146118164,52.025306701660156,27.641969680786133
1.42,42.13167190551758,52.2974967956543,27.641969680786133
1.43,42.6511344909668,52.5689582824707,27.575037002563477
1.44,43.17306900024414,52.840126037597656,27.56547737121582
1.45,43.69829559326172,53.11048126220703,27.43161964416504
1.46,44.22744369506836,53.38124084472656,27.36469078063965
1.47,44.7589111328125,53.65091323852539,27.288198471069336
1.48,45.29273986816406,53.91726303100586,26.98223304748535
1.49,45.82913589477539,54.1820182800293,26.829248428344727
1.5,46.36800003051758,54.446632385253906,26.829248428344727
1.51,46.91083908081055,54.7123908996582,26.829248428344727
1.52,47.45624923706055,54.977516174316406,26.771879196166992
1.53,48.00439453125,55.24262619018555,26.762319564819336
1.54,48.55528259277344,55.50791549682617,26.771879196166992
1.55,49.1096305847168,55.77446746826172,26.829248428344727
1.56,49.66791915893555,56.04209899902344,26.829248428344727
1.57,50.22936248779297,56.30774688720703,26.590211868286133
1.58,50.79545593261719,56.57439422607422,26.523286819458008
1.59,51.363800048828125,56.84069061279297,26.523286819458008
1.6,51.93524932861328,57.10763168334961,26.551969528198242
1.61,52.510894775390625,57.375823974609375,26.551969528198242
1.62,53.089385986328125,57.643863677978516,26.523286819458008
1.63,53.670631408691406,57.91109085083008,26.43723487854004
1.64,54.25522994995117,58.17781448364258,26.332059860229492
1.65,54.842674255371094,58.443721771240234,26.2364444732666
1.66,55.432640075683594,58.70941162109375,26.226884841918945
1.67,56.02597427368164,58.975276947021484,26.188634872436523
1.68,56.622047424316406,59.24119186401367,26.188634872436523
1.69,57.22107696533203,59.50733184814453,26.188634872436523
1.7,57.822052001953125,59.77241134643555,26.14082908630371
1.71,58.426307678222656,60.03778839111328,26.121706008911133
1.72,59.032814025878906,60.30245590209961,26.083459854125977
1.73,59.64155197143555,60.565921783447266,25.997407913208008
1.74,60.252620697021484,60.829994201660156,26.083459854125977
1.75,60.86672592163086,61.093505859375,25.997407913208008
1.76,61.483985900878906,61.35502624511719,25.758371353149414
1.77,62.1035270690918,61.61579895019531,25.7105655670166
1.78,62.725074768066406,61.87580871582031,25.681882858276367
1.79,63.348731994628906,62.134281158447266,25.5671443939209
1.8,63.97459030151367,62.392356872558594,25.557580947875977
1.81,64.60211181640625,62.6495246887207,25.538461685180664
1.82,65.23179626464844,62.9063720703125,25.538461685180664
1.83,65.86334228515625,63.162296295166016,25.500215530395508
1.84,66.49671936035156,63.417476654052734,25.48109245300293
1.85,67.13204956054688,63.67133712768555,25.395036697387695
1.86,67.76942443847656,63.92463684082031,25.375917434692383
1.87,68.40853881835938,64.17705535888672,25.34723472595215
1.88,69.05081176757812,64.4291000366211,25.261178970336914
1.89,69.69463348388672,64.6790771484375,25.127317428588867
1.9,70.33980560302734,64.92820739746094,25.127317428588867
1.91,70.98629760742188,65.17647552490234,25.127317428588867
1.92,71.63406372070312,65.4234848022461,25.089075088500977
1.93,72.28305053710938,65.66902160644531,25.031705856323242
1.94,72.93338012695312,65.91375732421875,25.031705856323242
1.95,73.58485412597656,66.15784454345703,25.060392379760742
1.96,74.23950958251953,66.40249633789062,25.060392379760742
1.97,74.895263671875,66.64618682861328,25.060392379760742
1.98,75.55305480957031,66.88961029052734,25.060392379760742
1.99,76.21337890625,67.13179016113281,24.926530838012695
2,76.87467956542969,67.36980438232422,24.611005783081055
2.01,77.53841400146484,67.60627746582031,24.448461532592773
2.02,78.203369140625,67.84033966064453,24.285917282104492
2.03,78.86931610107422,68.0698471069336,23.922582626342773
2.04,79.53671264648438,68.29878997802734,23.922582626342773
2.05,80.20482635498047,68.52645874023438,23.903459548950195
2.06,80.87395477294922,68.75194549560547,23.769601821899414
2.07,81.54608154296875,68.97771453857422,23.740915298461914
2.08,82.21897888183594,69.20191192626953,23.683549880981445
2.09,82.89317321777344,69.42549896240234,23.683549880981445
2.1,83.56959533691406,69.64844512939453,23.61661720275879
2.11,84.24688720703125,69.87039184570312,23.607057571411133
2.12,84.92500305175781,70.09066009521484,23.53056526184082
2.13,85.60388946533203,70.309326171875,23.46363639831543
2.14,86.28411102294922,70.5273666381836,23.454072952270508
2.15,86.96484375,70.74431610107422,23.454072952270508
2.16,87.64990234375,70.9627914428711,23.454072952270508
2.17,88.33543395996094,71.18016052246094,23.454072952270508
2.18,89.0213851928711,71.39630126953125,23.44451332092285
2.19,89.70772552490234,71.61148834228516,23.46363639831543
2.2,90.39440155029297,71.82523345947266,23.434953689575195
2.21,91.08394622802734,72.03915405273438,23.39670753479004
2.22,91.77462768554688,72.25218963623047,23.36802101135254
2.23,92.46576690673828,72.46408081054688,23.358461380004883
2.24,93.15709686279297,72.6746597290039,23.34889793395996
2.25,93.84969329833984,72.88389587402344,23.262845993041992
2.26,94.54600524902344,73.0923843383789,23.071619033813477
2.27,95.24378967285156,73.300048828125,23.0238094329834
2.28,95.94278717041016,73.50712585449219,23.014249801635742
2.29,96.6439208984375,73.71431732177734,23.014249801635742
2.3,97.34576416015625,73.92040252685547,22.985567092895508
2.31,98.04901123046875,74.12613677978516,22.985567092895508
2.32,98.75218963623047,74.3304672241211,22.976003646850586
2.33,99.45646667480469,74.5337905883789,22.928194046020508
2.34,100.16228485107422,74.73268127441406,22.507497787475586
2.35,100.86837768554688,74.92931365966797,22.383195877075195
2.36,101.5764389038086,75.12413024902344,22.19196891784668
2.37,102.284423828125,75.3150634765625,21.92424964904785
2.38,102.99765014648438,75.50601959228516,21.7043399810791
2.39,103.71047973632812,75.69529724121094,21.6756534576416
2.4,104.42442321777344,75.88140106201172,21.398374557495117
2.41,105.14154052734375,76.06298065185547,20.85337257385254
2.42,105.8602294921875,76.24401092529297,20.805566787719727
2.43,106.57966613769531,76.42035675048828,20.394426345825195
2.44,107.30030059814453,76.58966827392578,19.715566635131836
2.45,108.02014923095703,76.75179290771484,19.141881942749023
2.46,108.74020385742188,76.90731048583984,18.558637619018555
2.47,109.46011352539062,77.05642700195312,18.013635635375977
2.48,110.18063354492188,77.19889831542969,17.39214515686035
2.49,110.90367126464844,77.33403015136719,16.57942771911621
2.5,111.62602996826172,77.46446990966797,16.22565269470215
2.51,112.34880065917969,77.58988952636719,15.766706466674805
2.52,113.07337188720703,77.7110595703125,15.298198699951172
2.53,113.79912567138672,77.8288803100586,14.953987121582031
2.54,114.52336120605469,77.93875885009766,14.313373565673828
2.55,115.25196075439453,78.04556274414062,13.79705810546875
2.56,115.98102569580078,78.14903259277344,13.491092681884766
2.57,116.70958709716797,78.24834442138672,13.156444549560547
2.58,117.4388198852539,78.34220886230469,12.62100601196289
2.59,118.16869354248047,78.43474578857422,12.496707916259766
2.6,118.89697265625,78.5215835571289,12.066444396972656
2.61,119.62548828125,78.6053695678711,11.789163589477539
2.62,120.35453796386719,78.68753814697266,11.636180877685547
2.63,121.08182525634766,78.7650375366211,11.311094284057617
2.64,121.8131103515625,78.84014892578125,10.871269226074219
2.65,122.54481506347656,78.90848541259766,10.201971054077148
2.66,123.2759017944336,78.97319793701172,9.905567169189453
2.67,124.00499725341797,79.03369140625,9.628286361694336
2.68,124.73235321044922,79.08451843261719,8.786884307861328
2.69,125.46223449707031,79.1329116821289,8.41398811340332
2.7,126.19194030761719,79.17643737792969,7.9550395011901855
2.71,126.9186782836914,79.21312713623047,7.457849025726318
2.72,127.64683532714844,79.24833679199219,7.237935543060303
2.73,128.3760528564453,79.27996063232422,6.8267951011657715
2.74,129.10633850097656,79.30867004394531,6.482583522796631
2.75,129.83486938476562,79.33602142333984,6.4539008140563965
2.76,130.56124877929688,79.36198425292969,6.444337368011475
2.77,131.28831481933594,79.38609313964844,6.224427700042725
2.78,132.01275634765625,79.40373229980469,5.727232456207275
2.79,132.7341766357422,79.41641235351562,5.402144908905029
2.8,133.46014404296875,79.4253158569336,4.761531352996826
2.81,134.18479919433594,79.4297103881836,4.379074573516846
2.82,134.90921020507812,79.43051147460938,4.025303363800049
2.83,135.63185119628906,79.42469024658203,3.4516196250915527
2.84,136.35226440429688,79.41204071044922,2.8779349327087402
2.85,137.0703582763672,79.3934097290039,2.390303134918213
2.86,137.78948974609375,79.36965942382812,1.7974953651428223
2.87,138.5061798095703,79.3367691040039,0.9943375587463379
2.88,139.2268829345703,79.29925537109375,0.27723267674446106
2.89,139.94578552246094,79.25255584716797,-0.5737318992614746
2.9,140.6667022705078,79.20008087158203,-1.300398349761963
2.91,141.38369750976562,79.14164733886719,-1.7211003303527832
2.92,142.0974884033203,79.07672882080078,-2.2374162673950195
2.93,142.8100128173828,79.00508117675781,-2.88759183883667
2.94,143.5211944580078,78.92843627929688,-3.365662097930908
2.95,144.23098754882812,78.84535217285156,-3.9871530532836914
2.96,144.9381103515625,78.75957489013672,-4.168819904327393
2.97,145.64749145507812,78.67558288574219,-4.168819904327393
2.98,146.35382080078125,78.58877563476562,-4.340925216674805
2.99,147.0574493408203,78.4954605102539,-4.905048370361328
3,147.65097045898438,78.3419418334961,-5.058030605316162
3.01,148.23489379882812,78.18138122558594,-5.354434013366699
3.02,148.8192596435547,78.02217102050781,-5.354434013366699
3.03,149.41636657714844,77.87076568603516,-5.363995552062988
3.04,150.010986328125,77.71870422363281,-5.402240753173828
3.05,150.59805297851562,77.5634536743164,-5.421363830566406
3.06,151.17755126953125,77.40151977539062,-5.7942585945129395
3.07,151.7566680908203,77.23893737792969,-5.947240829467773
3.08,152.33331298828125,77.07242584228516,-6.320135593414307
3.09,152.91908264160156,76.90963745117188,-6.540048122406006
3.1,153.5066680908203,76.74858093261719,-6.568732261657715
3.11,154.0950927734375,76.5882568359375,-6.645223617553711
3.12,154.67686462402344,76.42347717285156,-6.846013069152832
3.13,155.25518798828125,76.25519561767578,-7.123293399810791
3.14,155.83656311035156,76.08748626708984,-7.333644390106201
3.15,156.41883850097656,75.92102813720703,-7.362329006195068
3.16,156.99989318847656,75.75393676757812,-7.467504024505615
3.17,157.57203674316406,75.57994842529297,-7.80215311050415
3.18,158.15182495117188,75.41090393066406,-7.8117146492004395
3.19,158.72265625,75.2380142211914,-7.840399265289307
3.2,159.28451538085938,75.06108856201172,-7.8882060050964355
3.21,159.85877990722656,74.891357421875,-7.9168901443481445
3.22,160.4320068359375,74.7208023071289,-8.050749778747559
3.23,161.00198364257812,74.54914093017578,-8.098556518554688
3.24,161.56297302246094,74.37335968017578,-8.155924797058105
3.25,162.1276092529297,74.1982192993164,-8.385398864746094
3.26,162.68670654296875,74.01969146728516,-8.547942161560059
3.27,163.2645721435547,73.84989166259766,-8.73917007446289
3.28,163.83920288085938,73.67878723144531,-8.806099891662598
3.29,164.40480041503906,73.50315856933594,-8.901714324951172
3.3,164.9601593017578,73.3220443725586,-9.035573959350586
3.31,165.51467895507812,73.1388168334961,-9.312854766845703
3.32,166.08261108398438,72.96009063720703,-9.647503852844238
3.33,166.66761779785156,72.79014587402344,-9.733556747436523
3.34,167.24462890625,72.6166763305664,-9.781363487243652
3.35,167.81124877929688,72.43830871582031,-9.84829330444336
3.36,168.3831787109375,72.26229095458984,-9.982152938842773
3.37,168.94833374023438,72.08387756347656,-9.982152938842773
3.38,169.50672912597656,71.90233612060547,-10.05864429473877
3.39,170.06820678710938,71.72296905517578,-10.09688949584961
3.4,170.6315460205078,71.54478454589844,-10.173380851745605
3.41,171.18817138671875,71.36425018310547,-10.173380851745605
3.42,171.73681640625,71.18009948730469,-10.240310668945312
3.43,172.2837677001953,70.99613189697266,-10.240310668945312
3.44,172.8340606689453,70.8148422241211,-10.240310668945312
3.45,173.3902587890625,70.63805389404297,-10.182942390441895
3.46,173.93853759765625,70.4581298828125,-10.202065467834473
3.47,174.51055908203125,70.29016876220703,-10.278556823730469
3.48,175.0797119140625,70.12169647216797,-10.278556823730469
3.49,175.64349365234375,69.95149230957031,-10.278556823730469
3.5,176.19940185546875,69.77833557128906,-10.278556823730469
3.51,176.7474365234375,69.60205841064453,-10.29767894744873
3.52,177.30177307128906,69.42972564697266,-10.30724048614502
3.53,177.84698486328125,69.25308227539062,-10.383731842041016
3.54,178.38311767578125,69.07244873046875,-10.431538581848145
3.55,178.93614196777344,68.90058135986328,-10.47934627532959
3.56,179.48394775390625,68.7270736694336,-10.47934627532959
3.57,180.0396270751953,68.5583267211914,-10.47934627532959
3.58,180.5874481201172,68.38654327392578,-10.488907814025879
3.59,181.15118408203125,68.22340393066406,-10.488907814025879
3.6,181.71498107910156,68.0610580444336,-10.498468399047852
3.61,182.2695770263672,67.89479064941406,-10.527153015136719
3.62,182.8150634765625,67.72496032714844,-10.527153015136719
3.63,183.36077880859375,67.55612182617188,-10.527153015136719
3.64,183.89877319335938,67.38441467285156,-10.527153015136719
3.65,184.43704223632812,67.21353912353516,-10.546276092529297
3.66,184.9958038330078,67.05345916748047,-10.546276092529297
3.67,185.54945373535156,66.8916244506836,-10.55583667755127
3.68,186.10206604003906,66.73011779785156,-10.55583667755127
3.69,186.66310119628906,66.57349395751953,-10.55583667755127
3.7,187.21365356445312,66.41250610351562,-10.565398216247559
3.71,187.76731872558594,66.25355529785156,-10.594082832336426
3.72,188.325439453125,66.09745788574219,-10.603644371032715
3.73,188.88670349121094,65.94365692138672,-10.603644371032715
3.74,189.4388427734375,65.7862319946289,-10.603644371032715
3.75,189.98733520507812,65.62783813476562,-10.603644371032715
3.76,190.53225708007812,65.46852111816406,-10.603644371032715
3.77,191.08734130859375,65.31488037109375,-10.603644371032715
3.78,191.64566040039062,65.1635513305664,-10.603644371032715
3.79,192.20176696777344,65.01171875,-10.622767448425293
3.8,192.75701904296875,64.8601303100586,-10.632328033447266
3.81,193.31288146972656,64.7095718383789,-10.632328033447266
3.82,193.85830688476562,64.55474853515625,-10.632328033447266
3.83,194.40162658691406,64.39966583251953,-10.632328033447266
3.84,194.94015502929688,64.24304962158203,-10.632328033447266
3.85,195.47804260253906,64.08689880371094,-10.632328033447266
3.86,196.0084228515625,63.92790985107422,-10.632328033447266
3.87,196.57020568847656,63.784725189208984,-10.632328033447266
3.88,197.1256561279297,63.63920211791992,-10.632328033447266
3.89,197.67068481445312,63.4893913269043,-10.632328033447266
3.9,198.21372985839844,63.33945846557617,-10.622767448425293
3.91,198.7520294189453,63.18797302246094,-10.622767448425293
3.92,199.2996368408203,63.04167175292969,-10.622767448425293
3.93,199.84664916992188,62.895790100097656,-10.622767448425293
3.94,200.4015350341797,62.75437545776367,-10.622767448425293
3.95,200.9473876953125,62.609310150146484,-10.622767448425293
3.96,201.50958251953125,62.472755432128906,-10.622767448425293
3.97,202.06690979003906,62.33452606201172,-10.622767448425293
3.98,202.615234375,62.19264602661133,-10.622767448425293
3.99,203.1616668701172,62.050533294677734,-10.622767448425293
4,203.70899963378906,61.90953063964844,-10.622767448425293
4.01,204.2460174560547,61.764259338378906,-10.622767448425293
4.02,204.77706909179688,61.616912841796875,-10.613205909729004
4.03,205.31483459472656,61.47347640991211,-10.613205909729004
4.04,205.8437957763672,61.326507568359375,-10.613205909729004
4.05,206.36825561523438,61.17806625366211,-10.613205909729004
4.06,206.9137420654297,61.040409088134766,-10.613205909729004
4.07,207.4503631591797,60.89905548095703,-10.622767448425293
4.08,207.9810333251953,60.75550079345703,-10.622767448425293
4.09,208.5100555419922,60.61174011230469,-10.632328033447266
4.1,209.04312133789062,60.4705924987793,-10.632328033447266
4.11,209.5816192626953,60.33272171020508,-10.632328033447266
4.12,210.11277770996094,60.192256927490234,-10.603644371032715
4.13,210.6366729736328,60.04895782470703,-10.603644371032715
4.14,211.1505126953125,59.9014892578125,-10.603644371032715
4.15,211.65719604492188,59.75126647949219,-10.603644371032715
4.16,212.1739501953125,59.6066780090332,-10.594082832336426
4.17,212.6864013671875,59.460689544677734,-10.594082832336426
4.18,213.20606994628906,59.31886291503906,-10.594082832336426
4.19,213.7185516357422,59.174232482910156,-10.594082832336426
4.2,214.23110961914062,59.030216217041016,-10.603644371032715
4.21,214.73805236816406,58.88424301147461,-10.594082832336426
4.22,215.235107421875,58.73416519165039,-10.594082832336426
4.23,215.743896484375,58.590457916259766,-10.594082832336426
4.24,216.2470703125,58.44469451904297,-10.594082832336426
4.25,216.76051330566406,58.304683685302734,-10.584521293640137
4.26,217.27699279785156,58.16679382324219,-10.584521293640137
4.27,217.79359436035156,58.02969741821289,-10.574959754943848
4.28,218.30599975585938,57.89128875732422,-10.565398216247559
4.29,218.8142852783203,57.75151824951172,-10.565398216247559
4.3,219.3141632080078,57.60839080810547,-10.55583667755127
4.31,219.822998046875,57.47029495239258,-10.55583667755127
4.32,220.3306427001953,57.332252502441406,-10.55583667755127
4.33,220.83563232421875,57.19365692138672,-10.546276092529297
4.34,221.33660888671875,57.053836822509766,-10.536714553833008
4.35,221.83218383789062,56.912010192871094,-10.536714553833008
4.36,222.33685302734375,56.77529525756836,-10.536714553833008
4.37,222.83462524414062,56.635929107666016,-10.527153015136719
4.38,223.33135986328125,56.4966926574707,-10.527153015136719
4.39,223.83290100097656,56.36046600341797,-10.527153015136719
4.4,224.32608032226562,56.22075653076172,-10.527153015136719
4.41,224.81103515625,56.07763671875,-10.527153015136719
4.42,225.287841796875,55.931148529052734,-10.527153015136719
4.43,225.7696990966797,55.78782653808594,-10.527153015136719
4.44,226.2653045654297,55.6519775390625,-10.527153015136719
4.45,226.75999450683594,55.51630783081055,-10.527153015136719
4.46,227.2479248046875,55.37791442871094,-10.527153015136719
4.47,227.7349853515625,55.23992156982422,-10.50802993774414
4.48,228.22415161132812,55.10361099243164,-10.50802993774414
4.49,228.70663452148438,54.96479034423828,-10.488907814025879
4.5,229.19857788085938,54.83134078979492,-10.488907814025879
4.51,229.699951171875,54.7032356262207,-10.488907814025879
4.52,230.1945343017578,54.57242965698242,-10.47934627532959
4.53,230.69415283203125,54.444759368896484,-10.47934627532959
4.54,231.1884765625,54.31503677368164,-10.47934627532959
4.55,231.68194580078125,54.18549728393555,-10.47934627532959
4.56,232.1834259033203,54.06060791015625,-10.47934627532959
4.57,232.6796112060547,53.93364334106445,-10.47934627532959
4.58,233.18821716308594,53.813568115234375,-10.47934627532959
4.59,233.69879150390625,53.69507598876953,-10.47934627532959
4.6,234.2010498046875,53.57293701171875,-10.47934627532959
4.61,234.69508361816406,53.44710922241211,-10.488907814025879
4.62,235.1883087158203,53.321475982666016,-10.488907814025879
4.63,235.67784118652344,53.19465637207031,-10.47934627532959
4.64,236.16371154785156,53.06657791137695,-10.47934627532959
4.65,236.6430206298828,52.935752868652344,-10.47934627532959
4.66,237.13644409179688,52.81279373168945,-10.47934627532959
4.67,237.62619018554688,52.68864059448242,-10.4697847366333
4.68,238.11380004882812,52.56398391723633,-10.4697847366333
4.69,238.611083984375,52.44502639770508,-10.460223197937012
4.7,239.1002197265625,52.32254409790039,-10.450661659240723
4.71,239.58572387695312,52.19887161254883,-10.441100120544434
4.72,240.0810089111328,52.08097457885742,-10.431538581848145
4.73,240.5711212158203,51.961063385009766,-10.421977996826172
4.74,241.05169677734375,51.83678436279297,-10.421977996826172
4.75,241.52581787109375,51.709747314453125,-10.421977996826172
4.76,242.00393676757812,51.58551788330078,-10.412416458129883
4.77,242.47862243652344,51.46009063720703,-10.412416458129883
4.78,242.95877075195312,51.33824920654297,-10.402854919433594
4.79,243.4354705810547,51.21528625488281,-10.393293380737305
4.8,243.9206085205078,51.097389221191406,-10.393293380737305
4.81,244.40969848632812,50.982173919677734,-10.393293380737305
4.82,244.8907928466797,50.863304138183594,-10.393293380737305
4.83,245.37142944335938,50.744789123535156,-10.393293380737305
4.84,245.8724365234375,50.63771057128906,-10.393293380737305
4.85,246.36830139160156,50.5284538269043,-10.393293380737305
4.86,246.862060546875,50.41864776611328,-10.393293380737305
4.87,247.36265563964844,50.31307601928711,-10.393293380737305
4.88,247.86111450195312,50.20691680908203,-10.393293380737305
4.89,248.35597229003906,50.099388122558594,-10.393293380737305
4.9,248.85174560546875,49.992923736572266,-10.393293380737305
4.91,249.34246826171875,49.88411331176758,-10.412416458129883
4.92,249.82667541503906,49.7723503112793,-10.412416458129883
4.93,250.30596923828125,49.65842056274414,-10.421977996826172
4.94,250.786376953125,49.545597076416016,-10.431538581848145
4.95,251.26341247558594,49.43153381347656,-10.431538581848145
4.96,251.734130859375,49.31462478637695,-10.431538581848145
4.97,252.19711303710938,49.194091796875,-10.431538581848145
4.98,252.65093994140625,49.06916046142578,-10.431538581848145
4.99,253.13912963867188,48.9637565612793,-10.431538581848145
5,253.6223907470703,48.85621643066406,-10.431538581848145
5.01,254.0992889404297,48.74574661254883,-10.431538581848145
5.02,254.56689453125,48.630733489990234,-10.431538581848145
5.03,255.03282165527344,48.5154914855957,-10.421977996826172
5.04,255.50303649902344,48.40325164794922,-10.421977996826172
5.05,255.9700469970703,48.289737701416016,-10.431538581848145
5.06,256.44140625,48.17926788330078,-10.431538581848145
5.07,256.9125671386719,48.06929016113281,-10.431538581848145
5.08,257.37750244140625,47.9564323425293,-10.431538581848145
5.09,257.8438415527344,47.844970703125,-10.431538581848145
5.1,258.3146057128906,47.736507415771484,-10.441100120544434
5.11,258.776123046875,47.62343978881836,-10.441100120544434
5.12,259.2315368652344,47.507537841796875,-10.441100120544434
5.13,259.6794128417969,47.38807678222656,-10.431538581848145
5.14,260.1410217285156,47.27707290649414,-10.431538581848145
5.15,260.6011047363281,47.165802001953125,-10.431538581848145
5.16,261.0535888671875,47.050811767578125,-10.431538581848145
5.17,261.5152587890625,46.94172286987305,-10.431538581848145
5.18,261.9693603515625,46.829097747802734,-10.412416458129883
5.19,262.4433288574219,46.728729248046875,-10.393293380737305
5.2,262.90802001953125,46.62360763549805,-10.393293380737305
5.21,263.3712158203125,46.5181999206543,-10.393293380737305
5.22,263.82525634765625,46.408103942871094,-10.393293380737305
5.23,264.28094482421875,46.29958724975586,-10.393293380737305
5.24,264.7290954589844,46.18730926513672,-10.393293380737305
5.25,265.1850891113281,46.08024597167969,-10.393293380737305
5.26,265.64276123046875,45.974769592285156,-10.393293380737305
5.27,266.0959777832031,45.867305755615234,-10.393293380737305
5.28,266.5646667480469,45.76957702636719,-10.393293380737305
5.29,267.0287780761719,45.66973114013672,-10.393293380737305
5.3,267.4837341308594,45.56527328491211,-10.374170303344727
5.31,267.9358215332031,45.459999084472656,-10.345486640930176
5.32,268.3912048339844,45.357330322265625,-10.345486640930176
5.33,268.8421936035156,45.25263977050781,-10.345486640930176
5.34,269.2949523925781,45.149635314941406,-10.345486640930176
5.35,269.7679748535156,45.059391021728516,-10.345486640930176
5.36,270.2317810058594,44.964176177978516,-10.345486640930176
5.37,270.6895446777344,44.86592102050781,-10.345486640930176
5.38,271.1382751464844,44.76272201538086,-10.355048179626465
5.39,271.58575439453125,44.65920639038086,-10.374170303344727
5.4,272.03973388671875,44.56025695800781,-10.374170303344727
5.41,272.49249267578125,44.46135711669922,-10.355048179626465
5.42,272.9439697265625,44.36211013793945,-10.374170303344727
5.43,273.395751953125,44.26375961303711,-10.364608764648438
5.44,273.840087890625,44.16167068481445,-10.345486640930176
5.45,274.2879638671875,44.062191009521484,-10.364608764648438
5.46,274.7300109863281,43.959747314453125,-10.364608764648438
5.47,275.1927185058594,43.870670318603516,-10.364608764648438
5.48,275.6494445800781,43.778472900390625,-10.364608764648438
5.49,276.0986633300781,43.68224334716797,-10.364608764648438
5.5,276.5420837402344,43.583003997802734,-10.364608764648438
5.51,276.98443603515625,43.48373794555664,-10.364608764648438
5.52,277.4334716796875,43.3892822265625,-10.364608764648438
5.53,277.8907470703125,43.30049514770508,-10.374170303344727
5.54,278.34368896484375,43.20947265625,-10.383731842041016
5.55,278.7939147949219,43.11735534667969,-10.383731842041016
5.56,279.2367248535156,43.02125930786133,-10.374170303344727
5.57,279.6784973144531,42.92515182495117,-10.374170303344727
5.58,280.1192626953125,42.829017639160156,-10.374170303344727
5.59,280.5730895996094,42.741912841796875,-10.364608764648438
5.6,281.0179443359375,42.649784088134766,-10.355048179626465
5.61,281.46490478515625,42.55962371826172,-10.355048179626465
5.62,281.9155578613281,42.472511291503906,-10.345486640930176
5.63,282.3619689941406,42.38328170776367,-10.345486640930176
5.64,282.8010559082031,42.28995895385742,-10.345486640930176
5.65,283.2329406738281,42.192604064941406,-10.345486640930176
5.66,283.6828308105469,42.107608795166016,-10.335925102233887
5.67,284.130126953125,42.0216178894043,-10.326363563537598
5.68,284.5700988769531,41.9313850402832,-10.335925102233887
5.69,285.0075378417969,41.84013748168945,-10.335925102233887
5.7,285.43621826171875,41.743797302246094,-10.335925102233887
5.71,285.8704528808594,41.6517219543457,-10.335925102233887
5.72,286.3054504394531,41.5607795715332,-10.335925102233887
5.73,286.7411804199219,41.47093200683594,-10.335925102233887
5.74,287.1792297363281,41.383243560791016,-10.335925102233887
5.75,287.61962890625,41.297508239746094,-10.355048179626465
5.76,288.0591125488281,41.2117805480957,-10.355048179626465
5.77,288.4961853027344,41.125057220458984,-10.355048179626465
5.78,288.9292297363281,41.03628158569336,-10.355048179626465
5.79,289.3567199707031,40.94453430175781,-10.345486640930176
5.8,289.7978820800781,40.86241149902344,-10.355048179626465
5.81,290.2318115234375,40.776153564453125,-10.345486640930176
5.82,290.6585998535156,40.685638427734375,-10.355048179626465
5.83,291.07672119140625,40.589962005615234,-10.355048179626465
5.84,291.5070495605469,40.50322341918945,-10.345486640930176
5.85,291.94146728515625,40.419864654541016,-10.345486640930176
5.86,292.36712646484375,40.331214904785156,-10.345486640930176
5.87,292.79058837890625,40.241607666015625,-10.355048179626465
5.88,293.2070007324219,40.147884368896484,-10.355048179626465
5.89,293.61810302734375,40.05138397216797,-10.335925102233887
5.9,294.0255432128906,39.953086853027344,-10.335925102233887
5.91,294.42608642578125,39.85076904296875,-10.335925102233887
5.92,294.8312072753906,39.75227737426758,-10.335925102233887
5.93,295.23272705078125,39.652000427246094,-10.335925102233887
5.94,295.63067626953125,39.54997253417969,-10.335925102233887
5.95,296.0364990234375,39.454036712646484,-10.335925102233887
5.96,296.43548583984375,39.35409927368164,-10.335925102233887
5.97,296.8375244140625,39.256935119628906,-10.335925102233887
5.98,297.23272705078125,39.1557502746582,-10.335925102233887
5.99,297.62933349609375,39.05624008178711,-10.335925102233887
6,298.01922607421875,38.95277404785156,-10.335925102233887
6.01,298.4007873535156,38.844242095947266,-10.335925102233887
6.02,298.7872314453125,38.739871978759766,-10.335925102233887
6.03,299.1653747558594,38.63043212890625,-10.335925102233887
6.04,299.53857421875,38.518192291259766,-10.345486640930176
6.05,299.9151916503906,38.40901184082031,-10.355048179626465
6.06,300.29852294921875,38.3052978515625,-10.355048179626465
6.07,300.681884765625,38.202335357666016,-10.355048179626465
6.08,301.0569152832031,38.094242095947266,-10.355048179626465
6.09,301.4421081542969,37.99424743652344,-10.335925102233887
6.1,301.8206787109375,37.89027786254883,-10.335925102233887
6.11,302.192626953125,37.78236389160156,-10.335925102233887
6.12,302.5613708496094,37.67293930053711,-10.335925102233887
6.13,302.92529296875,37.56084060668945,-10.335925102233887
6.14,303.313232421875,37.46671676635742,-10.326363563537598
6.15,303.70294189453125,37.37453842163086,-10.326363563537598
6.16,304.09442138671875,37.284393310546875,-10.316802024841309
6.17,304.4774169921875,37.18885803222656,-10.316802024841309
6.18,304.8622741699219,37.09535217285156,-10.316802024841309
6.19,305.25067138671875,37.00508117675781,-10.316802024841309
6.2,305.6374816894531,36.91443634033203,-10.30724048614502
6.21,306.019287109375,36.82085418701172,-10.30724048614502
6.22,306.4081115722656,36.73313522338867,-10.29767894744873
6.23,306.78851318359375,36.63996887207031,-10.29767894744873
6.24,307.16400146484375,36.54396057128906,-10.29767894744873
6.25,307.5449523925781,36.452613830566406,-10.29767894744873
6.26,307.92095947265625,36.35855484008789,-10.278556823730469
6.27,308.302490234375,36.269222259521484,-10.278556823730469
6.28,308.6808166503906,36.17821502685547,-10.278556823730469
6.29,309.0525207519531,36.08315658569336,-10.26899528503418
6.3,309.42291259765625,35.98765563964844,-10.288117408752441
6.31,309.79022216796875,35.8906135559082,-10.288117408752441
6.32,310.15283203125,35.79083251953125,-10.288117408752441
6.33,310.5090026855469,35.68714904785156,-10.278556823730469
6.34,310.8814697265625,35.59624099731445,-10.278556823730469
6.35,311.2456359863281,35.499900817871094,-10.278556823730469
6.36,311.6069030761719,35.40211868286133,-10.278556823730469
6.37,311.96173095703125,35.3004035949707,-10.26899528503418
6.38,312.313720703125,35.19736099243164,-10.26899528503418
6.39,312.68756103515625,35.111419677734375,-10.25943374633789
6.4,313.05657958984375,35.02254867553711,-10.25943374633789
6.41,313.43145751953125,34.93873977661133,-10.25943374633789
6.42,313.7980041503906,34.84934997558594,-10.25943374633789
6.43,314.1580505371094,34.75579833984375,-10.25943374633789
6.44,314.5258483886719,34.668853759765625,-10.249872207641602
6.45,314.8871154785156,34.57770538330078,-10.249872207641602
6.46,315.26507568359375,34.49990463256836,-10.240310668945312
6.47,315.6382141113281,34.41910171508789,-10.240310668945312
6.48,316.00830078125,34.33665466308594,-10.240310668945312
6.49,316.3825988769531,34.25802993774414,-10.240310668945312
6.5,316.7503356933594,34.1750602722168,-10.240310668945312
6.51,317.111572265625,34.087833404541016,-10.240310668945312
6.52,317.4664001464844,33.996429443359375,-10.240310668945312
6.53,317.8185119628906,33.90376663208008,-10.230749130249023
6.54,318.1625671386719,33.80567932128906,-10.230749130249023
6.55,318.50579833984375,33.70773696899414,-10.230749130249023
6.56,318.8625793457031,33.62100601196289,-10.22118854522705
6.57,319.2130432128906,33.53019714355469,-10.211627006530762
6.58,319.5572204589844,33.4352912902832,-10.211627006530762
6.59,319.8934020996094,33.334991455078125,-10.211627006530762
6.6,320.225341796875,33.2321891784668,-10.211627006530762
6.61,320.5512390136719,33.12550735473633,-10.211627006530762
6.62,320.88201904296875,33.02341079711914,-10.211627006530762
6.63,321.20672607421875,32.917423248291016,-10.211627006530762
6.64,321.5254821777344,32.80765151977539,-10.211627006530762
6.65,321.8511047363281,32.704036712646484,-10.211627006530762
6.66,322.179931640625,32.603729248046875,-10.211627006530762
6.67,322.50823974609375,32.5036735534668,-10.22118854522705
6.68,322.8434143066406,32.40977096557617,-10.22118854522705
6.69,323.17803955078125,32.3162727355957,-10.211627006530762
6.7,323.5176696777344,32.22744369506836,-10.211627006530762
6.71,323.8363037109375,32.122894287109375,-10.211627006530762
6.72,324.1601867675781,32.02317810058594,-10.22118854522705
6.73,324.4854736328125,31.92535400390625,-10.22118854522705
6.74,324.8048095703125,31.82362937927246,-10.22118854522705
6.75,325.1313171386719,31.72854232788086,-10.202065467834473
6.76,325.4630126953125,31.638309478759766,-10.202065467834473
6.77,325.79425048828125,31.548458099365234,-10.202065467834473
6.78,326.1213073730469,31.456005096435547,-10.202065467834473
6.79,326.447998046875,31.363910675048828,-10.211627006530762
6.8,326.77618408203125,31.273767471313477,-10.211627006530762
6.81,327.09649658203125,31.178075790405273,-10.211627006530762
6.82,327.4146423339844,31.081462860107422,-10.211627006530762
6.83,327.72503662109375,30.979421615600586,-10.211627006530762
6.84,328.0334167480469,30.876604080200195,-10.211627006530762
6.85,328.3436279296875,30.77605438232422,-10.211627006530762
6.86,328.6556396484375,30.677757263183594,-10.211627006530762
6.87,328.9617919921875,30.57557487487793,-10.211627006530762
6.88,329.27557373046875,30.4803466796875,-10.211627006530762
6.89,329.5835266113281,30.381181716918945,-10.211627006530762
6.9,329.897216796875,30.28746223449707,-10.211627006530762
6.91,330.2089538574219,30.192913055419922,-10.211627006530762
6.92,330.5186767578125,30.097515106201172,-10.211627006530762
6.93,330.84185791015625,30.013839721679688,-10.211627006530762
6.94,331.1590576171875,29.926210403442383,-10.192503929138184
6.95,331.4742736816406,29.837783813476562,-10.182942390441895
6.96,331.7875061035156,29.748497009277344,-10.182942390441895
6.97,332.093017578125,29.653825759887695,-10.163819313049316
6.98,332.3966369628906,29.55840301513672,-10.163819313049316
6.99,332.698486328125,29.462305068969727,-10.163819313049316
7,332.99853515625,29.365467071533203,-10.173380851745605
7.01,333.2987976074219,29.26959800720215,-10.173380851745605
7.02,333.6051330566406,29.17952537536621,-10.173380851745605
7.03,333.92523193359375,29.10155487060547,-10.173380851745605
7.04,334.2374572753906,29.017772674560547,-10.173380851745605
7.05,334.5478515625,28.93316650390625,-10.173380851745605
7.06,334.85443115234375,28.846158981323242,-10.173380851745605
7.07,335.1591796875,28.758377075195312,-10.173380851745605
7.08,335.4681091308594,28.6747989654541,-10.173380851745605
7.09,335.773193359375,28.58877944946289,-10.173380851745605
7.1,336.0746154785156,28.500431060791016,-10.173380851745605
7.11,336.3743591308594,28.41144371032715,-10.173380851745605
7.12,336.6822814941406,28.330066680908203,-10.173380851745605
7.13,336.9844665527344,28.244606018066406,-10.173380851745605
7.14,337.2869567871094,28.160133361816406,-10.173380851745605
7.15,337.5858459472656,28.07335090637207,-10.173380851745605
7.16,337.88507080078125,27.98762321472168,-10.173380851745605
7.17,338.1767272949219,27.896366119384766,-10.163819313049316
7.18,338.480712890625,27.816322326660156,-10.163819313049316
7.19,338.777099609375,27.73063087463379,-10.154257774353027
7.2,339.0779113769531,27.6495418548584,-10.144697189331055
7.21,339.38104248046875,27.571258544921875,-10.135135650634766
7.22,339.68060302734375,27.490615844726562,-10.135135650634766
7.23,339.97259521484375,27.404260635375977,-10.135135650634766
7.24,340.27703857421875,27.32929039001465,-10.135135650634766
7.25,340.57586669921875,27.250324249267578,-10.125574111938477
7.26,340.89111328125,27.186107635498047,-10.125574111938477
7.27,341.2005310058594,27.117412567138672,-10.135135650634766
7.28,341.5042419433594,27.044355392456055,-10.144697189331055
7.29,341.8023986816406,26.967193603515625,-10.144697189331055
7.3,342.1050109863281,26.894559860229492,-10.144697189331055
7.31,342.4020690917969,26.817825317382812,-10.144697189331055
7.32,342.69561767578125,26.738752365112305,-10.144697189331055
7.33,342.98773193359375,26.659175872802734,-10.144697189331055
7.34,343.2744445800781,26.57562255859375,-10.144697189331055
7.35,343.56182861328125,26.49342155456543,-10.144697189331055
7.36,343.847900390625,26.410831451416016,-10.144697189331055
7.37,344.1326904296875,26.327878952026367,-10.144697189331055
7.38,344.4202880859375,26.248125076293945,-10.144697189331055
7.39,344.70654296875,26.167922973632812,-10.144697189331055
7.4,344.9915466308594,26.087352752685547,-10.144697189331055
7.41,345.26922607421875,26.00111198425293,-10.144697189331055
7.42,345.54986572265625,25.91824722290039,-10.144697189331055
7.43,345.8232421875,25.829761505126953,-10.144697189331055
7.44,346.1016845703125,25.746532440185547,-10.144697189331055
7.45,346.39117431640625,25.673818588256836,-10.144697189331055
7.46,346.67938232421875,25.600664138793945,-10.144697189331055
7.47,346.9683532714844,25.52878761291504,-10.154257774353027
7.48,347.25604248046875,25.45648193359375,-10.154257774353027
7.49,347.54656982421875,25.387266159057617,-10.163819313049316
7.5,347.83990478515625,25.321239471435547,-10.163819313049316
7.51,348.12982177734375,25.25282859802246,-10.163819313049316
7.52,348.4123840332031,25.178491592407227,-10.163819313049316
7.53,348.68768310546875,25.098373413085938,-10.163819313049316
7.54,348.9579162597656,25.014474868774414,-10.163819313049316
7.55,349.22723388671875,24.930524826049805,-10.163819313049316
7.56,349.50384521484375,24.853910446166992,-10.163819313049316
7.57,349.7794494628906,24.77712059020996,-10.163819313049316
7.58,350.0499267578125,24.696348190307617,-10.173380851745605
7.59,350.3194885253906,24.615524291992188,-10.173380851745605
7.6,350.59844970703125,24.543968200683594,-10.173380851745605
7.61,350.8743591308594,24.470233917236328,-10.182942390441895
7.62,351.15338134765625,24.400053024291992,-10.182942390441895
7.63,351.4251708984375,24.323999404907227,-10.182942390441895
7.64,351.7064514160156,24.257221221923828,-10.192503929138184
7.65,351.9825439453125,24.186363220214844,-10.192503929138184
7.66,352.2576599121094,24.115337371826172,-10.192503929138184
7.67,352.5298156738281,24.042285919189453,-10.192503929138184
7.68,352.80316162109375,23.971036911010742,-10.192503929138184
7.69,353.0714416503906,23.895843505859375,-10.192503929138184
7.7,353.33270263671875,23.81491470336914,-10.192503929138184
7.71,353.5912170410156,23.73223876953125,-10.192503929138184
7.72,353.84490966796875,23.64590072631836,-10.192503929138184
7.73,354.0939025878906,23.556045532226562,-10.192503929138184
7.74,354.33612060546875,23.460773468017578,-10.192503929138184
7.75,354.5716552734375,23.360191345214844,-10.192503929138184
7.76,354.80474853515625,23.258373260498047,-10.182942390441895
7.77,355.03973388671875,23.159282684326172,-10.182942390441895
7.78,355.2786865234375,23.06479835510254,-10.182942390441895
7.79,355.5130920410156,22.96694564819336,-10.182942390441895
7.8,355.7579650878906,22.879806518554688,-10.182942390441895
7.81,355.9960632324219,22.787172317504883,-10.182942390441895
7.82,356.2296142578125,22.691055297851562,-10.192503929138184
7.83,356.4565124511719,22.589632034301758,-10.192503929138184
7.84,356.68768310546875,22.493173599243164,-10.192503929138184
7.85,356.9208984375,22.39954376220703,-10.192503929138184
7.86,357.1496276855469,22.30248260498047,-10.202065467834473
7.87,357.3739929199219,22.20212745666504,-10.211627006530762
7.88,357.59613037109375,22.100536346435547,-10.22118854522705
7.89,357.8161926269531,21.998004913330078,-10.211627006530762
7.9,358.0297546386719,21.890287399291992,-10.211627006530762
7.91,358.2369079589844,21.777484893798828,-10.211627006530762
7.92,358.437744140625,21.659690856933594,-10.211627006530762
7.93,358.6434020996094,21.547618865966797,-10.211627006530762
7.94,358.85382080078125,21.441158294677734,-10.211627006530762
7.95,359.07354736328125,21.344623565673828,-10.211627006530762
7.96,359.2867431640625,21.242769241333008,-10.211627006530762
7.97,359.4979553222656,21.13998794555664,-10.211627006530762
7.98,359.7027587890625,21.032024383544922,-10.211627006530762
7.99,359.9057922363281,20.923368453979492,-10.211627006530762
8,360.1047668457031,20.811729431152344,-10.22118854522705
8.01,360.2974853515625,20.695087432861328,-10.22118854522705
8.02,360.486328125,20.5757999420166,-10.22118854522705
8.03,360.6759033203125,20.458351135253906,-10.22118854522705
8.04,360.87078857421875,20.347187042236328,-10.22118854522705
8.05,361.07330322265625,20.24454689025879,-10.22118854522705
8.06,361.2764587402344,20.143516540527344,-10.22118854522705
8.07,361.4732666015625,20.03727149963379,-10.22118854522705
8.08,361.66619873046875,19.928260803222656,-10.22118854522705
8.09,361.8529968261719,19.814292907714844,-10.22118854522705
8.1,362.0430908203125,19.704654693603516,-10.22118854522705
8.11,362.2318115234375,19.594745635986328,-10.22118854522705
8.12,362.4191589355469,19.484533309936523,-10.22118854522705
8.13,362.6006774902344,19.36962127685547,-10.22118854522705
8.14,362.7832336425781,19.25688362121582,-10.22118854522705
8.15,362.9668273925781,19.146276473999023,-10.22118854522705
8.16,363.1559143066406,19.04220199584961,-10.22118854522705
8.17,363.34588623046875,18.940040588378906,-10.22118854522705
8.18,363.53228759765625,18.835342407226562,-10.22118854522705
8.19,363.71527099609375,18.728275299072266,-10.22118854522705
8.2,363.89703369140625,18.621231079101562,-10.202065467834473
8.21,364.0711669921875,18.507579803466797,-10.202065467834473
8.22,364.239990234375,18.389888763427734,-10.182942390441895
8.23,364.4035949707031,18.26811981201172,-10.182942390441895
8.24,364.56427001953125,18.144556045532227,-10.182942390441895
8.25,364.73699951171875,18.034305572509766,-10.192503929138184
8.26,364.90447998046875,17.91998291015625,-10.182942390441895
8.27,365.0690612792969,17.803823471069336,-10.182942390441895
8.28,365.2433166503906,17.69858741760254,-10.192503929138184
8.29,365.4207763671875,17.597585678100586,-10.202065467834473
8.3,365.59722900390625,17.49659538269043,-10.202065467834473
8.31,365.772705078125,17.39564323425293,-10.202065467834473
8.32,365.94927978515625,17.29685401916504,-10.202065467834473
8.33,366.122802734375,17.19593048095703,-10.202065467834473
8.34,366.2912902832031,17.090858459472656,-10.202065467834473
8.35,366.4548034667969,16.981769561767578,-10.202065467834473
8.36,366.6217346191406,16.87728500366211,-10.202065467834473
8.37,366.7857666015625,16.770919799804688,-10.202065467834473
8.38,366.9449768066406,16.660757064819336,-10.192503929138184
8.39,367.1055603027344,16.553138732910156,-10.192503929138184
8.4,367.2695007324219,16.45020294189453,-10.182942390441895
8.41,367.42059326171875,16.33529281616211,-10.154257774353027
8.42,367.58331298828125,16.233625411987305,-10.154257774353027
8.43,367.7432861328125,16.130186080932617,-10.154257774353027
8.44,367.8986511230469,16.02297019958496,-10.154257774353027
8.45,368.0494079589844,15.91209602355957,-10.154257774353027
8.46,368.19970703125,15.8018798828125,-10.154257774353027
8.47,368.3455505371094,15.688132286071777,-10.154257774353027
8.48,368.4969787597656,15.581418991088867,-10.154257774353027
8.49,368.6578674316406,15.485727310180664,-10.154257774353027
8.5,368.81414794921875,15.386247634887695,-10.154257774353027
8.51,368.94219970703125,15.258098602294922,-10.154257774353027
8.52,369.08990478515625,15.151949882507324,-10.154257774353027
8.53,369.2391662597656,15.04858112335205,-10.154257774353027
8.54,369.38409423828125,14.941713333129883,-10.154257774353027
8.55,369.5306396484375,14.83788013458252,-10.135135650634766
8.56,369.68475341796875,14.742953300476074,-10.154257774353027
8.57,369.8345031738281,14.644603729248047,-10.135135650634766
8.58,369.9917297363281,14.555200576782227,-10.135135650634766
8.59,370.14453125,14.46220588684082,-10.125574111938477
8.6,370.2930603027344,14.365631103515625,-10.125574111938477
8.61,370.43731689453125,14.265581130981445,-10.125574111938477
8.62,370.587158203125,14.172481536865234,-10.125574111938477
8.63,370.73272705078125,14.075971603393555,-10.116012573242188
8.64,370.8702697753906,13.971959114074707,-10.116012573242188
8.65,371.0096130371094,13.870949745178223,-10.116012573242188
8.66,371.1488037109375,13.770849227905273,-10.116012573242188
8.67,371.2974853515625,13.681872367858887,-10.125574111938477
8.68,371.4420166015625,13.589420318603516,-10.125574111938477
8.69,371.5824890136719,13.493688583374023,-10.116012573242188
8.7,371.72283935546875,13.398932456970215,-10.106451034545898
8.71,371.85919189453125,13.300902366638184,-10.106451034545898
8.72,371.9915771484375,13.199695587158203,-10.106451034545898
8.73,372.12005615234375,13.095406532287598,-10.106451034545898
8.74,372.2447204589844,12.988129615783691,-10.106451034545898
8.75,372.3656005859375,12.877955436706543,-10.106451034545898
8.76,372.48468017578125,12.767020225524902,-10.106451034545898
8.77,372.6000671386719,12.653322219848633,-10.106451034545898
8.78,372.7195739746094,12.545247077941895,-10.106451034545898
8.79,372.83929443359375,12.438545227050781,-10.106451034545898
8.8,372.9784240722656,12.3538236618042,-10.106451034545898
8.81,373.1155700683594,12.267901420593262,-10.106451034545898
8.82,373.25274658203125,12.182930946350098,-10.106451034545898
8.83,373.38995361328125,12.098909378051758,-10.106451034545898
8.84,373.5233459472656,12.01169204711914,-10.106451034545898
8.85,373.6529541015625,11.921562194824219,-10.08732795715332
8.86,373.78460693359375,11.834601402282715,-10.08732795715332
8.87,373.91253662109375,11.74457836151123,-10.08732795715332
8.88,374.03680419921875,11.651582717895508,-10.08732795715332
8.89,374.157470703125,11.555702209472656,-10.08732795715332
8.9,374.27459716796875,11.457021713256836,-10.08732795715332
8.91,374.399658203125,11.367976188659668,-10.08732795715332
8.92,374.52496337890625,11.280163764953613,-10.08732795715332
8.93,374.6428527832031,11.185306549072266,-10.08732795715332
8.94,374.75726318359375,11.087717056274414,-10.08732795715332
8.95,374.8720703125,10.991612434387207,-10.08732795715332
8.96,374.98919677734375,10.899016380310059,-10.08732795715332
8.97,375.10858154296875,10.809873580932617,-10.08732795715332
8.98,375.232177734375,10.726223945617676,-10.08732795715332
8.99,375.3522644042969,10.6397066116333,-10.08732795715332
9,375.46124267578125,10.54214859008789,-10.08732795715332
9.01,375.5631408691406,10.438005447387695,-10.08732795715332
9.02,375.66558837890625,10.335577011108398,-10.08732795715332
9.03,375.76483154296875,10.230785369873047,-10.08732795715332
9.04,375.8685302734375,10.132051467895508,-10.077767372131348
9.05,375.96331787109375,10.024675369262695,-10.08732795715332
9.06,376.0550231933594,9.915118217468262,-10.08732795715332
9.07,376.1436767578125,9.803549766540527,-10.077767372131348
9.08,376.24072265625,9.70215129852295,-10.08732795715332
9.09,376.3346862792969,9.598613739013672,-10.077767372131348
9.1,376.427490234375,9.494943618774414,-10.077767372131348
9.11,376.51727294921875,9.389044761657715,-10.08732795715332
9.12,376.6060485839844,9.283172607421875,-10.08732795715332
9.13,376.6918640136719,9.175263404846191,-10.08732795715332
9.14,376.7918701171875,9.08389949798584,-10.077767372131348
9.15,376.88507080078125,8.98627758026123,-10.068205833435059
9.16,376.9866943359375,8.898783683776855,-10.068205833435059
9.17,377.08526611328125,8.808947563171387,-10.068205833435059
9.18,377.18084716796875,8.716840744018555,-10.068205833435059
9.19,377.2734375,8.622632026672363,-10.05864429473877
9.2,377.36309814453125,8.52629566192627,-10.05864429473877
9.21,377.4499206542969,8.427901268005371,-10.05864429473877
9.22,377.5339050292969,8.327515602111816,-10.05864429473877
9.23,377.6151123046875,8.225207328796387,-10.05864429473877
9.24,377.6973571777344,8.125144004821777,-10.05864429473877
9.25,377.7843933105469,8.03133773803711,-10.05864429473877
9.26,377.8686828613281,7.93563175201416,-10.04908275604248
9.27,377.9577941894531,7.846190452575684,-10.04908275604248
9.28,378.0498046875,7.760817527770996,-10.04908275604248
9.29,378.1333312988281,7.667220592498779,-10.04908275604248
9.3,378.2141418457031,7.571712017059326,-10.04908275604248
9.31,378.2922668457031,7.474356174468994,-10.04908275604248
9.32,378.3620910644531,7.36911153793335,-10.04908275604248
9.33,378.4294128417969,7.262088298797607,-10.068205833435059
9.34,378.4999084472656,7.159637928009033,-10.068205833435059
9.35,378.56787109375,7.055584907531738,-10.068205833435059
9.36,378.6390380859375,6.955990314483643,-10.077767372131348
9.37,378.70770263671875,6.854776859283447,-10.077767372131348
9.38,378.78717041015625,6.766261100769043,-10.077767372131348
9.39,378.8640441894531,6.675929546356201,-10.077767372131348
9.4,378.9402770996094,6.585948944091797,-10.068205833435059
9.41,379.0196533203125,6.500316619873047,-10.068205833435059
9.42,379.09649658203125,6.41287088394165,-10.068205833435059
9.43,379.1651611328125,6.317685127258301,-10.05864429473877
9.44,379.2370910644531,6.227019786834717,-10.05864429473877
9.45,379.30657958984375,6.1347174644470215,-10.05864429473877
9.46,379.3736877441406,6.040835380554199,-10.05864429473877
9.47,379.43841552734375,5.945333957672119,-10.068205833435059
9.48,379.504638671875,5.852530479431152,-10.05864429473877
9.49,379.57611083984375,5.766454696655273,-10.04908275604248
9.5,379.6452331542969,5.6787519454956055,-10.04908275604248
9.51,379.7120056152344,5.589286804199219,-10.068205833435059
9.52,379.77642822265625,5.4983062744140625,-10.068205833435059
9.53,379.838623046875,5.405864715576172,-10.068205833435059
9.54,379.8985595703125,5.312015533447266,-10.068205833435059
9.55,379.956298828125,5.216715335845947,-10.077767372131348
9.56,380.0024108886719,5.109996318817139,-10.077767372131348
9.57,380.0465087890625,5.002246856689453,-10.077767372131348
9.58,380.088623046875,4.893418312072754,-10.08732795715332
9.59,380.1249694824219,4.779599189758301,-10.08732795715332
9.6,380.1594543457031,4.66497802734375,-10.08732795715332
9.61,380.19586181640625,4.553744792938232,-10.077767372131348
9.62,380.23040771484375,4.441707611083984,-10.077767372131348
9.63,380.2630920410156,4.328909873962402,-10.077767372131348
9.64,380.2976989746094,4.219476699829102,-10.068205833435059
9.65,380.33245849609375,4.11133337020874,-10.068205833435059
9.66,380.3766784667969,4.014499664306641,-10.068205833435059
9.67,380.4303283691406,3.9288086891174316,-10.068205833435059
9.68,380.48199462890625,3.842003107070923,-10.05864429473877
9.69,380.5203857421875,3.7418136596679688,-10.068205833435059
9.7,380.55133056640625,3.6348347663879395,-10.05864429473877
9.71,380.58056640625,3.5271761417388916,-10.05864429473877
9.72,380.61376953125,3.424905300140381,-10.05864429473877
9.73,380.645263671875,3.321901559829712,-10.05864429473877
9.74,380.677001953125,3.2202515602111816,-10.05864429473877
9.75,380.7070617675781,3.1178066730499268,-10.068205833435059
9.76,380.7355041503906,3.014796018600464,-10.05864429473877
9.77,380.7623291015625,2.910970687866211,-10.077767372131348
9.78,380.7931823730469,2.8127663135528564,-10.05864429473877
9.79,380.82427978515625,2.7156739234924316,-10.077767372131348
9.8,380.8631591796875,2.6281280517578125,-10.05864429473877
9.81,380.90032958984375,2.5397143363952637,-10.05864429473877
9.82,380.93023681640625,2.4442713260650635,-10.077767372131348
9.83,380.95855712890625,2.34816837310791,-10.077767372131348
9.84,380.99658203125,2.263645887374878,-10.05864429473877
9.85,381.0235900878906,2.168151378631592,-10.068205833435059
9.86,381.049072265625,2.072159767150879,-10.05864429473877
9.87,381.0730895996094,1.975609540939331,-10.05864429473877
9.88,381.0937805175781,1.8765546083450317,-10.05864429473877
9.89,381.1130676269531,1.7770516872406006,-10.05864429473877
9.9,381.1253356933594,1.6711370944976807,-10.05864429473877
9.91,381.1419677734375,1.5709640979766846,-10.05864429473877
9.92,381.1572570800781,1.4704365730285645,-10.05864429473877
9.93,381.1712341308594,1.3695850372314453,-10.05864429473877
9.94,381.1839294433594,1.268439531326294,-10.05864429473877
9.95,381.20098876953125,1.173018455505371,-10.05864429473877
9.96,381.2167053222656,1.0772316455841064,-10.05864429473877
9.97,381.2367858886719,0.9870953559875488,-10.05864429473877
9.98,381.2518005371094,0.8923219442367554,-10.077767372131348
9.99,381.26556396484375,0.7972285151481628,-10.077767372131348
10,381.2818603515625,0.7057554721832275,-10.08732795715332
10.01,381.2969055175781,0.614027738571167,-10.077767372131348
10.02,381.3069763183594,0.5180681943893433,-10.068205833435059
10.03,381.3140563964844,0.4199277460575104,-10.068205833435059
10.04,381.3218994140625,0.3235260546207428,-10.077767372131348
10.05,381.3323669433594,0.23097114264965057,-10.077767372131348
10.06,381.33795166015625,0.13410072028636932,-10.08732795715332
10.07,381.34246826171875,0.03731650859117508,-10.068205833435059
10.08,381.3459167480469,-0.05973974987864494,-10.08732795715332
10.09,381.3483581542969,-0.15666143596172333,-10.068205833435059
10.1,381.3498229980469,-0.2538088858127594,-10.08732795715332
10.11,381.35028076171875,-0.3509680926799774,-10.08732795715332
10.12,381.34979248046875,-0.4481163024902344,-10.08732795715332
10.13,381.3483581542969,-0.5452321767807007,-10.08732795715332
10.14,381.3459777832031,-0.6422943472862244,-10.08732795715332
10.15,381.3427429199219,-0.7392821907997131,-10.08732795715332
10.16,381.34234619140625,-0.8321815133094788,-10.08732795715332
10.17,381.3410339355469,-0.9249563813209534,-10.077767372131348
10.18,381.3501281738281,-1.005797028541565,-10.08732795715332
10.19,381.35821533203125,-1.0867321491241455,-10.077767372131348
10.2,381.372802734375,-1.1599104404449463,-10.077767372131348
10.21,381.3863525390625,-1.2335971593856812,-10.09688949584961
10.22,381.3914489746094,-1.3153083324432373,-10.077767372131348
10.23,381.3956298828125,-1.3971190452575684,-10.077767372131348
10.24,381.3951721191406,-1.4829986095428467,-10.077767372131348
10.25,381.39202880859375,-1.5711015462875366,-10.106451034545898
10.26,381.3899230957031,-1.6571524143218994,-10.106451034545898
10.27,381.38519287109375,-1.7450065612792969,-10.09688949584961
10.28,381.3777770996094,-1.8347595930099487,-10.09688949584961
10.29,381.3696594238281,-1.924423098564148,-10.106451034545898
10.3,381.3589782714844,-2.0158486366271973,-10.106451034545898
10.31,381.345703125,-2.1091315746307373,-10.116012573242188
10.32,381.32806396484375,-2.2060799598693848,-10.116012573242188
10.33,381.30987548828125,-2.3025152683258057,-10.106451034545898
10.34,381.2892761230469,-2.4004831314086914,-10.106451034545898
10.35,381.26812744140625,-2.4979653358459473,-10.106451034545898
10.36,381.24462890625,-2.596912145614624,-10.106451034545898
10.37,381.2206726074219,-2.6953089237213135,-10.106451034545898
10.38,381.1962585449219,-2.793145179748535,-10.106451034545898
10.39,381.1737365722656,-2.7877795696258545,0
10.4,381.1517639160156,-2.781526803970337,0
10.41,381.13031005859375,-2.774782419204712,0
10.42,381.109375,-2.7675580978393555,0
10.43,381.0945129394531,-2.7539279460906982,0
10.44,381.0801086425781,-2.73996901512146,0
10.45,381.0661315917969,-2.725691080093384,0
10.46,381.0582275390625,-2.705108642578125,0
10.47,381.0450744628906,-2.6903507709503174,0
10.48,381.0323181152344,-2.675302028656006,0
10.49,381.0256042480469,-2.6539783477783203,0
10.5,381.01361083984375,-2.6385040283203125,0
10.51,381.0076599121094,-2.6167736053466797,0
10.52,380.9945983886719,-2.60286545753479,0
10.53,380.9763488769531,-2.5946004390716553,0
10.54,380.954833984375,-2.5899012088775635,0
10.55,380.93194580078125,-2.5866777896881104,0
10.56,380.9076843261719,-2.5849575996398926,0
10.57,380.8858642578125,-2.5806782245635986,0
10.58,380.8645324707031,-2.5759105682373047,0
10.59,380.8418273925781,-2.572681427001953,0
10.6,380.8196105957031,-2.568944215774536,0
10.61,380.8016357421875,-2.5607385635375977,0
10.62,380.7803955078125,-2.556103467941284,0
10.63,380.76519775390625,-2.545067310333252,0
10.64,380.7504577636719,-2.53369402885437,0
10.65,380.73614501953125,-2.521994113922119,0
10.66,380.7166748046875,-2.515901565551758,0
10.67,380.6976623535156,-2.5093743801116943,0
10.68,380.6791076660156,-2.502423048019409,0
10.69,380.65728759765625,-2.4990246295928955,0
10.7,380.62664794921875,-2.5050268173217773,0
10.71,380.60589599609375,-2.500452756881714,0
10.72,380.58563232421875,-2.495415687561035,0
10.73,380.5565185546875,-2.499811887741089,0
10.74,380.53729248046875,-2.4936695098876953,0
10.75,380.5111389160156,-2.4949703216552734,0
10.76,380.4836120605469,-2.497696876525879,0
10.77,380.454833984375,-2.501760244369507,0
10.78,380.4303283691406,-2.5012121200561523,0
10.79,380.4063415527344,-2.500115394592285,0
10.8,380.38287353515625,-2.4984822273254395,0
10.81,380.35992431640625,-2.496323823928833,0
10.82,380.3467712402344,-2.4837732315063477,0
10.83,380.32470703125,-2.4808104038238525,0
10.84,380.2975769042969,-2.483268976211548,0
10.85,380.26727294921875,-2.4890825748443604,0
10.86,380.237548828125,-2.494216203689575,0
10.87,380.2046813964844,-2.5026447772979736,0
10.88,380.1761474609375,-2.5063743591308594,0
10.89,380.148193359375,-2.5094645023345947,0
10.9,380.118896484375,-2.5139384269714355,0
10.91,380.08831787109375,-2.519705295562744,0
10.92,380.0564880371094,-2.526737689971924,0
10.93,380.0252685546875,-2.5330560207366943,0
10.94,379.9853515625,-2.5485455989837646,0
10.95,379.9405212402344,-2.5691065788269043,0
10.96,379.89459228515625,-2.590609550476074,0
10.97,379.8438415527344,-2.6169886589050293,0
10.98,379.79388427734375,-2.6422250270843506,0
10.99,379.7447509765625,-2.666337251663208,0
11,379.6852722167969,-2.701160430908203,0
11.01,379.6267395019531,-2.7346441745758057,0
11.02,379.569091796875,-2.7668097019195557,0
11.03,379.5123291015625,-2.7976770401000977,0
11.04,379.46759033203125,-2.815453052520752,0
11.05,379.4161682128906,-2.8401386737823486,0
11.06,379.3656005859375,-2.8636679649353027,0
11.07,379.3103332519531,-2.8919668197631836,0
11.08,379.25408935546875,-2.9209699630737305,0
11.09,379.2005920410156,-2.946760416030884,0
11.1,379.14794921875,-2.9713478088378906,0
11.11,379.09619140625,-2.9947519302368164,0
11.12,379.04345703125,-3.0189411640167236,0
11.13,378.9916076660156,-3.041945219039917,0
11.14,378.9276123046875,-3.0776000022888184,0
11.15,378.8646240234375,-3.1118156909942627,0
11.16,378.7914733886719,-3.156421661376953,0
11.17,378.7194519042969,-3.1993813514709473,0
11.18,378.6410827636719,-3.2486298084259033,0
11.19,378.5712890625,-3.2882046699523926,0
11.2,378.50262451171875,-3.3262104988098145,0
11.21,378.4424133300781,-3.3548221588134766,0
11.22,378.3832092285156,-3.3820815086364746,0
11.23,378.3249816894531,-3.4080111980438232,0
11.24,378.2677001953125,-3.4326331615448,0
11.25,378.2113952636719,-3.4559693336486816,0
11.26,378.1430969238281,-3.491788387298584,0
11.27,378.0758972167969,-3.5260725021362305,0
11.28,378.00787353515625,-3.560854434967041,0
11.29,377.94091796875,-3.5941078662872314,0
11.3,377.8695068359375,-3.6317548751831055,0
11.31,377.7973937988281,-3.6697447299957275,0
11.32,377.7264099121094,-3.7061140537261963,0
11.33,377.6546936035156,-3.7428953647613525,0
11.34,377.5804748535156,-3.7819581031799316,0
11.35,377.5074157714844,-3.8193535804748535,0
11.36,377.4299011230469,-3.861065149307251,0
11.37,377.3536376953125,-3.901035785675049,0
11.38,377.2785949707031,-3.93929386138916,0
11.39,377.1954650878906,-3.9857141971588135,0
11.4,377.1136169433594,-4.030267238616943,0
11.41,377.0145568847656,-4.092615127563477,0
11.42,376.9169616699219,-4.152736663818359,0
11.43,376.8133850097656,-4.218564033508301,0
11.44,376.715087890625,-4.278114318847656,0
11.45,376.6127014160156,-4.341348648071289,0
11.46,376.50994873046875,-4.404287338256836,0
11.47,376.4087829589844,-4.464917182922363,0
11.48,376.30914306640625,-4.523273944854736,0
11.49,376.2110290527344,-4.579392910003662,0
11.5,376.1163024902344,-4.631302356719971,0
11.51,376.02117919921875,-4.683090686798096,0
11.52,375.9275207519531,-4.732743263244629,0
11.53,375.8316955566406,-4.784183025360107,0
11.54,375.7410583496094,-4.829583168029785,0
11.55,375.6407775878906,-4.884734153747559,0
11.56,375.54022216796875,-4.939578056335449,0
11.57,375.4412536621094,-4.9921650886535645,0
11.58,375.3438415527344,-5.042531490325928,0
11.59,375.2442932128906,-5.094660758972168,0
11.6,375.1463317871094,-5.144556999206543,0
11.61,375.04437255859375,-5.198145866394043,0
11.62,374.9384765625,-5.255338191986084,0
11.63,374.8323669433594,-5.312158584594727,0
11.64,374.72979736328125,-5.364594459533691,0
11.65,374.6233215332031,-5.420619487762451,0
11.66,374.5185546875,-5.474256992340088,0
11.67,374.41357421875,-5.527547359466553,0
11.68,374.3102722167969,-5.578484058380127,0
11.69,374.1919860839844,-5.644771575927734,0
11.7,374.0662536621094,-5.718239784240723,0
11.71,373.94244384765625,-5.788886547088623,0
11.72,373.820556640625,-5.85675573348999,0
11.73,373.6950378417969,-5.927778720855713,0
11.74,373.5696105957031,-5.997929573059082,0
11.75,373.43505859375,-6.0770416259765625,0
11.76,373.298828125,-6.157078266143799,0
11.77,373.1683654785156,-6.230114936828613,0
11.78,373.0362548828125,-6.304169654846191,0
11.79,372.9061584472656,-6.375261306762695,0
11.8,372.7762145996094,-6.445437431335449,0
11.81,372.646484375,-6.51464319229126,0
11.82,372.5169677734375,-6.582883834838867,0
11.83,372.3895263671875,-6.648221969604492,0
11.84,372.2604064941406,-6.714646816253662,0
11.85,372.11669921875,-6.79583215713501,0
11.86,371.9752197265625,-6.873795032501221,0
11.87,371.8322448730469,-6.952530384063721,0
11.88,371.6841125488281,-7.035887241363525,0
11.89,371.5382385253906,-7.115922927856445,0
11.9,371.3946533203125,-7.192689418792725,0
11.91,371.25146484375,-7.2682390213012695,0
11.92,371.11053466796875,-7.340580463409424,0
11.93,370.9682312011719,-7.4136481285095215,0
11.94,370.8262939453125,-7.485528469085693,0
11.95,370.68292236328125,-7.558170318603516,0
11.96,370.5362854003906,-7.633484363555908,0
11.97,370.3883361816406,-7.7093963623046875,0
11.98,370.2427673339844,-7.7819952964782715,0
11.99,370.09210205078125,-7.85921573638916,0
12,369.93463134765625,-7.942826271057129,0
12.01,369.7796325683594,-8.022909164428711,0
12.02,369.625244140625,-8.101519584655762,0
12.03,369.4566650390625,-8.194315910339355,0
12.04,369.2889099121094,-8.285277366638184,0
12.05,369.12005615234375,-8.376420974731445,0
12.06,368.953857421875,-8.46378231048584,0
12.07,368.7903137207031,-8.547423362731934,0
12.08,368.6311950683594,-8.625463485717773,0
12.09,368.4765625,-8.697944641113281,0
12.1,368.32257080078125,-8.768964767456055,0
12.11,368.171142578125,-8.836540222167969,0
12.12,368.0203552246094,-8.902667999267578,0
12.13,367.8721008300781,-8.965424537658691,0
12.14,367.7263488769531,-9.024866104125977,0
12.15,367.5609130859375,-9.104560852050781,0
12.16,367.3907165527344,-9.188430786132812,0
12.17,367.2232666015625,-9.268492698669434,0
12.18,367.0585632324219,-9.344809532165527,0
12.19,366.8891906738281,-9.425259590148926,0
12.2,366.72259521484375,-9.501921653747559,0
12.21,366.5531921386719,-9.580734252929688,0
12.22,366.3736572265625,-9.669450759887695,0
12.23,366.197021484375,-9.754151344299316,0
12.24,366.0195617675781,-9.838837623596191,0
12.25,365.8431701660156,-9.92149543762207,0
12.26,365.6696472167969,-10.00020980834961,0
12.27,365.49346923828125,-10.080920219421387,0
12.28,365.3164978027344,-10.161628723144531,0
12.29,365.1424255371094,-10.238381385803223,0
12.3,364.9749755859375,-10.307308197021484,0
12.31,364.8103942871094,-10.3724946975708,0
12.32,364.6485900878906,-10.434005737304688,0
12.33,364.478515625,-10.50365161895752,0
12.34,364.3094177246094,-10.57149600982666,0
12.35,364.1395568847656,-10.639439582824707,0
12.36,363.9670715332031,-10.709463119506836,0
12.37,363.78826904296875,-10.785442352294922,0
12.38,363.6124572753906,-10.857427597045898,0
12.39,363.4396057128906,-10.925487518310547,0
12.4,363.2697448730469,-10.9896879196167,0
12.41,363.1028137207031,-11.050097465515137,0
12.42,362.9295349121094,-11.11658763885498,0
12.43,362.76849365234375,-11.169404029846191,0
12.44,362.6103210449219,-11.218628883361816,0
12.45,362.44207763671875,-11.278005599975586,0
12.46,362.2767639160156,-11.33362865447998,0
12.47,362.1143798828125,-11.385564804077148,0
12.48,361.9456481933594,-11.443681716918945,0
12.49,361.7798767089844,-11.498035430908203,0
12.5,361.6077880859375,-11.558494567871094,0
12.51,361.4350891113281,-11.618989944458008,0
12.52,361.2395324707031,-11.703042984008789,0
12.53,361.02142333984375,-11.810079574584961,0
12.54,360.7975769042969,-11.922043800354004,0
12.55,360.5736083984375,-12.032939910888672,0
12.56,360.34405517578125,-12.148573875427246,0
12.57,360.1163635253906,-12.261016845703125,0
12.58,359.8923645019531,-12.36837387084961,0
12.59,359.6719970703125,-12.470728874206543,0
12.6,359.4533996582031,-12.570158958435059,0
12.61,359.236572265625,-12.666646003723145,0
12.62,359.0177917480469,-12.76416015625,0
12.63,358.8026428222656,-12.856791496276855,0
12.64,358.5855712890625,-12.950488090515137,0
12.65,358.37030029296875,-13.041277885437012,0
12.66,358.15496826171875,-13.131195068359375,0
12.67,357.9340515136719,-13.226044654846191,0
12.68,357.713134765625,-13.31989574432373,0
12.69,357.4996337890625,-13.404888153076172,0
12.7,357.28607177734375,-13.489049911499023,0
12.71,357.076171875,-13.568449974060059,0
12.72,356.8680725097656,-13.645106315612793,0
12.73,356.6636047363281,-13.717123985290527,0
12.74,356.46270751953125,-13.784584999084473,0
12.75,356.2376403808594,-13.876891136169434,0
12.76,356.0016174316406,-13.97983455657959,0
12.77,355.7677001953125,-14.079447746276855,0
12.78,355.53033447265625,-14.181642532348633,0
12.79,355.2822265625,-14.294139862060547,0
12.8,355.0345153808594,-14.405031204223633,0
12.81,354.7909240722656,-14.510397911071777,0
12.82,354.5513916015625,-14.610332489013672,0
12.83,354.3158874511719,-14.704927444458008,0
12.84,354.08441162109375,-14.794272422790527,0
12.85,353.8550720214844,-14.88039493560791,0
12.86,353.6204528808594,-14.971195220947266,0
12.87,353.3880310058594,-15.05870246887207,0
12.88,353.1614990234375,-15.139097213745117,0
12.89,352.93890380859375,-15.214446067810059,0
12.9,352.7202453613281,-15.284838676452637,0
12.91,352.5018005371094,-15.354230880737305,0
12.92,352.28729248046875,-15.418761253356934,0
12.93,352.0766296386719,-15.478517532348633,0
12.94,351.8642578125,-15.539445877075195,0
12.95,351.65203857421875,-15.599575996398926,0
12.96,351.4326477050781,-15.666643142700195,0
12.97,351.1839599609375,-15.763984680175781,0
12.98,350.93218994140625,-15.863577842712402,0
12.99,350.66998291015625,-15.973148345947266,0
13,350.3937683105469,-16.096385955810547,0
13.01,350.1092529296875,-16.22711753845215,0
13.02,349.82940673828125,-16.35150909423828,0
13.03,349.5246887207031,-16.500886917114258,0
13.04,349.22308349609375,-16.645402908325195,0
13.05,348.9190368652344,-16.790987014770508,0
13.06,348.6199035644531,-16.929794311523438,0
13.07,348.32568359375,-17.061933517456055,0
13.08,348.0418701171875,-17.18166160583496,0
13.09,347.7665100097656,-17.291202545166016,0
13.1,347.4995422363281,-17.390687942504883,0
13.11,347.2371826171875,-17.484230041503906,0
13.12,346.97943115234375,-17.57193374633789,0
13.13,346.7262268066406,-17.653902053833008,0
13.14,346.4775085449219,-17.73023796081543,0
13.15,346.2332458496094,-17.801042556762695,0
13.16,345.9842529296875,-17.876136779785156,0
13.17,345.726806640625,-17.959335327148438,0
13.18,345.4702453613281,-18.04073143005371,0
13.19,345.21826171875,-18.116422653198242,0
13.2,344.9284973144531,-18.231298446655273,0
13.21,344.6436767578125,-18.339723587036133,0
13.22,344.3600158691406,-18.44573402404785,0
13.23,344.0316467285156,-18.597942352294922,0
13.24,343.7049560546875,-18.74675941467285,0
13.25,343.3818359375,-18.89023208618164,0
13.26,343.0530090332031,-19.038217544555664,0
13.27,342.71490478515625,-19.19445037841797,0
13.28,342.3786926269531,-19.347015380859375,0
13.29,342.046142578125,-19.49408531188965,0
13.3,341.7191162109375,-19.633750915527344,0
13.31,341.3994445800781,-19.764148712158203,0
13.32,341.0852355957031,-19.887434005737305,0
13.33,340.7763671875,-20.00372886657715,0
13.34,340.47283935546875,-20.1131534576416,0
13.35,340.1764221191406,-20.213895797729492,0
13.36,339.8852233886719,-20.308048248291016,0
13.37,339.5992126464844,-20.395729064941406,0
13.38,339.318359375,-20.477054595947266,0
13.39,339.0425720214844,-20.552141189575195,0
13.4,338.6669616699219,-20.73196792602539,0
13.41,337.5960693359375,-21.645009994506836,0
13.42,336.5386657714844,-22.534109115600586,0
13.43,335.4947204589844,-23.39957046508789,0
13.44,334.4641418457031,-24.24169921875,0
13.45,333.4469299316406,-25.06079864501953,0
13.46,332.4613952636719,-25.837751388549805,0
13.47,331.57501220703125,-26.50162124633789,0
13.48,330.845703125,-26.992462158203125,0
13.49,330.1837158203125,-27.406909942626953,0
13.5,329.85845947265625,-27.461013793945312,0
13.51,329.795166015625,-27.23765754699707,0
13.52,329.7353515625,-27.012958526611328,0
13.53,329.6789855957031,-26.7869930267334,0
13.54,329.6260070800781,-26.559837341308594,0
13.55,329.57635498046875,-26.331567764282227,0
13.56,329.458251953125,-26.1780948638916,0
13.57,329.1639404296875,-26.212488174438477,0
13.58,328.7927551269531,-26.32777214050293,0
13.59,328.404296875,-26.46006965637207,0
13.6,327.9841613769531,-26.624488830566406,0
13.61,327.1858215332031,-27.186880111694336,0
13.62,326.398681640625,-27.731464385986328,0
13.63,325.6227111816406,-28.25849723815918,0
13.64,324.8908386230469,-28.73332977294922,0
13.65,324.1696472167969,-29.191852569580078,0
13.66,323.45904541015625,-29.63430404663086,0
13.67,322.7828369140625,-30.035730361938477,0
13.68,322.11688232421875,-30.422096252441406,0
13.69,321.4610900878906,-30.79363250732422,0
13.7,320.8153991699219,-31.150569915771484,0
13.71,320.17974853515625,-31.493135452270508,0
13.72,319.55401611328125,-31.82155418395996,0
13.73,318.74945068359375,-32.335506439208984,0
13.74,317.7534484863281,-33.04629135131836,0
13.75,316.7511901855469,-33.756141662597656,0
13.76,315.70806884765625,-34.501670837402344,0
13.77,314.4710693359375,-35.444175720214844,0
13.78,313.2488708496094,-36.3610725402832,0
13.79,312.04327392578125,-37.250709533691406,0
13.8,310.854248046875,-38.11346435546875,0
13.81,309.681640625,-38.949710845947266,0
13.82,308.52728271484375,-39.75783157348633,0
13.83,307.4586181640625,-40.46685028076172,0
13.84,306.4547424316406,-41.099952697753906,0
13.85,305.4656677246094,-41.71070098876953,0
13.86,304.5534973144531,-42.23371124267578,0
13.87,303.76324462890625,-42.622398376464844,0
13.88,303.0607604980469,-42.91425323486328,0
13.89,302.3994445800781,-43.159549713134766,0
13.9,301.7495422363281,-43.390167236328125,0
13.91,301.1109924316406,-43.606361389160156,0
13.92,300.4836730957031,-43.808387756347656,0
13.93,299.8675231933594,-43.99649429321289,0
13.94,299.2624206542969,-44.170936584472656,0
13.95,298.60601806640625,-44.3977165222168,0
13.96,297.9044189453125,-44.66984939575195,0
13.97,297.21484375,-44.92640686035156,0
13.98,296.46588134765625,-45.24298858642578,0
13.99,295.7294921875,-45.542938232421875,0
14,295.00555419921875,-45.8265380859375,0
14.01,294.3653259277344,-46.01875305175781,0
14.02,293.7366027832031,-46.196773529052734,0
14.03,293.0479736328125,-46.4361686706543,0
14.04,292.4317932128906,-46.596534729003906,0
14.05,291.8396911621094,-46.72976303100586,0
14.06,291.24591064453125,-46.86336135864258,0
14.07,290.6632385253906,-46.98380661010742,0
14.08,290.091552734375,-47.091346740722656,0
14.09,289.5307922363281,-47.18623352050781,0
14.1,288.9808349609375,-47.268707275390625,0
14.11,288.40863037109375,-47.37379837036133,0
14.12,287.8473815917969,-47.466224670410156,0
14.13,287.2969665527344,-47.54623031616211,0
14.14,286.75726318359375,-47.61405944824219,0
14.15,286.270263671875,-47.62553787231445,0
14.16,285.8226318359375,-47.5953254699707,0
14.17,285.3846435546875,-47.555233001708984,0
14.18,284.9269104003906,-47.536407470703125,0
14.19,284.44970703125,-47.53834533691406,0
14.2,284.0409851074219,-47.467952728271484,0
14.21,283.6415100097656,-47.3885498046875,0
14.22,283.1926574707031,-47.36213684082031,0
14.23,282.742431640625,-47.33742904663086,0
14.24,282.2799072265625,-47.325950622558594,0
14.25,281.8271789550781,-47.304264068603516,0
14.26,281.3841247558594,-47.272586822509766,0
14.27,280.9506530761719,-47.23113250732422,0
14.28,280.548583984375,-47.156959533691406,0
14.29,280.13372802734375,-47.09708786010742,0
14.3,279.75006103515625,-47.004913330078125,0
14.31,279.3533630371094,-46.92744827270508,0
14.32,278.9657287597656,-46.84124755859375,0
14.33,278.61810302734375,-46.71372985839844,0
14.34,278.2187194824219,-46.642208099365234,0
14.35,277.7315368652344,-46.66413116455078,0
14.36,277.2543029785156,-46.675296783447266,0
14.37,276.7193603515625,-46.74725341796875,0
14.38,276.1730041503906,-46.83053970336914,0
14.39,275.63726806640625,-46.9017448425293,0
14.4,275.1047058105469,-46.968807220458984,0
14.41,274.4621887207031,-47.15122604370117,0
14.42,273.8276672363281,-47.32326889038086,0
14.43,273.2047424316406,-47.481266021728516,0
14.44,272.5823059082031,-47.63707733154297,0
14.45,271.9330749511719,-47.819522857666016,0
14.46,271.2938232421875,-47.98952102661133,0
14.47,270.65533447265625,-48.15691375732422,0
14.48,269.9993896484375,-48.34096145629883,0
14.49,269.3316345214844,-48.535560607910156,0
14.5,268.6595153808594,-48.73269271850586,0
14.51,267.9903869628906,-48.924564361572266,0
14.52,267.33154296875,-49.10354995727539,0
14.53,266.65557861328125,-49.29873275756836,0
14.54,265.9754333496094,-49.49626922607422,0
14.55,265.3057556152344,-49.6806755065918,0
14.56,264.6336975097656,-49.86565017700195,0
14.57,263.95562744140625,-50.054988861083984,0
14.58,263.2898864746094,-50.22932434082031,0
14.59,262.6363525390625,-50.38893127441406,0
14.6,261.982177734375,-50.54754638671875,0
14.61,261.33465576171875,-50.69746017456055,0
14.62,260.6936950683594,-50.83882522583008,0
14.63,260.0556640625,-50.97563552856445,0
14.64,259.42962646484375,-51.09833908081055,0
14.65,258.8027038574219,-51.220664978027344,0
14.66,258.17681884765625,-51.340614318847656,0
14.67,257.55010986328125,-51.4601936340332,0
14.68,256.9353332519531,-51.565921783447266,0
14.69,256.3287048339844,-51.66191482543945,0
14.7,255.71194458007812,-51.767578125,0
14.71,255.09429931640625,-51.87307357788086,0
14.72,254.48851013183594,-51.96492385864258,0
14.73,253.8944854736328,-52.04339599609375,0
14.74,253.31211853027344,-52.10874938964844,0
14.75,252.74127197265625,-52.16124725341797,0
14.76,252.18185424804688,-52.201148986816406,0
14.77,251.6337127685547,-52.22870635986328,0
14.78,251.0967559814453,-52.244171142578125,0
14.79,250.5708770751953,-52.24779510498047,0
14.8,250.0559539794922,-52.23982620239258,0
14.81,249.550048828125,-52.22243118286133,0
14.82,249.0548858642578,-52.19388961791992,0
14.83,248.57215881347656,-52.15251922607422,0
14.84,248.0980987548828,-52.102439880371094,0
14.85,247.6253204345703,-52.05153274536133,0
14.86,247.13931274414062,-52.01514434814453,0
14.87,246.66380310058594,-51.96805191040039,0
14.88,246.1895751953125,-51.920101165771484,0
14.89,245.68565368652344,-51.903987884521484,0
14.9,245.2124481201172,-51.85563659667969,0
14.91,244.74960327148438,-51.79686737060547,0
14.92,244.2678985595703,-51.758602142333984,0
14.93,243.8257293701172,-51.67904281616211,0
14.94,243.38082885742188,-51.60321044921875,0
14.95,242.94595336914062,-51.51759338378906,0
14.96,242.50466918945312,-51.43965148925781,0
14.97,242.07154846191406,-51.35392761230469,0
14.98,241.6483154296875,-51.2586784362793,0
14.99,241.2184600830078,-51.17142105102539,0
15,240.79843139648438,-51.07471466064453,0
15.01,240.3881378173828,-50.96877670288086,0
15.02,239.98561096191406,-50.85574722290039,0
15.03,239.55804443359375,-50.77031707763672,0
15.04,239.13661193847656,-50.6793327331543,0
15.05,238.72122192382812,-50.58292770385742,0
15.06,238.31546020507812,-50.47739791870117,0
15.07,237.90463256835938,-50.37832260131836,0
15.08,237.47427368164062,-50.30089569091797,0
15.09,237.02821350097656,-50.24083709716797,0
15.1,236.5811309814453,-50.182491302490234,0
15.11,236.14395141601562,-50.114315032958984,0
15.12,235.70751953125,-50.04607009887695,0
15.13,235.27359008789062,-49.97591018676758,0
15.14,234.84213256835938,-49.903892517089844,0
15.15,234.42037963867188,-49.822391510009766,0
15.16,234.00457763671875,-49.73546600341797,0
15.17,233.5474395751953,-49.69305419921875,0
15.18,233.01849365234375,-49.7268180847168,0
15.19,232.50025939941406,-49.748924255371094,0
15.2,231.97994995117188,-49.77299880981445,0
15.21,231.46298217773438,-49.79328918457031,0
15.22,230.92393493652344,-49.836631774902344,0
15.23,230.3721160888672,-49.89299774169922,0
15.24,229.82403564453125,-49.944820404052734,0
15.25,229.28689575195312,-49.984561920166016,0
15.26,228.7460174560547,-50.027828216552734,0
15.27,228.2160186767578,-50.05917739868164,0
15.28,227.68771362304688,-50.0883903503418,0
15.29,227.170166015625,-50.10596466064453,0
15.3,226.66506958007812,-50.11022186279297,0
15.31,226.17770385742188,-50.095741271972656,0
15.32,225.7152099609375,-50.055179595947266,0
15.33,225.2482147216797,-50.01980209350586,0
15.34,224.78408813476562,-49.981773376464844,0
15.35,224.3300323486328,-49.933536529541016,0
15.36,223.88592529296875,-49.87532043457031,0
15.37,223.48068237304688,-49.77675247192383,0
15.38,223.08485412597656,-49.66929244995117,0
15.39,222.66932678222656,-49.58373260498047,0
15.4,222.24880981445312,-49.50434494018555,0
15.41,221.83238220214844,-49.421478271484375,0
15.42,221.41998291015625,-49.33522415161133,0
15.43,221.0170440673828,-49.23991775512695,0
15.44,220.58897399902344,-49.1721076965332,0
15.45,220.1143035888672,-49.154144287109375,0
15.46,219.6497039794922,-49.12574005126953,0
15.47,219.18780517578125,-49.094791412353516,0
15.48,218.71588134765625,-49.074737548828125,0
15.49,218.25399780273438,-49.04430389404297,0
15.5,217.822021484375,-48.982669830322266,0
15.51,217.39785766601562,-48.91346740722656,0
15.52,216.98321533203125,-48.8349494934082,0
15.53,216.5780029296875,-48.74732971191406,0
15.54,216.18209838867188,-48.650814056396484,0
15.55,215.79539489746094,-48.545616149902344,0
15.56,215.4595489501953,-48.38793182373047,0
15.57,215.1322479248047,-48.222900390625,0
15.58,214.789794921875,-48.07558822631836,0
15.59,214.4559326171875,-47.9207763671875,0
15.6,214.13055419921875,-47.75865936279297,0
15.61,213.837158203125,-47.564552307128906,0
15.62,213.55535888671875,-47.36026382446289,0
15.63,213.2850799560547,-47.14598846435547,0
15.64,213.0225372314453,-46.92582321166992,0
15.65,212.8275146484375,-46.6368293762207,0
15.66,212.69744873046875,-46.28242492675781,0
15.67,212.57896423339844,-45.919551849365234,0
15.68,212.5681915283203,-45.4470100402832,0
15.69,212.56227111816406,-44.97434997558594,0
15.7,212.56109619140625,-44.50167465209961,0
15.71,212.56455993652344,-44.029090881347656,0
15.72,212.54714965820312,-43.5834846496582,0
15.73,212.50904846191406,-43.164390563964844,0
15.74,212.4958038330078,-42.72352981567383,0
15.75,212.46719360351562,-42.30351638793945,0
15.76,212.38157653808594,-41.9479866027832,0
15.77,212.2105255126953,-41.68622589111328,0
15.78,212.0456085205078,-41.42076873779297,0
15.79,211.8975830078125,-41.14030838012695,0
15.8,211.7644805908203,-40.847076416015625,0
15.81,211.63702392578125,-40.55099105834961,0
15.82,211.52781677246094,-40.23881530761719,0
15.83,211.42393493652344,-39.92431640625,0
15.84,211.32528686523438,-39.60761260986328,0
15.85,211.2318115234375,-39.288818359375,0
15.86,211.14340209960938,-38.968048095703125,0
15.87,211.07810974121094,-38.626304626464844,0
15.88,211.0193328857422,-38.28129196166992,0
15.89,210.9651641845703,-37.93507385253906,0
15.9,210.91368103027344,-37.589664459228516,0
15.91,210.7506103515625,-37.36545181274414,0
15.92,210.5931396484375,-37.13771057128906,0
15.93,210.49916076660156,-36.84547805786133,0
15.94,210.37738037109375,-36.585628509521484,0
15.95,210.26068115234375,-36.32316589355469,0
15.96,210.05294799804688,-36.15935134887695,0
15.97,209.82757568359375,-36.015865325927734,0
15.98,209.60830688476562,-35.867462158203125,0
15.99,209.51466369628906,-35.58828353881836,0
16,209.45834350585938,-35.272743225097656,0
16.01,209.3736572265625,-34.990413665771484,0
16.02,209.240966796875,-34.761619567871094,0
16.03,209.11328125,-34.52996826171875,0
16.04,209.08294677734375,-34.198211669921875,0
16.05,209.0746307373047,-33.84676742553711,0
16.06,209.06991577148438,-33.4952278137207,0
16.07,209.06874084472656,-33.143672943115234,0
16.08,209.09280395507812,-32.76924514770508,0
16.09,209.0275421142578,-32.49284362792969,0
16.1,209.008056640625,-32.17113494873047,0
16.11,208.99212646484375,-31.849077224731445,0
16.12,208.9506378173828,-31.557336807250977,0
16.13,208.90020751953125,-31.278104782104492,0
16.14,208.7865447998047,-31.068410873413086,0
16.15,208.60482788085938,-30.932592391967773,0
16.16,208.35939025878906,-30.86530303955078,0
16.17,208.0980224609375,-30.815505981445312,0
16.18,207.84259033203125,-30.759981155395508,0
16.19,207.59303283691406,-30.69886016845703,0
16.2,207.34024047851562,-30.641788482666016,0
16.21,207.07696533203125,-30.596357345581055,0
16.22,206.81961059570312,-30.545154571533203,0
16.23,206.58444213867188,-30.47113609313965,0
16.24,206.3549041748047,-30.391971588134766,0
16.25,206.13092041015625,-30.30778694152832,0
16.26,205.75318908691406,-30.386388778686523,0
16.27,205.36087036132812,-30.479537963867188,0
16.28,204.9649658203125,-30.575481414794922,0
16.29,204.5763702392578,-30.662708282470703,0
16.3,204.2058868408203,-30.729951858520508,0
16.31,203.84246826171875,-30.789043426513672,0
16.32,203.48605346679688,-30.84014129638672,0
16.33,203.14743041992188,-30.87197494506836,0
16.34,202.8155517578125,-30.896366119384766,0
16.35,202.50302124023438,-30.900121688842773,0
16.36,202.19696044921875,-30.897014617919922,0
16.37,201.89732360839844,-30.887189865112305,0
16.38,201.5913543701172,-30.884132385253906,0
16.39,201.28822326660156,-30.878128051757812,0
16.4,200.99147033691406,-30.86547088623047,0
16.41,200.69557189941406,-30.8520450592041,0
16.42,200.27584838867188,-30.96912384033203,0
16.43,199.8637237548828,-31.076961517333984,0
16.44,199.45550537109375,-31.179553985595703,0
16.45,199.05479431152344,-31.273162841796875,0
16.46,198.64346313476562,-31.376976013183594,0
16.47,198.23968505859375,-31.47173500061035,0
16.48,197.84339904785156,-31.55760955810547,0
16.49,197.4202117919922,-31.670894622802734,0
16.5,196.95416259765625,-31.82809829711914,0
16.51,196.4962921142578,-31.97503662109375,0
16.52,196.0447235107422,-32.11380386352539,0
16.53,195.60121154785156,-32.24262619018555,0
16.54,195.16567993164062,-32.36168670654297,0
16.55,194.73805236816406,-32.471160888671875,0
16.56,194.3182830810547,-32.571224212646484,0
16.57,193.90628051757812,-32.662052154541016,0
16.58,193.50198364257812,-32.74382019042969,0
16.59,193.13059997558594,-32.79008483886719,0
16.6,192.7430419921875,-32.85288619995117,0
16.61,192.36294555664062,-32.907169342041016,0
16.62,191.990234375,-32.953102111816406,0
16.63,191.5327606201172,-33.087772369384766,0
16.64,191.08351135253906,-33.21237564086914,0
16.65,190.68211364746094,-33.28529739379883,0
16.66,190.28836059570312,-33.349395751953125,0
16.67,189.90219116210938,-33.40483856201172,0
16.68,189.4730224609375,-33.50495147705078,0
16.69,189.02114868164062,-33.62791061401367,0
16.7,188.57749938964844,-33.74092483520508,0
16.71,188.14198303222656,-33.844181060791016,0
16.72,187.71453857421875,-33.93785858154297,0
16.73,187.24815368652344,-34.07151794433594,0
16.74,186.7847900390625,-34.20059585571289,0
16.75,186.29193115234375,-34.359352111816406,0
16.76,185.76808166503906,-34.54904556274414,0
16.77,185.23887634277344,-34.74238586425781,0
16.78,184.70079040527344,-34.943023681640625,0
16.79,184.17196655273438,-35.131813049316406,0
16.8,183.6324920654297,-35.32981872558594,0
16.81,183.10232543945312,-35.51594543457031,0
16.82,182.5651397705078,-35.70749282836914,0
16.83,182.0336456298828,-35.89104080200195,0
16.84,181.5114288330078,-36.062889099121094,0
16.85,180.98403930664062,-36.238365173339844,0
16.86,180.464111328125,-36.40414810180664,0
16.87,179.93896484375,-36.57366943359375,0
16.88,179.39425659179688,-36.761993408203125,0
16.89,178.8590545654297,-36.93832778930664,0
16.9,178.33328247070312,-37.10288619995117,0
16.91,177.8168487548828,-37.25587844848633,0
16.92,177.3096923828125,-37.39751052856445,0
16.93,176.7864990234375,-37.55451965332031,0
16.94,176.27090454101562,-37.701873779296875,0
16.95,175.73757934570312,-37.8663330078125,0
16.96,175.21376037597656,-38.01906204223633,0
16.97,174.69754028320312,-38.16218185424805,0
16.98,174.190673828125,-38.293949127197266,0
16.99,173.6750946044922,-38.43351364135742,0
17,173.16529846191406,-38.56550979614258,0
17.01,172.64501953125,-38.707149505615234,0
17.02,172.1305694580078,-38.8411750793457,0
17.03,171.62551879882812,-38.963890075683594,0
17.04,171.12979125976562,-39.075504302978516,0
17.05,170.62710571289062,-39.19325256347656,0
17.06,170.10671997070312,-39.328392028808594,0
17.07,169.53469848632812,-39.51643371582031,0
17.08,168.97276306152344,-39.69189453125,0
17.09,168.43161010742188,-39.84364700317383,0
17.1,167.90023803710938,-39.98350143432617,0
17.11,167.38577270507812,-40.10409164428711,0
17.12,166.87362670898438,-40.22096252441406,0
17.13,166.3710174560547,-40.32658386230469,0
17.14,165.8850555419922,-40.413578033447266,0
17.15,165.4083709716797,-40.48990249633789,0
17.16,164.94444274902344,-40.552001953125,0
17.17,164.54537963867188,-40.54520797729492,0
17.18,164.15469360351562,-40.52967071533203,0
17.19,163.72544860839844,-40.554847717285156,0
17.2,163.2959442138672,-40.58005142211914,0
17.21,162.88409423828125,-40.586402893066406,0
17.22,162.54917907714844,-40.51176834106445,0
17.23,162.2310028076172,-40.420318603515625,0
17.24,161.95816040039062,-40.28215026855469,0
17.25,161.654541015625,-40.17780685424805,0
17.26,161.28082275390625,-40.148284912109375,0
17.27,160.9403839111328,-40.08407211303711,0
17.28,160.64730834960938,-39.97073745727539,0
17.29,160.37403869628906,-39.83775329589844,0
17.3,160.10775756835938,-39.69881820678711,0
17.31,159.83578491210938,-39.56733703613281,0
17.32,159.5707550048828,-39.429931640625,0
17.33,159.31259155273438,-39.2867546081543,0
17.34,159.0612030029297,-39.13795471191406,0
17.35,158.81651306152344,-38.98368453979492,0
17.36,158.57843017578125,-38.824092864990234,0
17.37,158.32522583007812,-38.68206787109375,0
17.38,158.00852966308594,-38.60831832885742,0
17.39,157.67758178710938,-38.55033874511719,0
17.4,157.35409545898438,-38.48512268066406,0
17.41,156.8671112060547,-38.59252166748047,0
17.42,156.36766052246094,-38.7119140625,0
17.43,155.87744140625,-38.82033920288086,0
17.44,155.3802032470703,-38.93501281738281,0
17.45,154.7502899169922,-39.18800354003906,0
17.46,154.102294921875,-39.45734405517578,0
17.47,153.36280822753906,-39.82004928588867,0
17.48,152.6351776123047,-40.166473388671875,0
17.49,151.9121551513672,-40.5044059753418,0
17.5,151.19906616210938,-40.828330993652344,0
17.51,150.46536254882812,-41.170528411865234,0
17.52,149.7435760498047,-41.496578216552734,0
17.53,148.99777221679688,-41.84446716308594,0
17.54,148.24258422851562,-42.19856262207031,0
17.55,147.44766235351562,-42.5907096862793,0
17.56,146.6457061767578,-42.98612594604492,0
17.57,145.84222412109375,-43.378990173339844,0
17.58,145.01040649414062,-43.7974967956543,0
17.59,144.10577392578125,-44.28816223144531,0
17.6,143.15603637695312,-44.82109069824219,0
17.61,142.072265625,-45.48933410644531,0
17.62,140.97052001953125,-46.16944122314453,0
17.63,139.8689422607422,-46.84221267700195,0
17.64,138.67990112304688,-47.599853515625,0
17.65,137.5082244873047,-48.33128356933594,0
17.66,136.3377227783203,-49.05377960205078,0
17.67,135.1540985107422,-49.782466888427734,0
17.68,133.9718780517578,-50.502017974853516,0
17.69,132.80006408691406,-51.20303726196289,0
17.7,131.6368865966797,-51.887611389160156,0
17.71,130.46620178222656,-52.5728759765625,0
17.72,129.29348754882812,-53.25305938720703,0
17.73,128.13494873046875,-53.911170959472656,0
17.74,126.97804260253906,-54.56065368652344,0
17.75,125.83885955810547,-55.184661865234375,0
17.76,124.70832061767578,-55.79301834106445,0
17.77,123.58645629882812,-56.3858528137207,0
17.78,122.49105834960938,-56.94462966918945,0
17.79,121.39694213867188,-57.496185302734375,0
17.8,120.30590057373047,-58.038700103759766,0
17.81,119.24656677246094,-58.542179107666016,0
17.82,118.19902038574219,-59.0279655456543,0
17.83,117.16852569580078,-59.49071502685547,0
17.84,116.15495300292969,-59.93080520629883,0
17.85,115.20284271240234,-60.301666259765625,0
17.86,114.26691436767578,-60.651607513427734,0
17.87,113.35953521728516,-60.967864990234375,0
17.88,112.47509002685547,-61.25667953491211,0
17.89,111.62410736083984,-61.507286071777344,0
17.9,110.7955322265625,-61.73169708251953,0
17.91,110.02672576904297,-61.89093017578125,0
17.92,109.30810546875,-61.99573516845703,0
17.93,108.69465637207031,-61.988895416259766,0
17.94,108.1602554321289,-61.89904022216797,0
17.95,107.64676666259766,-61.788150787353516,0
17.96,107.15043640136719,-61.66039276123047,0
17.97,106.66567993164062,-61.52180862426758,0
17.98,106.34992980957031,-61.20705795288086,0
17.99,106.04383087158203,-60.88547897338867,0
18,105.74724578857422,-60.557281494140625,0
18.01,105.302490234375,-60.38825988769531,0
18.02,104.84896087646484,-60.23023986816406,0
18.03,104.40641784667969,-60.06233596801758,0
18.04,103.97472381591797,-59.88479232788086,0
18.05,103.55375671386719,-59.697853088378906,0
18.06,103.14876556396484,-59.49608612060547,0
18.07,102.7541732788086,-59.2855110168457,0
18.08,102.42890930175781,-59.00429153442383,0
18.09,102.17398071289062,-58.65211868286133,0
18.1,101.92780303955078,-58.29445266723633,0
18.11,101.69024658203125,-57.931488037109375,0
18.12,101.461181640625,-57.56341552734375,0
18.13,101.240478515625,-57.19042205810547,0
18.14,101.01372528076172,-56.82771682739258,0
18.15,100.74872589111328,-56.50901794433594,0
18.16,100.43864440917969,-56.241050720214844,0
18.17,100.13763427734375,-55.966365814208984,0
18.18,99.84557342529297,-55.68516540527344,0
18.19,99.56233215332031,-55.397647857666016,0
18.2,99.28780364990234,-55.10400390625,0
18.21,99.01470947265625,-54.81193923950195,0
18.22,98.75016021728516,-54.513973236083984,0
18.23,98.50116729736328,-54.20278549194336,0
18.24,98.15489959716797,-53.99708557128906,0
18.25,97.81785583496094,-53.78386306762695,0
18.26,97.43091583251953,-53.62530517578125,0
18.27,97.04285430908203,-53.4695930480957,0
18.28,96.66439056396484,-53.3054313659668,0
18.29,96.15423583984375,-53.2813720703125,0
18.3,95.6549301147461,-53.24616622924805,0
18.31,95.1663589477539,-53.20005416870117,0
18.32,94.6080322265625,-53.227718353271484,0
18.33,94.06104278564453,-53.243167877197266,0
18.34,93.52528381347656,-53.24665832519531,0
18.35,92.95957946777344,-53.28158187866211,0
18.36,92.40530395507812,-53.30413055419922,0
18.37,91.89449310302734,-53.28077697753906,0
18.38,91.52311706542969,-53.11117935180664,0
18.39,91.03254699707031,-53.06858444213867,0
18.4,90.58827209472656,-52.97779846191406,0
18.41,90.15412902832031,-52.877323150634766,0
18.42,89.69432830810547,-52.80486297607422,0
18.43,89.24480438232422,-52.722373962402344,0
18.44,88.84111022949219,-52.59260177612305,0
18.45,88.44708251953125,-52.45404052734375,0
18.46,88.0625991821289,-52.30690002441406,0
18.47,87.68756103515625,-52.15139389038086,0
18.48,87.32184600830078,-51.987728118896484,0
18.49,86.93142700195312,-51.85173416137695,0
18.5,86.55046081542969,-51.70724105834961,0
18.51,86.17882537841797,-51.55445861816406,0
18.52,85.78075408935547,-51.43106460571289,0
18.53,85.39215850830078,-51.29899978637695,0
18.54,85.00579833984375,-51.16598129272461,0
18.55,84.61981964111328,-51.033966064453125,0
18.56,84.24315643310547,-50.89354705810547,0
18.57,83.88465881347656,-50.73552322387695,0
18.58,83.53516387939453,-50.5697021484375,0
18.59,83.1945571899414,-50.39628601074219,0
18.6,82.89840698242188,-50.17800521850586,0
18.61,82.61054992675781,-49.953304290771484,0
18.62,82.33087921142578,-49.72237014770508,0
18.63,82.07181549072266,-49.47222137451172,0
18.64,81.82058715820312,-49.21647262573242,0
18.65,81.5645523071289,-48.96845626831055,0
18.66,81.31626892089844,-48.71490478515625,0
18.67,81.14349365234375,-48.384708404541016,0
18.68,80.98287963867188,-48.04521560668945,0
18.69,80.82892608642578,-47.70229721069336,0
18.7,80.68153381347656,-47.35609817504883,0
18.71,80.44244384765625,-47.109840393066406,0
18.72,80.21073150634766,-46.85841751098633,0
18.73,80.0130615234375,-46.57388687133789,0
18.74,79.8222885131836,-46.28510665893555,0
18.75,79.58120727539062,-46.052188873291016,0
18.76,79.32598876953125,-45.83656692504883,0
18.77,79.06390380859375,-45.630428314208984,0
18.78,78.71658325195312,-45.515968322753906,0
18.79,78.29381561279297,-45.48194885253906,0
18.8,77.86588287353516,-45.45370864868164,0
18.81,77.34915924072266,-45.51901626586914,0
18.82,76.84253692626953,-45.57302474975586,0
18.83,76.34593200683594,-45.6159553527832,0
18.84,75.8485107421875,-45.65928649902344,0
18.85,75.36100769042969,-45.691741943359375,0
18.86,74.89404296875,-45.702293395996094,0
18.87,74.43668365478516,-45.7026481628418,0
18.88,73.97811889648438,-45.70426559448242,0
18.89,73.50237274169922,-45.72391128540039,0
18.9,72.95797729492188,-45.815433502197266,0
18.91,72.42400360107422,-45.895050048828125,0
18.92,71.93771362304688,-45.92375946044922,0
18.93,71.46125793457031,-45.94184494018555,0
18.94,71.02479553222656,-45.9177360534668,0
18.95,70.5673828125,-45.915889739990234,0
18.96,70.0821304321289,-45.94328308105469,0
18.97,69.60670471191406,-45.96007537841797,0
18.98,69.14099884033203,-45.966487884521484,0
18.99,68.72227478027344,-45.92350387573242,0
19,68.30200958251953,-45.8825798034668,0
19.01,67.83749389648438,-45.88855743408203,0
19.02,67.35411834716797,-45.91427230834961,0
19.03,66.86273956298828,-45.9481201171875,0
19.04,66.3812484741211,-45.97123336791992,0
19.05,65.90953826904297,-45.983829498291016,0
19.06,65.447509765625,-45.98612594604492,0
19.07,64.99506378173828,-45.978336334228516,0
19.08,64.5521011352539,-45.96067428588867,0
19.09,64.11852264404297,-45.933345794677734,0
19.1,63.70487976074219,-45.8853759765625,0
19.11,63.3003044128418,-45.82838821411133,0
19.12,62.904701232910156,-45.7625846862793,0
19.13,62.51796340942383,-45.68815994262695,0
19.14,62.139991760253906,-45.60531234741211,0
19.15,61.70131301879883,-45.58707046508789,0
19.16,61.27193069458008,-45.55925750732422,0
19.17,60.83219528198242,-45.54261016845703,0
19.18,60.35551452636719,-45.56492233276367,0
19.19,59.8707275390625,-45.59551239013672,0
19.2,59.388633728027344,-45.62295150756836,0
19.21,58.912723541259766,-45.643611907958984,0
19.22,58.43760681152344,-45.66322326660156,0
19.23,57.97041702270508,-45.67430877685547,0
19.24,57.44170379638672,-45.74986267089844,0
19.25,56.92323684692383,-45.81386184692383,0
19.26,56.36873245239258,-45.91501998901367,0
19.27,55.81768035888672,-46.01149368286133,0
19.28,55.26824188232422,-46.105262756347656,0
19.29,54.681358337402344,-46.23735046386719,0
19.3,54.060951232910156,-46.40324401855469,0
19.31,53.38969802856445,-46.62076187133789,0
19.32,52.69297790527344,-46.862728118896484,0
19.33,51.90902328491211,-47.193721771240234,0
19.34,51.1097297668457,-47.53733825683594,0
19.35,50.27047348022461,-47.91929626464844,0
19.36,49.41828536987305,-48.31081008911133,0
19.37,48.489585876464844,-48.77852249145508,0
19.38,47.456878662109375,-49.35049057006836,0
19.39,46.399349212646484,-49.9425048828125,0
19.4,45.313690185546875,-50.55782699584961,0
19.41,44.07647705078125,-51.32575607299805,0
19.42,42.81852722167969,-52.107383728027344,0
19.43,41.57907485961914,-52.861385345458984,0
19.44,40.35800552368164,-53.588172912597656,0
19.45,39.100341796875,-54.345733642578125,0
19.46,37.8472900390625,-55.09049606323242,0
19.47,36.604156494140625,-55.8170280456543,0
19.48,35.370906829833984,-56.52555465698242,0
19.49,33.59834289550781,-57.792667388916016,0
19.5,31.834346771240234,-59.0374755859375,0
19.51,30.066608428955078,-60.273136138916016,0
19.52,28.323514938354492,-61.46995162963867,0
19.53,26.604934692382812,-62.62847137451172,0
19.54,24.91073226928711,-63.749237060546875,0
19.55,23.23198699951172,-64.84201049804688,0
19.56,21.53685760498047,-65.94049835205078,0
19.57,19.915569305419922,-66.94995880126953,0
19.58,18.32160758972168,-67.92013549804688,0
19.59,16.74776268005371,-68.8590087890625,0
19.6,15.200950622558594,-69.75965881347656,0
19.61,13.677468299865723,-70.6263656616211,0
19.62,12.182488441467285,-71.45405578613281,0
19.63,10.759834289550781,-72.19715118408203,0
19.64,9.35947036743164,-72.90904998779297,0
19.65,7.981239318847656,-73.59024810791016,0
19.66,6.62498140335083,-74.2412338256836,0
19.67,5.290534973144531,-74.86249542236328,0
19.68,3.9777374267578125,-75.45451354980469,0
19.69,2.686424493789673,-76.01776885986328,0
19.7,1.6599187850952148,-76.2972412109375,0
19.71,0.5725654363632202,-76.63762664794922,0
19.72,-0.6648930311203003,-77.13194274902344,0
19.73,-1.881476879119873,-77.59916687011719,0
19.74,-2.9079909324645996,-77.8620376586914,0
19.75,-3.9157493114471436,-78.10247039794922,0
19.76,-4.9049224853515625,-78.32087707519531,0
19.77,-5.806839466094971,-78.4454345703125,0
19.78,-6.572932720184326,-78.4261703491211,0
19.79,-7.216969966888428,-78.27903747558594,0
19.8,-7.71712589263916,-77.98248291015625,0
19.81,-8.20398998260498,-77.67509460449219,0
19.82,-8.677730560302734,-77.35717010498047,0
19.83,-9.138519287109375,-77.02899169921875,0
19.84,-9.581254959106445,-76.68531799316406,0
19.85,-10.011429786682129,-76.33206939697266,0
19.86,-10.45923900604248,-76.00103759765625,0
19.87,-11.023504257202148,-75.79566192626953,0
19.88,-11.591712951660156,-75.5965805053711,0
19.89,-12.146170616149902,-75.38516235351562,0
19.9,-12.826520919799805,-75.30804443359375,0
19.91,-13.491982460021973,-75.21611785888672,0
19.92,-14.14804458618164,-75.11529541015625,0
19.93,-14.7894926071167,-75.00019836425781,0
19.94,-15.448269844055176,-74.90449523925781,0
19.95,-16.092426300048828,-74.7944564819336,0
19.96,-16.77679443359375,-74.7277603149414,0
19.97,-17.481586456298828,-74.68318939208984,0
19.98,-18.171302795410156,-74.6232681274414,0
19.99,-18.846105575561523,-74.54833221435547,0
20,-19.50615692138672,-74.45870971679688,0
20.01,-20.151620864868164,-74.35472106933594,0
20.02,-20.83913803100586,-74.29594421386719,0
20.03,-21.71624755859375,-74.43667602539062,0
20.04,-22.58184051513672,-74.5638427734375,0
20.05,-23.485305786132812,-74.72940826416016,0
20.06,-24.40680503845215,-74.91215515136719,0
20.07,-25.31803321838379,-75.08220672607422,0
20.08,-26.300029754638672,-75.32470703125,0
20.09,-27.44171142578125,-75.732177734375,0
20.1,-28.69198226928711,-76.24927520751953,0
20.11,-29.979352951049805,-76.79985809326172,0
20.12,-31.26995849609375,-77.34806060791016,0
20.13,-32.53912353515625,-77.86801147460938,0
20.14,-33.78701400756836,-78.36019134521484,0
20.15,-35.0138053894043,-78.82506561279297,0
20.16,-36.19507598876953,-79.23731994628906,0
20.17,-37.34355545043945,-79.61084747314453,0
20.18,-38.44549560546875,-79.931640625,0
20.19,-39.524173736572266,-80.22467041015625,0
20.2,-40.583316802978516,-80.49413299560547,0
20.21,-41.62310028076172,-80.7404556274414,0
20.22,-42.643699645996094,-80.96407318115234,0
20.23,-43.64529037475586,-81.1654052734375,0
20.24,-44.628047943115234,-81.3448715209961,0
20.25,-45.59215545654297,-81.50289154052734,0
20.26,-46.60802459716797,-81.71354675292969,0
20.27,-47.6048583984375,-81.90202331542969,0
20.28,-48.609230041503906,-82.09642791748047,0
20.29,-49.59464645385742,-82.26890563964844,0
20.3,-50.56128692626953,-82.41988372802734,0
20.31,-51.50933074951172,-82.54977416992188,0
20.32,-52.4389533996582,-82.65898132324219,0
20.33,-53.350345611572266,-82.74791717529297,0
20.34,-54.20675277709961,-82.77825164794922,0
20.35,-54.92094802856445,-82.65912628173828,0
20.36,-55.61914825439453,-82.52447509765625,0
20.37,-56.30153274536133,-82.37464904785156,0
20.38,-56.96828079223633,-82.20999908447266,0
20.39,-57.61957550048828,-82.03086853027344,0
20.4,-58.31885528564453,-81.90393829345703,0
20.41,-59.14113235473633,-81.90733337402344,0
20.42,-59.94636535644531,-81.892822265625,0
20.43,-60.734737396240234,-81.86077880859375,0
20.44,-61.50642776489258,-81.81157684326172,0
20.45,-62.26161193847656,-81.7455825805664,0
20.46,-62.87575912475586,-81.53237915039062,0
20.47,-63.4715576171875,-81.30216979980469,0