ts,id,Ax,Ay,Az,Gx,Gy,Gz
-0.745,IMU0,0.09580078125000001,-9.877060546875,-0.795146484375,-1.7507002801120448,-0.2801120448179272,0.4901960784313726
-0.735,IMU0,0.09580078125000001,-9.867480468750001,-0.8430468750000001,-1.680672268907563,-0.21008403361344538,0.5602240896358543
-0.725,IMU0,0.143701171875,-9.877060546875,-0.8813671875000001,-1.680672268907563,-0.0700280112044818,0.4901960784313726
-0.715,IMU0,0.162861328125,-9.857900390625,-0.871787109375,-1.680672268907563,0,0.5602240896358543
-0.705,IMU0,0.18202148437500001,-9.886640625,-0.9005273437500001,-1.6106442577030813,-0.0700280112044818,0.5602240896358543
-0.695,IMU0,0.11496093750000001,-9.867480468750001,-0.8813671875000001,-1.680672268907563,-0.1400560224089636,0.6302521008403361
-0.685,IMU0,0.11496093750000001,-9.896220703125001,-0.833466796875,-1.680672268907563,-0.1400560224089636,0.6302521008403361
-0.675,IMU0,0.076640625,-9.877060546875,-0.8047265625000001,-1.680672268907563,0,0.6302521008403361
-0.665,IMU0,0.067060546875,-9.877060546875,-0.737666015625,-1.680672268907563,0,0.6302521008403361
-0.655,IMU0,0.10538085937500001,-9.896220703125001,-0.7472460937500001,-1.680672268907563,-0.1400560224089636,0.5602240896358543
-0.645,IMU0,0.12454101562500001,-9.867480468750001,-0.814306640625,-1.6106442577030813,-0.21008403361344538,0.5602240896358543
-0.635,IMU0,0.086220703125,-9.877060546875,-0.7664062500000001,-1.680672268907563,-0.1400560224089636,0.5602240896358543
-0.625,IMU0,0.17244140625,-9.857900390625,-0.890947265625,-1.680672268907563,0,0.4901960784313726
-0.615,IMU0,0.17244140625,-9.877060546875,-0.852626953125,-1.680672268907563,0.1400560224089636,0.5602240896358543
-0.605,IMU0,0.17244140625,-9.8483203125,-0.890947265625,-1.680672268907563,0,0.5602240896358543
-0.595,IMU0,0.15328125,-9.857900390625,-0.890947265625,-1.6106442577030813,-0.1400560224089636,0.6302521008403361
-0.585,IMU0,0.13412109375,-9.877060546875,-0.814306640625,-1.6106442577030813,-0.1400560224089636,0.6302521008403361
-0.575,IMU0,0.076640625,-9.867480468750001,-0.775986328125,-1.5406162464985995,0,0.5602240896358543
-0.565,IMU0,0.09580078125000001,-9.867480468750001,-0.775986328125,-1.5406162464985995,0,0.5602240896358543
-0.555,IMU0,0.09580078125000001,-9.867480468750001,-0.775986328125,-1.6106442577030813,0.0700280112044818,0.6302521008403361
-0.545,IMU0,0.047900390625000004,-9.867480468750001,-0.7664062500000001,-1.680672268907563,-0.0700280112044818,0.5602240896358543
-0.535,IMU0,0.10538085937500001,-9.867480468750001,-0.8047265625000001,-1.7507002801120448,-0.2801120448179272,0.5602240896358543
-0.525,IMU0,0.11496093750000001,-9.896220703125001,-0.8430468750000001,-1.7507002801120448,-0.2801120448179272,0.5602240896358543
-0.515,IMU0,0.143701171875,-9.838740234375,-0.8622070312500001,-1.7507002801120448,-0.1400560224089636,0.5602240896358543
-0.505,IMU0,0.13412109375,-9.886640625,-0.890947265625,-1.680672268907563,-0.1400560224089636,0.5602240896358543
-0.495,IMU0,0.15328125,-9.867480468750001,-0.910107421875,-1.680672268907563,-0.2801120448179272,0.5602240896358543
-0.485,IMU0,0.143701171875,-9.877060546875,-0.8622070312500001,-1.6106442577030813,-0.2801120448179272,0.5602240896358543
-0.475,IMU0,0.09580078125000001,-9.896220703125001,-0.795146484375,-1.6106442577030813,-0.21008403361344538,0.6302521008403361
-0.465,IMU0,0.12454101562500001,-9.8483203125,-0.7664062500000001,-1.6106442577030813,-0.0700280112044818,0.5602240896358543
-0.455,IMU0,0.047900390625000004,-9.896220703125001,-0.756826171875,-1.680672268907563,0.0700280112044818,0.5602240896358543
-0.445,IMU0,0.076640625,-9.886640625,-0.8238867187500001,-1.680672268907563,0,0.6302521008403361
-0.435,IMU0,0.11496093750000001,-9.896220703125001,-0.8047265625000001,-1.7507002801120448,-0.1400560224089636,0.5602240896358543
-0.425,IMU0,0.076640625,-9.896220703125001,-0.8238867187500001,-1.680672268907563,-0.1400560224089636,0.4901960784313726
-0.415,IMU0,0.076640625,-9.877060546875,-0.8813671875000001,-1.7507002801120448,-0.0700280112044818,0.4901960784313726
-0.405,IMU0,0.13412109375,-9.8483203125,-0.890947265625,-1.680672268907563,0.1400560224089636,0.5602240896358543
-0.395,IMU0,0.162861328125,-9.838740234375,-0.8813671875000001,-1.680672268907563,0,0.5602240896358543
-0.385,IMU0,0.17244140625,-9.877060546875,-0.8813671875000001,-1.6106442577030813,-0.1400560224089636,0.5602240896358543
-0.375,IMU0,0.162861328125,-9.838740234375,-0.8047265625000001,-1.6106442577030813,-0.1400560224089636,0.6302521008403361
-0.365,IMU0,0.086220703125,-9.857900390625,-0.7855664062500001,-1.6106442577030813,-0.0700280112044818,0.5602240896358543
-0.355,IMU0,0.067060546875,-9.877060546875,-0.756826171875,-1.680672268907563,0,0.5602240896358543
-0.345,IMU0,0.086220703125,-9.867480468750001,-0.756826171875,-1.680672268907563,-0.0700280112044818,0.5602240896358543
-0.335,IMU0,0.11496093750000001,-9.8483203125,-0.833466796875,-1.7507002801120448,-0.21008403361344538,0.5602240896358543
-0.325,IMU0,0.13412109375,-9.877060546875,-0.871787109375,-1.7507002801120448,-0.21008403361344538,0.5602240896358543
-0.315,IMU0,0.13412109375,-9.838740234375,-0.8622070312500001,-1.7507002801120448,-0.0700280112044818,0.5602240896358543
-0.305,IMU0,0.09580078125000001,-9.896220703125001,-0.9196875000000001,-1.680672268907563,0.0700280112044818,0.5602240896358543
-0.295,IMU0,0.15328125,-9.867480468750001,-0.8813671875000001,-1.680672268907563,-0.21008403361344538,0.4901960784313726
-0.285,IMU0,0.15328125,-9.819580078125,-0.871787109375,-1.6106442577030813,-0.42016806722689076,0.5602240896358543
-0.275,IMU0,0.086220703125,-9.896220703125001,-0.775986328125,-1.6106442577030813,-0.2801120448179272,0.6302521008403361
-0.265,IMU0,0.15328125,-9.886640625,-0.8813671875000001,-1.680672268907563,0.0700280112044818,0.5602240896358543
-0.255,IMU0,0.067060546875,-9.886640625,-0.814306640625,-1.680672268907563,0.21008403361344538,0.5602240896358543
-0.245,IMU0,-0.009580078125,-9.877060546875,-0.689765625,-1.6106442577030813,0.21008403361344538,0.6302521008403361
-0.235,IMU0,0.21076171875000002,-9.886640625,-0.9388476562500001,-1.7507002801120448,-0.21008403361344538,0.4901960784313726
-0.225,IMU0,0.067060546875,-9.867480468750001,-0.6610253906250001,-1.7507002801120448,-0.42016806722689076,0.5602240896358543
-0.215,IMU0,0.12454101562500001,-9.90580078125,-0.9005273437500001,-1.8207282913165266,-0.1400560224089636,0.5602240896358543
-0.205,IMU0,0.10538085937500001,-9.819580078125,-0.7855664062500001,-1.680672268907563,0,0.5602240896358543
-0.195,IMU0,0.143701171875,-9.953701171875,-1.120869140625,-1.7507002801120448,-0.1400560224089636,0.5602240896358543
-0.185,IMU0,0.12454101562500001,-10.308164062500001,-0.7855664062500001,-1.5406162464985995,-0.1400560224089636,0.5602240896358543
-0.175,IMU0,-0.20118164062500002,-14.485078125000001,-0.9963281250000001,-1.400560224089636,-0.4901960784313726,0.6302521008403361
-0.165,IMU0,-0.59396484375,-18.748212890625002,2.212998046875,-0.700280112044818,-0.6302521008403361,0.6302521008403361
-0.155,IMU0,-0.689765625,-19.543359375,1.082548828125,-2.6610644257703084,-1.4705882352941178,0.21008403361344538
-0.145,IMU0,0.067060546875,-22.743105468750002,-1.063388671875,-4.551820728291316,3.081232492997199,-0.0700280112044818
-0.135,IMU0,1.8872753906250002,-27.49482421875,-2.5099804687500002,-5.112044817927171,7.072829131652662,0
-0.125,IMU0,0.028740234375000003,-31.623837890625,-0.9196875000000001,-3.781512605042017,4.341736694677872,1.3305322128851542
-0.115,IMU0,1.1687695312500002,-33.482373046875004,-2.212998046875,-0.9803921568627452,4.481792717086835,1.3305322128851542
-0.105,IMU0,0.48858398437500006,-35.31216796875,-3.00814453125,-1.8207282913165266,4.551820728291316,1.8207282913165266
-0.095,IMU0,-0.929267578125,-37.68802734375,-0.5460644531250001,-3.2212885154061626,6.302521008403362,1.680672268907563
-0.085,IMU0,0.13412109375,-39.479501953125,-1.542392578125,-1.9607843137254903,7.072829131652662,1.400560224089636
-0.075,IMU0,-0.59396484375,-41.615859375,-1.85853515625,-1.4705882352941178,4.901960784313726,1.6106442577030813
-0.065,IMU0,-0.057480468750000006,-42.458906250000005,-0.756826171875,-2.2408963585434174,5.182072829131653,0.7703081232492998
-0.055,IMU0,0.5843847656250001,-43.388173828125005,-0.7280859375000001,-3.2913165266106446,5.9523809523809526,0.350140056022409
-0.045,IMU0,0.0383203125,-43.608515625,-0.852626953125,-2.9411764705882355,6.022408963585434,0.42016806722689076
-0.035,IMU0,0.45026367187500005,-44.164160156250006,-0.009580078125,-2.2408963585434174,6.862745098039216,0.8403361344537815
-0.025,IMU0,0.9196875000000001,-44.66232421875,-0.890947265625,-2.030812324929972,10.224089635854343,1.400560224089636
-0.015,IMU0,0.11496093750000001,-44.66232421875,-0.39278320312500004,-1.8907563025210086,14.42577030812325,1.6106442577030813
-0.005,IMU0,-0.9675878906250001,-44.62400390625,0.6227050781250001,-2.73109243697479,14.985994397759104,1.680672268907563
0.005,IMU0,-1.427431640625,-45.055107421875,-2.462080078125,-2.450980392156863,19.18767507002801,1.3305322128851542
0.015,IMU0,-0.8622070312500001,-45.50537109375,-2.35669921875,-0.7703081232492998,19.39775910364146,0.6302521008403361
0.025,IMU0,-1.005908203125,-46.15681640625,0.01916015625,-0.9103641456582633,13.375350140056023,0.0700280112044818
0.035,IMU0,-0.42152343750000004,-46.827421875000006,-0.737666015625,0.0700280112044818,7.563025210084034,-0.7703081232492998
0.045,IMU0,-0.49816406250000006,-47.775849609375,1.7723144531250001,-1.1204481792717087,6.722689075630252,-0.2801120448179272
0.055,IMU0,0.718505859375,-48.666796875,-1.0538085937500001,-4.131652661064426,11.764705882352942,-0.42016806722689076
0.065,IMU0,1.120869140625,-49.097900390625,-0.354462890625,-3.5714285714285716,15.896358543417367,-0.1400560224089636
0.075,IMU0,-0.11496093750000001,-49.366142578125,-0.09580078125000001,-1.5406162464985995,22.899159663865547,0.6302521008403361
0.085,IMU0,2.77822265625,-49.98884765625,-1.9160156250000002,-1.3305322128851542,25.420168067226893,0.5602240896358543
0.095,IMU0,-0.13412109375,-51.06181640625,-1.8010546875000002,-3.2913165266106446,20.58823529411765,1.9607843137254903
0.105,IMU0,-1.3699511718750002,-50.74567382812501,0.63228515625,-2.2408963585434174,27.17086834733894,2.100840336134454
0.115,IMU0,0.09580078125000001,-51.579140625,-0.929267578125,-1.400560224089636,29.20168067226891,1.3305322128851542
0.125,IMU0,-2.308798828125,-51.684521484375004,0.10538085937500001,-1.3305322128851542,29.481792717086837,0.9803921568627452
0.135,IMU0,0.8813671875000001,-50.889375,-2.155517578125,-3.781512605042017,29.69187675070028,-0.2801120448179272
0.145,IMU0,0.44068359375000005,-49.979267578125004,0.6227050781250001,-2.9411764705882355,20.72829131652661,0.0700280112044818
0.155,IMU0,0.852626953125,-49.969687500000006,-1.9160156250000002,-1.5406162464985995,17.296918767507005,-0.350140056022409
0.165,IMU0,3.8511914062500003,-49.2416015625,-0.689765625,-0.8403361344537815,15.126050420168069,-0.9103641456582633
0.175,IMU0,2.7207421875,-49.538583984375,0.7280859375000001,-1.8207282913165266,11.344537815126051,-0.21008403361344538
0.185,IMU0,2.117197265625,-49.615224609375005,1.101708984375,-1.8907563025210086,1.400560224089636,0.8403361344537815
0.195,IMU0,2.6441015625000004,-50.381630859375,-0.36404296875000003,-1.680672268907563,-9.593837535014005,0.9103641456582633
0.205,IMU0,2.835703125,-50.56365234375,-0.3448828125,-2.030812324929972,-16.80672268907563,0.5602240896358543
0.215,IMU0,1.9351757812500001,-51.320478515625005,0.028740234375000003,-2.5910364145658265,-22.408963585434176,0.21008403361344538
0.225,IMU0,1.47533203125,-50.841474609375005,0.775986328125,-1.3305322128851542,-30.32212885154062,1.3305322128851542
0.235,IMU0,1.9543359375000002,-51.19593750000001,-0.42152343750000004,-1.9607843137254903,-32.77310924369748,1.8207282913165266
0.245,IMU0,0.20118164062500002,-51.52166015625,-1.0921289062500001,-3.2913165266106446,-23.38935574229692,3.2212885154061626
0.255,IMU0,-1.43701171875,-52.0006640625,4.13859375,-2.8711484593837535,-10.084033613445378,2.8711484593837535
0.265,IMU0,-0.43110351562500004,-51.684521484375004,-0.9196875000000001,-5.602240896358544,12.114845938375352,3.5014005602240896
0.275,IMU0,-2.9794042968750003,-50.918115234375,-5.8917480468750005,-6.022408963585434,17.857142857142858,3.711484593837535
0.285,IMU0,-1.89685546875,-49.864306640625,-0.9196875000000001,-4.201680672268908,20.518207282913167,2.100840336134454
0.295,IMU0,0.6418652343750001,-49.921787109375,-5.029541015625,-2.380952380952381,11.834733893557424,0.2801120448179272
0.305,IMU0,0.8813671875000001,-50.4678515625,-3.7649707031250004,0.350140056022409,-4.971988795518207,-1.1904761904761905
0.315,IMU0,-1.1112890625,-50.601972656250005,2.4525,0.5602240896358543,-7.703081232492997,0.1400560224089636
0.365,IMU0,2.47166015625,-51.04265625,-2.481240234375,-1.400560224089636,-10.92436974789916,0.700280112044818
0.375,IMU0,-1.0154882812500001,-51.377958984375006,5.748046875,0.8403361344537815,-14.355742296918768,1.8207282913165266
0.385,IMU0,-2.8261230468750003,-50.812734375000005,2.6536816406250003,-3.781512605042017,-10.644257703081234,0.6302521008403361
0.395,IMU0,1.6477734375000002,-50.180449218750006,-3.7074902343750002,-8.263305322128852,-3.5714285714285716,-1.6106442577030813
0.405,IMU0,1.89685546875,-49.5481640625,2.692001953125,-6.022408963585434,-0.350140056022409,0
0.415,IMU0,-0.51732421875,-49.797246093750005,0.42152343750000004,-3.711484593837535,2.73109243697479,2.450980392156863
0.425,IMU0,2.232158203125,-49.33740234375,-1.2166699218750001,-2.8711484593837535,-0.9803921568627452,1.9607843137254903
0.435,IMU0,1.504072265625,-50.0846484375,5.355263671875,-5.182072829131653,-1.6106442577030813,3.2913165266106446
0.445,IMU0,-1.3316308593750001,-49.768505859375004,-0.01916015625,-10.714285714285715,-2.380952380952381,2.9411764705882355
0.455,IMU0,0.9580078125000001,-48.64763671875,-1.9160156250000002,-8.473389355742297,5.042016806722689,2.3109243697478994
0.465,IMU0,0.162861328125,-49.3565625,3.81287109375,-4.831932773109244,15.896358543417367,4.481792717086835
0.475,IMU0,0.277822265625,-49.538583984375,1.302890625,-7.492997198879552,15.056022408963585,4.971988795518207
0.485,IMU0,1.4465917968750002,-49.940947265625006,0.17244140625,-10.714285714285715,14.635854341736696,4.551820728291316
0.495,IMU0,0.44068359375000005,-50.075068359375,2.7399023437500003,-12.254901960784315,14.705882352941178,5.042016806722689
0.505,IMU0,0.13412109375,-50.113388671875,-0.277822265625,-10.714285714285715,13.65546218487395,5.46218487394958
0.515,IMU0,1.906435546875,-48.963779296875,0.718505859375,-8.61344537815126,12.46498599439776,6.372549019607844
0.525,IMU0,0,-48.887138671875,3.554208984375,-11.484593837535014,12.184873949579833,7.563025210084034
0.535,IMU0,0.23950195312500003,-48.743437500000006,-0.49816406250000006,-15.476190476190476,12.394957983193278,6.722689075630252
0.545,IMU0,2.05013671875,-48.0153515625,0.45984375000000005,-14.005602240896359,12.46498599439776,6.792717086834735
0.555,IMU0,-0.09580078125000001,-48.446455078125005,2.529140625,-11.904761904761905,11.69467787114846,8.403361344537815
0.565,IMU0,0.6514453125,-48.436875,0.22992187500000003,-13.725490196078432,10.854341736694678,8.543417366946779
0.575,IMU0,1.5328125000000001,-48.18779296875,1.714833984375,-16.176470588235293,11.134453781512606,9.033613445378151
0.585,IMU0,-0.28740234375,-47.95787109375,1.55197265625,-17.92717086834734,11.484593837535014,9.243697478991598
0.595,IMU0,1.274150390625,-47.555507812500004,-0.5748046875,-17.92717086834734,11.484593837535014,9.243697478991598
0.605,IMU0,1.274150390625,-47.555507812500004,-0.5748046875,-16.246498599439775,11.974789915966387,8.893557422969188
0.615,IMU0,1.5232324218750002,-48.1303125,2.0980371093750003,-14.775910364145659,11.834733893557424,10.504201680672269
0.625,IMU0,-0.51732421875,-47.411806640625,2.692001953125,-17.857142857142858,11.624649859943979,11.624649859943979
0.635,IMU0,1.2070898437500002,-47.038183593750006,-0.7280859375000001,-20.65826330532213,12.044817927170868,10.854341736694678
0.645,IMU0,1.3699511718750002,-46.88490234375001,1.3699511718750002,-19.11764705882353,12.114845938375352,11.134453781512606
0.655,IMU0,-0.18202148437500001,-47.191464843750005,1.4465917968750002,-17.92717086834734,12.394957983193278,12.184873949579833
0.665,IMU0,1.4849121093750002,-46.932802734375,0.45984375000000005,-18.907563025210084,12.394957983193278,12.675070028011206
0.675,IMU0,1.0538085937500001,-46.175976562500004,2.2513183593750004,-21.218487394957982,12.955182072829132,13.58543417366947
0.685,IMU0,-0.42152343750000004,-46.0993359375,0.43110351562500004,-22.829131652661065,13.935574229691877,13.58543417366947
0.695,IMU0,2.069296875,-45.974794921875,-0.296982421875,-21.008403361344538,15.126050420168069,13.165266106442578
0.705,IMU0,0.948427734375,-46.118496093750004,1.9734960937500001,-20.168067226890756,16.526610644257705,14.985994397759104
0.715,IMU0,-0.076640625,-46.472958984375005,1.51365234375,-22.198879551820728,17.50700280112045,15.826330532212886
0.725,IMU0,2.29921875,-45.486210937500005,-0.057480468750000006,-24.159663865546218,18.69747899159664,15.686274509803923
0.735,IMU0,0.852626953125,-45.294609375,1.389111328125,-23.10924369747899,20.378151260504204,16.38655462184874
0.745,IMU0,0.613125,-44.50904296875,1.140029296875,-22.198879551820728,21.84873949579832,16.946778711484594
0.755,IMU0,1.59029296875,-43.886337890625,0.6227050781250001,-23.459383753501402,23.249299719887958,18.137254901960784
0.765,IMU0,0.5077441406250001,-44.365341796875,1.714833984375,-25.35014005602241,24.159663865546218,19.047619047619047
0.775,IMU0,0.5460644531250001,-43.618095703125,-0.057480468750000006,-26.330532212885156,25.140056022408963,18.557422969187677
0.785,IMU0,1.51365234375,-42.822949218750004,0.756826171875,-24.159663865546218,26.47058823529412,18.76750700280112
0.795,IMU0,0.45026367187500005,-43.8001171875,2.078876953125,-24.089635854341736,27.3109243697479,20.098039215686274
0.805,IMU0,1.302890625,-42.640927734375005,-0.143701171875,-26.820728291316527,27.591036414565828,20.448179271708685
0.815,IMU0,0.795146484375,-41.644599609375,1.22625,-27.3109243697479,27.801120448179272,21.218487394957982
0.825,IMU0,0.20118164062500002,-41.9607421875,1.044228515625,-26.400560224089638,28.571428571428573,21.07843137254902
0.835,IMU0,1.39869140625,-41.40509765625,-0.15328125,-25.7703081232493,29.061624649859944,20.798319327731093
0.845,IMU0,0.9771679687500001,-41.108115234375,1.7723144531250001,-26.47058823529412,29.411764705882355,22.128851540616246
0.855,IMU0,0.086220703125,-41.002734375,1.2070898437500002,-28.36134453781513,30.3921568627451,22.759103641456583
0.865,IMU0,1.4082714843750002,-41.06021484375,-0.258662109375,-28.291316526610647,31.51260504201681,22.338935574229694
0.875,IMU0,0.8430468750000001,-41.625439453125004,1.2070898437500002,-26.610644257703083,32.42296918767507,22.829131652661065
0.885,IMU0,0.335302734375,-41.242236328125,1.8010546875000002,-27.100840336134453,33.05322128851541,23.179271708683473
0.895,IMU0,1.3412109375,-40.67701171875,0.13412109375,-29.131652661064425,33.96358543417367,23.529411764705884
0.905,IMU0,0.689765625,-40.399189453125004,0.9388476562500001,-29.271708683473392,34.38375350140056,24.229691876750703
0.915,IMU0,0.39278320312500004,-40.456669921875005,0.718505859375,-28.43137254901961,35.294117647058826,24.019607843137255
0.925,IMU0,1.3220507812500002,-40.52373046875,0.6514453125,-27.73109243697479,36.5546218487395,24.019607843137255
0.935,IMU0,0.852626953125,-40.514150390625005,1.47533203125,-28.8515406162465,37.11484593837535,24.789915966386555
0.945,IMU0,0.5652246093750001,-40.265068359375,0.5652246093750001,-30.182072829131656,37.81512605042017,25.35014005602241
0.955,IMU0,1.2837304687500002,-40.10220703125,0.32572265625,-29.411764705882355,38.16526610644258,25.420168067226893
0.965,IMU0,0.7280859375000001,-40.121367187500006,1.3220507812500002,-28.151260504201684,38.37535014005602,25.630252100840337
0.975,IMU0,0.6514453125,-41.050634765625006,0.929267578125,-28.92156862745098,38.72549019607843,25.70028011204482
0.985,IMU0,1.302890625,-40.274648437500005,0.7280859375000001,-30.04201680672269,38.79551820728292,26.12044817927171
0.995,IMU0,0.7664062500000001,-40.839873046875006,1.044228515625,-29.971988795518207,38.865546218487395,26.820728291316527
1.005,IMU0,0.42152343750000004,-41.127275390625,0.737666015625,-28.92156862745098,39.00560224089636,26.750700280112046
1.015,IMU0,1.62861328125,-39.527402343750005,0.7664062500000001,-28.641456582633054,38.445378151260506,26.330532212885156
1.025,IMU0,0.59396484375,-39.249580078125,1.2454101562500002,-29.69187675070028,37.60504201680673,26.96078431372549
1.035,IMU0,0.536484375,-39.1250390625,0.277822265625,-30.11204481792717,36.904761904761905,27.3109243697479
1.045,IMU0,1.5998730468750002,-38.923857421875006,0.8238867187500001,-28.711484593837536,35.22408963585434,27.3109243697479
1.055,IMU0,0.335302734375,-38.837636718750005,1.0346484375,-27.941176470588236,33.89355742296919,27.591036414565828
1.065,IMU0,0.7855664062500001,-38.780156250000005,0.5748046875,-28.43137254901961,33.68347338935575,27.17086834733894
1.075,IMU0,1.5711328125000001,-38.598134765625005,1.1112890625,-28.641456582633054,33.333333333333336,27.521008403361346
1.085,IMU0,0.41194335937500004,-38.722675781250004,0.6514453125,-28.221288515406165,31.932773109243698,28.43137254901961
1.095,IMU0,0.9580078125000001,-39.901025390625,0.3448828125,-26.680672268907564,29.271708683473392,28.011204481792717
1.105,IMU0,1.5711328125000001,-38.780156250000005,1.5711328125000001,-26.47058823529412,26.47058823529412,27.66106442577031
1.115,IMU0,0.21076171875000002,-38.7418359375,0.48858398437500006,-27.380952380952383,24.299719887955185,28.0812324929972
1.125,IMU0,1.3412109375,-38.828056640625,-0.076640625,-26.680672268907564,23.10924369747899,28.0812324929972
1.135,IMU0,1.85853515625,-38.511914062500004,1.4178515625,-25,21.84873949579832,28.711484593837536
1.145,IMU0,-0.086220703125,-38.559814453125,0.55564453125,-24.439775910364148,18.977591036414566,28.8515406162465
1.155,IMU0,1.7723144531250001,-38.358632812500005,0.6227050781250001,-24.789915966386555,16.31652661064426,28.011204481792717
1.165,IMU0,1.580712890625,-38.138291015625,1.1112890625,-24.789915966386555,14.84593837535014,28.781512605042018
1.175,IMU0,-0.076640625,-38.147871093750005,0.36404296875000003,-23.599439775910366,14.285714285714286,29.411764705882355
1.185,IMU0,2.212998046875,-38.205351562500006,1.0538085937500001,-22.058823529411764,11.904761904761905,28.991596638655462
1.195,IMU0,1.1112890625,-38.272412109375004,1.1687695312500002,-22.058823529411764,9.663865546218489,29.341736694677873
1.205,IMU0,0.6514453125,-38.10955078125,0.63228515625,-22.338935574229694,7.492997198879552,29.131652661064425
1.215,IMU0,2.289638671875,-38.243671875000004,1.235830078125,-21.218487394957982,3.711484593837535,29.131652661064425
1.225,IMU0,1.2454101562500002,-38.080810546875,0.8430468750000001,-20.028011204481793,1.7507002801120448,30.04201680672269
1.235,IMU0,0.8238867187500001,-38.214931640625004,0.756826171875,-19.327731092436977,0.8403361344537815,29.69187675070028
1.245,IMU0,2.404599609375,-38.147871093750005,1.350791015625,-19.18767507002801,-1.1904761904761905,29.341736694677873
1.255,IMU0,0.59396484375,-37.937109375000006,0.59396484375,-18.557422969187677,-3.5014005602240896,30.04201680672269
1.265,IMU0,0.8622070312500001,-37.7071875,0.5269042968750001,-16.876750700280112,-6.442577030812325,29.69187675070028
1.275,IMU0,1.8872753906250002,-37.764667968750004,1.82021484375,-15.686274509803923,-8.823529411764707,29.411764705882355
1.285,IMU0,0.8238867187500001,-37.7071875,0.689765625,-15.756302521008404,-10.714285714285715,29.271708683473392
1.295,IMU0,1.51365234375,-37.7455078125,0.7472460937500001,-15.19607843137255,-12.675070028011206,28.781512605042018
1.305,IMU0,1.70525390625,-37.91794921875,1.3220507812500002,-13.795518207282914,-15.406162464985995,29.341736694677873
1.315,IMU0,1.0921289062500001,-37.793408203125004,0.59396484375,-12.324929971988796,-18.487394957983195,29.271708683473392
1.325,IMU0,1.7339941406250001,-37.7455078125,1.5615527343750002,-11.554621848739496,-21.498599439775912,28.571428571428573
1.335,IMU0,1.3412109375,-37.774248046875,1.3316308593750001,-11.484593837535014,-24.299719887955185,28.36134453781513
1.345,IMU0,1.4082714843750002,-37.496425781250004,0.775986328125,-10.644257703081234,-27.521008403361346,28.36134453781513
1.355,IMU0,1.9160156250000002,-37.563486328125,1.427431640625,-8.823529411764707,-30.602240896358545,28.36134453781513
1.365,IMU0,1.159189453125,-37.486845703125006,1.37953125,-8.263305322128852,-34.03361344537815,28.221288515406165
1.375,IMU0,1.4944921875000001,-37.285664062500004,1.082548828125,-7.843137254901961,-36.97478991596639,27.380952380952383
1.385,IMU0,2.20341796875,-37.352724609375,1.62861328125,-7.002801120448179,-40.68627450980392,26.820728291316527
1.395,IMU0,2.2513183593750004,-38.138291015625,0.871787109375,-6.0924369747899165,-44.04761904761905,27.030812324929972
1.405,IMU0,1.159189453125,-38.2819921875,0.871787109375,-4.971988795518207,-48.459383753501406,27.030812324929972
1.415,IMU0,2.462080078125,-37.2090234375,1.4849121093750002,-4.061624649859944,-51.680672268907564,26.050420168067227
1.425,IMU0,2.375859375,-36.9024609375,1.1687695312500002,-3.2913165266106446,-54.48179271708684,25.840336134453782
1.435,IMU0,0.9005273437500001,-36.682119140625005,1.1112890625,-2.380952380952381,-57.983193277310924,25.560224089635856
1.445,IMU0,3.1326855468750003,-36.557578125,1.4082714843750002,-1.400560224089636,-59.943977591036415,24.92997198879552
1.455,IMU0,1.580712890625,-36.69169921875,1.159189453125,-0.9103641456582633,-61.694677871148464,25.140056022408963
1.465,IMU0,1.2933105468750001,-36.7491796875,1.082548828125,-0.1400560224089636,-60.99439775910364,24.299719887955185
1.475,IMU0,2.941083984375,-36.7491796875,1.66693359375,0.6302521008403361,-59.173669467787114,23.599439775910366
1.485,IMU0,1.427431640625,-36.777919921875004,1.140029296875,0.9803921568627452,-57.703081232493,23.87955182072829
1.495,IMU0,1.66693359375,-36.433037109375,1.580712890625,2.100840336134454,-56.09243697478992,23.249299719887958
1.505,IMU0,2.222578125,-36.394716796875,2.08845703125,2.3109243697478994,-54.13165266106443,22.689075630252102
1.515,IMU0,1.0538085937500001,-36.509677734375,1.657353515625,2.450980392156863,-52.52100840336135,22.268907563025213
1.525,IMU0,1.07296875,-37.0940625,2.5866210937500003,3.011204481792717,-49.649859943977596,21.218487394957982
1.535,IMU0,2.529140625,-36.864140625000005,2.47166015625,2.73109243697479,-46.21848739495798,20.308123249299722
1.545,IMU0,0.7855664062500001,-36.356396484375004,1.74357421875,2.5910364145658265,-43.4873949579832,20.308123249299722
1.555,IMU0,1.302890625,-36.251015625,3.3913476562500002,3.2212885154061626,-41.806722689075634,18.837535014005603
1.565,IMU0,2.24173828125,-36.442617187500005,2.5099804687500002,2.6610644257703084,-39.70588235294118,17.647058823529413
1.575,IMU0,0.70892578125,-36.643798828125,2.222578125,2.450980392156863,-36.41456582633053,17.22689075630252
1.585,IMU0,1.6860937500000002,-36.471357421875005,3.23806640625,2.100840336134454,-33.54341736694678,15.756302521008404
1.595,IMU0,1.55197265625,-36.145634765625005,2.28005859375,1.2605042016806722,-30.81232492997199,14.915966386554622
1.605,IMU0,0.718505859375,-36.15521484375,2.2513183593750004,1.5406162464985995,-26.820728291316527,13.58543417366947
1.615,IMU0,1.82021484375,-36.04025390625,3.1039453125,1.2605042016806722,-21.1484593837535,12.184873949579833
1.625,IMU0,1.2454101562500002,-36.059414062500004,2.596201171875,0.42016806722689076,-17.92717086834734,11.414565826330533
1.635,IMU0,1.5615527343750002,-35.8678125,2.232158203125,-0.2801120448179272,-16.176470588235293,9.943977591036415
1.645,IMU0,2.08845703125,-36.00193359375,2.998564453125,-0.42016806722689076,-13.65546218487395,8.96358543417367
1.655,IMU0,0.948427734375,-36.107314453125,2.24173828125,-0.9803921568627452,-11.974789915966387,8.053221288515406
1.665,IMU0,1.906435546875,-36.509677734375,2.5099804687500002,-1.1904761904761905,-10.784313725490197,6.512605042016807
1.675,IMU0,2.3375390625000003,-36.231855468750005,3.23806640625,-2.2408963585434174,-8.683473389355743,5.8123249299719895
1.685,IMU0,0.45984375000000005,-35.915712890625,1.9639160156250002,-3.2913165266106446,-6.162464985994398,4.971988795518207
1.695,IMU0,1.944755859375,-35.6762109375,2.5004003906250003,-3.5014005602240896,-2.450980392156863,3.431372549019608
1.705,IMU0,2.3279589843750004,-35.5995703125,2.3375390625000003,-3.991596638655462,-0.8403361344537815,2.380952380952381
1.715,IMU0,1.1304492187500002,-35.628310546875,1.6477734375000002,-4.481792717086835,-0.2801120448179272,1.5406162464985995
1.725,IMU0,2.3375390625000003,-36.116894531250004,2.28005859375,-4.761904761904762,-0.700280112044818,0.350140056022409
1.735,IMU0,2.232158203125,-35.417548828125,2.529140625,-5.46218487394958,-2.100840336134454,-0.2801120448179272
1.745,IMU0,1.2070898437500002,-35.475029296875,1.906435546875,-6.162464985994398,-1.9607843137254903,-1.050420168067227
1.755,IMU0,3.3913476562500002,-35.455869140625005,1.983076171875,-6.162464985994398,-1.9607843137254903,-1.050420168067227
1.765,IMU0,3.3913476562500002,-35.455869140625005,1.983076171875,-6.582633053221289,-4.971988795518207,-2.5910364145658265
1.775,IMU0,1.07296875,-35.484609375000005,2.20341796875,-6.932773109243698,-8.823529411764707,-2.8711484593837535
1.785,IMU0,2.01181640625,-35.398388671875004,2.136357421875,-7.282913165266106,-11.69467787114846,-4.061624649859944
1.795,IMU0,2.70158203125,-35.178046875,1.59029296875,-8.053221288515406,-16.31652661064426,-5.182072829131653
1.805,IMU0,1.4465917968750002,-35.264267578125,1.791474609375,-8.473389355742297,-19.95798319327731,-5.5322128851540615
1.815,IMU0,2.002236328125,-35.2930078125,1.6477734375000002,-8.683473389355743,-25.35014005602241,-6.792717086834735
1.825,IMU0,2.8261230468750003,-35.31216796875,2.1076171875000003,-9.103641456582633,-29.481792717086837,-7.352941176470589
1.835,IMU0,1.66693359375,-35.04392578125,2.2704785156250002,-10.014005602240896,-33.12324929971989,-7.492997198879552
1.845,IMU0,2.1842578125000003,-34.679882812500004,1.2454101562500002,-10.504201680672269,-38.58543417366947,-8.683473389355743
1.855,IMU0,3.075205078125,-34.727783203125,2.6536816406250003,-10.504201680672269,-42.36694677871149,-8.893557422969188
1.865,IMU0,1.07296875,-34.948125000000005,2.2608984375000003,-11.134453781512606,-46.21848739495798,-8.893557422969188
1.875,IMU0,2.62494140625,-34.9098046875,0.6227050781250001,-11.904761904761905,-47.89915966386555,-9.943977591036415
1.885,IMU0,1.8393750000000002,-35.475029296875,1.8489550781250002,-12.184873949579833,-49.43977591036415,-9.593837535014005
1.895,IMU0,0.7855664062500001,-35.752851562500005,1.2837304687500002,-12.605042016806724,-50.070028011204485,-10.224089635854343
1.905,IMU0,3.0656250000000003,-35.005605468750005,0.948427734375,-12.324929971988796,-48.66946778711485,-11.064425770308123
1.915,IMU0,1.389111328125,-34.842744140625,1.51365234375,-12.53501400560224,-48.109243697478995,-10.294117647058824
1.925,IMU0,1.2166699218750001,-34.976865234375005,0.680185546875,-13.58543417366947,-46.63865546218488,-10.714285714285715
1.935,IMU0,3.5925292968750004,-34.996025390625,1.1112890625,-13.305322128851541,-44.537815126050425,-10.994397759103641
1.945,IMU0,1.082548828125,-34.200878906250004,1.1687695312500002,-13.23529411764706,-42.226890756302524,-9.873949579831933
1.955,IMU0,1.5711328125000001,-34.526601562500005,0.6035449218750001,-13.375350140056023,-41.1764705882353,-10.504201680672269
1.965,IMU0,3.2859667968750004,-34.363740234375,1.51365234375,-13.865546218487395,-40.96638655462185,-10.644257703081234
1.975,IMU0,0.689765625,-33.81767578125,1.0154882812500001,-14.42577030812325,-39.70588235294118,-9.73389355742297
1.985,IMU0,2.0213964843750003,-33.58775390625,0.086220703125,-14.215686274509805,-38.79551820728292,-10.644257703081234
1.995,IMU0,3.190166015625,-33.836835937500005,1.43701171875,-13.305322128851541,-38.30532212885154,-10.154061624649861
2.005,IMU0,0.23950195312500003,-33.836835937500005,1.302890625,-13.935574229691877,-38.23529411764706,-9.38375350140056
2.015,IMU0,2.615361328125,-33.597333984375005,0.296982421875,-14.915966386554622,-37.81512605042017,-10.364145658263306
2.025,IMU0,2.385439453125,-33.654814453125,0.9867480468750001,-14.355742296918768,-37.39495798319328,-9.593837535014005
2.035,IMU0,0.23950195312500003,-33.6835546875,1.0154882812500001,-14.145658263305323,-37.324929971988794,-9.313725490196079
2.045,IMU0,3.16142578125,-33.5302734375,0.680185546875,-14.215686274509805,-37.18487394957983,-9.943977591036415
2.055,IMU0,1.657353515625,-33.3769921875,1.1112890625,-14.915966386554622,-37.18487394957983,-8.96358543417367
2.065,IMU0,0.7472460937500001,-33.156650390625,0.59396484375,-15.546218487394958,-36.83473389355743,-9.033613445378151
2.075,IMU0,2.845283203125,-33.367412109375,0.9580078125000001,-14.355742296918768,-35.50420168067227,-9.38375350140056
2.085,IMU0,1.676513671875,-33.357832031250005,0.7855664062500001,-14.215686274509805,-35.64425770308124,-8.473389355742297
2.095,IMU0,0.775986328125,-33.520693359375,0.699345703125,-14.985994397759104,-36.41456582633053,-8.473389355742297
2.105,IMU0,2.5004003906250003,-33.444052734375,1.101708984375,-15.056022408963585,-35.7843137254902,-8.753501400560225
2.115,IMU0,1.350791015625,-33.309931640625,0.5269042968750001,-14.915966386554622,-35.43417366946779,-7.913165266106443
2.125,IMU0,1.159189453125,-33.348251953125,0.795146484375,-14.285714285714286,-35.7843137254902,-8.123249299719888
2.135,IMU0,2.1746777343750003,-33.43447265625,1.178349609375,-14.635854341736696,-36.83473389355743,-8.19327731092437
2.145,IMU0,1.1304492187500002,-33.511113281250005,0.871787109375,-14.915966386554622,-37.11484593837535,-7.563025210084034
2.155,IMU0,1.59029296875,-33.175810546875,0.67060546875,-14.775910364145659,-38.445378151260506,-7.913165266106443
2.165,IMU0,2.5866210937500003,-33.271611328125005,0.8622070312500001,-14.145658263305323,-40.406162464986,-7.633053221288516
2.175,IMU0,0.28740234375,-33.3769921875,1.2070898437500002,-14.285714285714286,-39.845938375350144,-6.722689075630252
2.185,IMU0,1.868115234375,-33.26203125,0.3448828125,-14.215686274509805,-38.79551820728292,-7.212885154061625
2.195,IMU0,2.404599609375,-33.28119140625,0.8430468750000001,-13.865546218487395,-39.42577030812325,-6.582633053221289
2.205,IMU0,0.5269042968750001,-32.878828125000005,0.48858398437500006,-13.165266106442578,-40.616246498599445,-6.162464985994398
2.215,IMU0,2.4237597656250003,-32.926728515625,0.70892578125,-12.675070028011206,-40.33613445378151,-6.442577030812325
2.225,IMU0,1.619033203125,-32.984208984375,0.910107421875,-12.745098039215687,-40.826330532212886,-5.46218487394958
2.235,IMU0,0.756826171875,-32.888408203125,0.44068359375000005,-12.675070028011206,-41.1764705882353,-5.2521008403361344
2.245,IMU0,2.5099804687500002,-32.8405078125,0.55564453125,-11.624649859943979,-41.036414565826334,-5.392156862745098
2.255,IMU0,1.197509765625,-32.93630859375,1.0346484375,-10.854341736694678,-40.33613445378151,-4.621848739495799
2.265,IMU0,1.2645703125,-32.89798828125,0.42152343750000004,-10.854341736694678,-39.42577030812325,-4.551820728291316
2.275,IMU0,2.308798828125,-32.926728515625,0.47900390625000006,-10.504201680672269,-39.285714285714285,-4.131652661064426
2.285,IMU0,0.948427734375,-32.418984375,0.47900390625000006,-9.593837535014005,-39.35574229691877,-3.361344537815126
2.295,IMU0,1.55197265625,-32.294443359375,0.55564453125,-8.823529411764707,-39.21568627450981,-3.781512605042017
2.305,IMU0,2.0309765625000002,-32.102841796875005,0.59396484375,-8.403361344537815,-39.00560224089636,-3.5714285714285716
2.315,IMU0,0.6514453125,-31.834599609375,0.6514453125,-8.333333333333334,-40.19607843137255,-2.9411764705882355
2.325,IMU0,1.85853515625,-31.614257812500004,0.143701171875,-7.703081232492997,-39.635854341736696,-3.081232492997199
2.335,IMU0,1.36037109375,-31.585517578125003,0.40236328125000004,-6.442577030812325,-38.79551820728292,-2.5210084033613445
2.345,IMU0,0.8430468750000001,-31.3076953125,0.70892578125,-5.6722689075630255,-37.675070028011206,-2.5910364145658265
2.355,IMU0,2.222578125,-30.761630859375003,0.01916015625,-5.742296918767507,-36.83473389355743,-2.450980392156863
2.365,IMU0,1.1879296875,-30.71373046875,0.8622070312500001,-5.2521008403361344,-35.50420168067227,-1.4705882352941178
2.375,IMU0,1.1304492187500002,-30.301787109375002,0.8813671875000001,-4.481792717086835,-34.80392156862745,-1.4705882352941178
2.385,IMU0,2.16509765625,-29.6216015625,0.12454101562500001,-4.061624649859944,-32.913165266106446,-1.4705882352941178
2.395,IMU0,0.871787109375,-29.046796875000002,1.235830078125,-3.711484593837535,-31.862745098039216,-0.8403361344537815
2.405,IMU0,1.39869140625,-28.462412109375002,0.47900390625000006,-3.711484593837535,-31.092436974789916,-0.8403361344537815
2.415,IMU0,2.0309765625000002,-27.91634765625,0.42152343750000004,-3.151260504201681,-30.672268907563026,-0.2801120448179272
2.425,IMU0,0.45984375000000005,-27.293642578125002,0.9867480468750001,-2.380952380952381,-29.271708683473392,0.0700280112044818
2.435,IMU0,1.714833984375,-26.4793359375,-0.028740234375000003,-2.2408963585434174,-27.801120448179272,-0.4901960784313726
2.445,IMU0,1.5998730468750002,-26.124873046875003,0.8430468750000001,-2.030812324929972,-27.591036414565828,0.1400560224089636
2.455,IMU0,0.3065625,-25.665029296875,0.680185546875,-1.5406162464985995,-26.610644257703083,0.5602240896358543
2.465,IMU0,1.6094531250000002,-25.195605468750003,-0.057480468750000006,-1.050420168067227,-24.369747899159666,0.21008403361344538
2.475,IMU0,1.120869140625,-24.850722656250003,1.389111328125,-0.4901960784313726,-22.058823529411764,0.700280112044818
2.485,IMU0,0.7280859375000001,-24.208857421875003,0.32572265625,-0.6302521008403361,-20.448179271708685,0.700280112044818
2.495,IMU0,1.89685546875,-23.691533203125,0.36404296875000003,-0.0700280112044818,-19.11764705882353,0.7703081232492998
2.505,IMU0,0.852626953125,-23.384970703125003,1.504072265625,0.42016806722689076,-16.73669467787115,1.400560224089636
2.515,IMU0,1.07296875,-23.04966796875,0.22992187500000003,-0.4901960784313726,-15.546218487394958,0.9803921568627452
2.525,IMU0,1.983076171875,-22.51318359375,0.613125,-0.1400560224089636,-14.145658263305323,1.1204481792717087
2.535,IMU0,-0.258662109375,-22.388642578125,1.47533203125,0,-13.58543417366947,1.680672268907563
2.545,IMU0,1.22625,-21.9575390625,-0.18202148437500001,-0.0700280112044818,-11.764705882352942,1.1904761904761905
2.555,IMU0,0.9867480468750001,-21.679716796875002,1.005908203125,0.9803921568627452,-9.73389355742297,1.400560224089636
2.565,IMU0,0.086220703125,-21.526435546875,0.9580078125000001,0.350140056022409,-7.913165266106443,1.2605042016806722
2.575,IMU0,1.197509765625,-21.200712890625002,0,0.42016806722689076,-5.742296918767507,1.050420168067227
2.585,IMU0,1.1687695312500002,-20.760029296875,1.2933105468750001,1.5406162464985995,-2.73109243697479,1.7507002801120448
2.595,IMU0,0.38320312500000003,-20.089423828125,0.536484375,1.2605042016806722,-0.350140056022409,2.030812324929972
2.605,IMU0,1.7339941406250001,-19.792441406250003,0.057480468750000006,1.4705882352941178,2.450980392156863,1.8207282913165266
2.615,IMU0,0.8813671875000001,-19.514619140625,1.063388671875,1.8207282913165266,4.411764705882353,2.5910364145658265
2.625,IMU0,0.277822265625,-18.671572265625002,0.39278320312500004,1.8207282913165266,4.761904761904762,2.6610644257703084
2.635,IMU0,1.5615527343750002,-18.297949218750002,0.38320312500000003,2.380952380952381,5.9523809523809526,2.6610644257703084
2.645,IMU0,0.5077441406250001,-17.83810546875,1.3699511718750002,2.5210084033613445,7.703081232492997,3.011204481792717
2.655,IMU0,0.5748046875,-17.339941406250002,0.24908203125000003,1.680672268907563,10.154061624649861,2.8711484593837535
2.665,IMU0,1.0921289062500001,-17.119599609375,0.38320312500000003,2.5910364145658265,12.254901960784315,3.151260504201681
2.675,IMU0,0.41194335937500004,-16.70765625,0.5748046875,3.151260504201681,13.65546218487395,3.711484593837535
2.685,IMU0,0.737666015625,-16.3627734375,0.47900390625000006,3.361344537815126,15.476190476190476,3.5014005602240896
2.695,IMU0,1.2933105468750001,-16.334033203125003,0.51732421875,3.151260504201681,17.016806722689076,3.431372549019608
2.705,IMU0,0.39278320312500004,-16.324453125,0.258662109375,3.011204481792717,19.537815126050422,3.9215686274509807
2.715,IMU0,1.235830078125,-16.104111328125,0.37362304687500003,3.5714285714285716,21.638655462184875,4.061624649859944
2.725,IMU0,0.910107421875,-15.605947265625002,0.5652246093750001,4.201680672268908,23.10924369747899,4.831932773109244
2.735,IMU0,0.47900390625000006,-15.280224609375,0.5077441406250001,3.9215686274509807,24.719887955182074,4.621848739495799
2.745,IMU0,1.4944921875000001,-14.638359375,0.296982421875,3.641456582633053,25.980392156862745,4.201680672268908
2.755,IMU0,0.38320312500000003,-14.25515625,0.63228515625,3.711484593837535,26.610644257703083,4.901960784313726
2.765,IMU0,0.613125,-13.900693359375001,0.8813671875000001,3.9215686274509807,27.450980392156865,4.901960784313726
2.775,IMU0,1.302890625,-13.325888671875001,0.6514453125,3.8515406162464987,29.20168067226891,4.971988795518207
2.785,IMU0,0.40236328125000004,-12.751083984375,0.59396484375,3.641456582633053,30.952380952380953,5.112044817927171
2.795,IMU0,0.9580078125000001,-12.262500000000001,0.890947265625,3.2212885154061626,32.703081232493,4.901960784313726
2.805,IMU0,0.814306640625,-11.66853515625,0.5652246093750001,3.641456582633053,34.03361344537815,5.322128851540617
2.815,IMU0,0.18202148437500001,-10.86380859375,0.6514453125,3.781512605042017,35.64425770308124,5.602240896358544
2.825,IMU0,0.9867480468750001,-10.145302734375,0.718505859375,3.2913165266106446,37.60504201680673,5.182072829131653
2.835,IMU0,0.45984375000000005,-9.29267578125,0.45026367187500005,3.2212885154061626,39.56582633053222,5.112044817927171
2.845,IMU0,0.37362304687500003,-8.564589843750001,0.13412109375,3.361344537815126,41.87675070028011,5.042016806722689
2.855,IMU0,1.197509765625,-8.14306640625,0.49816406250000006,4.131652661064426,43.27731092436975,5.112044817927171
2.865,IMU0,0.44068359375000005,-7.6257421875,0.756826171875,4.271708683473389,44.25770308123249,5.602240896358544
2.875,IMU0,0.086220703125,-6.974296875,0.737666015625,3.991596638655462,44.81792717086835,5.042016806722689
2.885,IMU0,1.0921289062500001,-6.49529296875,0.43110351562500004,4.061624649859944,46.42857142857143,4.551820728291316
2.895,IMU0,0.45984375000000005,-5.872587890625001,0.47900390625000006,4.061624649859944,48.03921568627451,4.971988795518207
2.905,IMU0,0.48858398437500006,-5.69056640625,0.335302734375,4.481792717086835,49.57983193277311,4.971988795518207
2.915,IMU0,0.871787109375,-5.69056640625,0.48858398437500006,4.481792717086835,49.57983193277311,4.971988795518207
2.925,IMU0,0.871787109375,-5.518125,0.48858398437500006,4.551820728291316,51.19047619047619,4.901960784313726
2.935,IMU0,0.22034179687500002,-4.952900390625,0.143701171875,4.411764705882353,52.871148459383754,4.901960784313726
2.945,IMU0,0.13412109375,-4.799619140625,0.19160156250000002,4.69187675070028,54.27170868347339,4.341736694677872
2.955,IMU0,0.929267578125,-4.493056640625,0.277822265625,5.2521008403361344,55.392156862745104,4.131652661064426
2.965,IMU0,0.15328125,-4.502636718750001,0.45026367187500005,5.392156862745098,56.65266106442577,4.341736694677872
2.975,IMU0,0.22034179687500002,-4.502636718750001,0.46942382812500005,4.971988795518207,57.983193277310924,3.991596638655462
2.985,IMU0,0.6610253906250001,-4.4547363281250005,0.277822265625,5.322128851540617,59.523809523809526,3.641456582633053
2.995,IMU0,0.01916015625,-4.435576171875001,0.48858398437500006,5.8123249299719895,61.41456582633054,3.5014005602240896
3.005,IMU0,0.44068359375000005,-4.0619531250000005,0.3448828125,5.882352941176471,62.74509803921569,3.361344537815126
3.015,IMU0,0.3065625,-3.9086718750000005,0.49816406250000006,6.022408963585434,64.70588235294117,3.431372549019608
3.025,IMU0,0.37362304687500003,-3.5350488281250003,0.13412109375,6.022408963585434,67.43697478991596,3.151260504201681
3.035,IMU0,0.354462890625,-3.31470703125,0.17244140625,6.512605042016807,68.4873949579832,2.8711484593837535
3.045,IMU0,0.09580078125000001,-3.2859667968750004,0.277822265625,7.072829131652662,69.67787114845939,2.73109243697479
3.055,IMU0,0.49816406250000006,-3.2093261718750004,0.10538085937500001,7.42296918767507,71.21848739495799,2.73109243697479
3.065,IMU0,0.23950195312500003,-3.00814453125,0.23950195312500003,7.212885154061625,72.12885154061625,2.73109243697479
3.075,IMU0,0.3065625,-2.7303222656250004,0.162861328125,7.282913165266106,72.75910364145659,2.5210084033613445
3.085,IMU0,0.40236328125000004,-2.4908203125000004,-0.01916015625,7.913165266106443,73.8795518207283,2.450980392156863
3.095,IMU0,0.42152343750000004,-2.385439453125,0.09580078125000001,8.19327731092437,75.21008403361346,2.380952380952381
3.105,IMU0,0.21076171875000002,-2.519560546875,0.5077441406250001,7.913165266106443,75.91036414565826,2.5210084033613445
3.115,IMU0,0.316142578125,-2.05013671875,0.40236328125000004,7.492997198879552,77.59103641456583,2.380952380952381
3.125,IMU0,0.5077441406250001,-1.9351757812500001,0.47900390625000006,7.843137254901961,79.41176470588236,2.3109243697478994
3.135,IMU0,0.057480468750000006,-2.040556640625,0.5460644531250001,7.913165266106443,80.60224089635855,2.380952380952381
3.145,IMU0,0.49816406250000006,-2.01181640625,0.37362304687500003,7.563025210084034,82.07282913165267,2.3109243697478994
3.155,IMU0,0.22992187500000003,-1.6956738281250001,0.20118164062500002,7.42296918767507,83.68347338935574,2.450980392156863
3.165,IMU0,-0.32572265625,-1.9639160156250002,0.22992187500000003,7.492997198879552,85.57422969187675,2.3109243697478994
3.175,IMU0,0.3448828125,-1.8010546875000002,0.18202148437500001,7.563025210084034,87.3249299719888,1.8207282913165266
3.185,IMU0,-0.22992187500000003,-1.753154296875,0.0383203125,7.773109243697479,89.14565826330532,1.8207282913165266
3.195,IMU0,-0.3065625,-1.465751953125,0.13412109375,7.352941176470589,90.406162464986,1.5406162464985995
3.205,IMU0,0.277822265625,-1.302890625,0.13412109375,7.633053221288516,91.59663865546219,1.2605042016806722
3.215,IMU0,-0.28740234375,-1.1112890625,0.24908203125000003,7.983193277310924,93.0672268907563,1.1904761904761905
3.225,IMU0,-0.028740234375000003,-1.044228515625,-0.09580078125000001,7.703081232492997,93.9075630252101,0.7703081232492998
3.235,IMU0,-0.076640625,-0.948427734375,0.24908203125000003,7.983193277310924,94.88795518207283,0.700280112044818
3.245,IMU0,-0.22034179687500002,-0.814306640625,0.37362304687500003,7.913165266106443,95.86834733893558,0.6302521008403361
3.255,IMU0,-0.162861328125,-0.536484375,-0.3065625,7.633053221288516,96.63865546218487,0.2801120448179272
3.265,IMU0,-1.5232324218750002,-0.11496093750000001,0.8430468750000001,7.563025210084034,97.40896358543418,0.350140056022409
3.275,IMU0,-1.082548828125,-0.20118164062500002,0.8430468750000001,7.633053221288516,97.96918767507003,-1.2605042016806722
3.285,IMU0,0.6227050781250001,-0.067060546875,0.17244140625,7.352941176470589,98.94957983193278,-2.380952380952381
3.295,IMU0,-1.7244140625000002,0,0.6514453125,6.792717086834735,99.43977591036415,-2.100840336134454
3.305,IMU0,-0.70892578125,0.13412109375,0.6227050781250001,6.162464985994398,100,-3.361344537815126
3.315,IMU0,0.737666015625,0.21076171875000002,-0.09580078125000001,6.302521008403362,100.84033613445379,-3.5714285714285716
3.325,IMU0,-1.74357421875,0.13412109375,0.890947265625,6.512605042016807,101.40056022408965,-3.5014005602240896
3.335,IMU0,-0.10538085937500001,0.24908203125000003,0.5460644531250001,5.46218487394958,102.31092436974791,-5.112044817927171
3.345,IMU0,0.3448828125,0.39278320312500004,-0.162861328125,5.112044817927171,102.45098039215686,-5.112044817927171
3.355,IMU0,-1.4178515625,0.32572265625,0.7472460937500001,5.602240896358544,103.0812324929972,-4.831932773109244
3.365,IMU0,0.536484375,0.32572265625,0.5077441406250001,5.8123249299719895,103.36134453781513,-5.602240896358544
3.375,IMU0,-0.20118164062500002,0.44068359375000005,0.01916015625,5.392156862745098,103.71148459383754,-5.392156862745098
3.385,IMU0,-1.082548828125,0.45984375000000005,0.613125,4.831932773109244,104.2016806722689,-6.022408963585434
3.395,IMU0,0.680185546875,0.45026367187500005,0.3448828125,4.69187675070028,104.76190476190477,-6.722689075630252
3.405,IMU0,-0.24908203125000003,0.43110351562500004,-0.076640625,4.621848739495799,104.76190476190477,-5.882352941176471
3.415,IMU0,-0.8622070312500001,0.335302734375,0.775986328125,4.831932773109244,105.25210084033614,-6.0924369747899165
3.425,IMU0,0.613125,0.316142578125,0.143701171875,4.061624649859944,105.88235294117648,-6.792717086834735
3.435,IMU0,-0.536484375,0.3065625,0.047900390625000004,3.781512605042017,106.30252100840336,-6.582633053221289
3.445,IMU0,-0.47900390625000006,0.354462890625,0.8238867187500001,4.341736694677872,106.9327731092437,-6.932773109243698
3.455,IMU0,0.6227050781250001,0.45026367187500005,0.086220703125,3.9215686274509807,107.56302521008404,-6.792717086834735
3.465,IMU0,-0.5748046875,0.45984375000000005,0.076640625,3.641456582633053,107.98319327731093,-6.302521008403362
3.475,IMU0,-0.162861328125,0.536484375,0.680185546875,3.431372549019608,108.40336134453781,-6.862745098039216
3.485,IMU0,0.7664062500000001,0.6418652343750001,-0.41194335937500004,3.2913165266106446,108.96358543417368,-6.862745098039216
3.495,IMU0,-0.48858398437500006,0.5843847656250001,0.36404296875000003,3.8515406162464987,109.2436974789916,-6.0924369747899165
3.505,IMU0,0.01916015625,0.63228515625,0.536484375,3.2212885154061626,109.31372549019608,-6.0924369747899165
3.515,IMU0,0.699345703125,0.680185546875,-0.48858398437500006,2.5210084033613445,109.10364145658264,-5.882352941176471
3.525,IMU0,-0.47900390625000006,0.699345703125,0.3065625,2.8711484593837535,109.17366946778712,-5.6722689075630255
3.535,IMU0,0.3065625,0.6418652343750001,0.40236328125000004,2.8711484593837535,109.80392156862746,-5.8123249299719895
3.545,IMU0,0.536484375,0.59396484375,-0.316142578125,2.5910364145658265,110.29411764705883,-5.112044817927171
3.555,IMU0,-0.44068359375000005,0.63228515625,0.43110351562500004,2.3109243697478994,110.36414565826331,-4.481792717086835
3.565,IMU0,0.5077441406250001,0.699345703125,0.18202148437500001,1.6106442577030813,110.57422969187675,-4.831932773109244
3.575,IMU0,0.28740234375,0.7472460937500001,-0.23950195312500003,1.8907563025210086,111.34453781512606,-4.481792717086835
3.585,IMU0,-0.354462890625,0.6514453125,0.5269042968750001,1.9607843137254903,111.90476190476191,-3.991596638655462
3.595,IMU0,0.718505859375,0.680185546875,-0.086220703125,1.2605042016806722,112.46498599439776,-3.781512605042017
3.605,IMU0,0.047900390625000004,0.718505859375,-0.0383203125,0.7703081232492998,112.6750700280112,-3.151260504201681
3.615,IMU0,-0.21076171875000002,0.680185546875,0.49816406250000006,0.5602240896358543,112.81512605042018,-3.2913165266106446
3.625,IMU0,0.795146484375,0.7472460937500001,-0.15328125,0.350140056022409,113.23529411764706,-3.2212885154061626
3.635,IMU0,-0.10538085937500001,0.699345703125,0.09580078125000001,0.1400560224089636,113.58543417366947,-2.380952380952381
3.645,IMU0,0.01916015625,0.70892578125,0.45984375000000005,-0.4901960784313726,113.8655462184874,-2.170868347338936
3.655,IMU0,0.699345703125,0.775986328125,-0.143701171875,-0.9103641456582633,114.49579831932773,-2.100840336134454
3.665,IMU0,-0.10538085937500001,0.756826171875,0.12454101562500001,-0.700280112044818,114.14565826330532,-1.8907563025210086
3.675,IMU0,0.23950195312500003,0.699345703125,0.296982421875,-1.1204481792717087,114.07563025210085,-1.8907563025210086
3.685,IMU0,0.44068359375000005,0.756826171875,-0.13412109375,-1.7507002801120448,114.49579831932773,-1.2605042016806722
3.695,IMU0,-0.0383203125,0.775986328125,0.19160156250000002,-2.3109243697478994,114.56582633053222,-0.7703081232492998
3.705,IMU0,0.5652246093750001,0.8238867187500001,-0.057480468750000006,-2.5210084033613445,114.49579831932773,-0.9803921568627452
3.715,IMU0,0.296982421875,0.7472460937500001,-0.028740234375000003,-2.3109243697478994,114.84593837535014,-0.700280112044818
3.725,IMU0,-0.067060546875,0.699345703125,0.32572265625,-2.9411764705882355,114.77591036414566,-0.42016806722689076
3.735,IMU0,0.5748046875,0.795146484375,-0.15328125,-3.641456582633053,114.77591036414566,-0.2801120448179272
3.745,IMU0,0.143701171875,0.8047265625000001,-0.076640625,-3.711484593837535,114.6358543417367,0.1400560224089636
3.755,IMU0,-0.067060546875,0.756826171875,0.22992187500000003,-3.8515406162464987,114.28571428571429,0
3.765,IMU0,0.67060546875,0.7472460937500001,-0.0383203125,-4.131652661064426,114.00560224089637,-0.1400560224089636
3.775,IMU0,0.23950195312500003,0.7855664062500001,-0.028740234375000003,-4.69187675070028,113.51540616246498,0.2801120448179272
3.785,IMU0,0.028740234375000003,0.795146484375,0.057480468750000006,-5.182072829131653,112.95518207282913,0.42016806722689076
3.795,IMU0,0.63228515625,0.7855664062500001,-0.22034179687500002,-5.322128851540617,112.39495798319328,0.350140056022409
3.805,IMU0,-0.13412109375,0.7472460937500001,0.076640625,-5.112044817927171,112.18487394957984,0.4901960784313726
3.815,IMU0,0.43110351562500004,0.775986328125,0.24908203125000003,-5.742296918767507,111.62464985994399,0.21008403361344538
3.825,IMU0,0.5269042968750001,0.7855664062500001,-0.21076171875000002,-6.582633053221289,110.15406162464987,0.42016806722689076
3.835,IMU0,-0.067060546875,0.8047265625000001,0.18202148437500001,-6.582633053221289,109.45378151260505,0.6302521008403361
3.845,IMU0,0.51732421875,0.7664062500000001,0.0383203125,-6.722689075630252,108.8935574229692,0.2801120448179272
3.855,IMU0,0.42152343750000004,0.7855664062500001,-0.076640625,-7.002801120448179,108.40336134453781,0.350140056022409
3.865,IMU0,0.028740234375000003,0.737666015625,0.24908203125000003,-7.492997198879552,107.49299719887955,0.2801120448179272
3.875,IMU0,0.70892578125,0.814306640625,-0.13412109375,-7.983193277310924,106.37254901960785,0.1400560224089636
3.885,IMU0,0.296982421875,0.775986328125,0.01916015625,-7.983193277310924,105.88235294117648,0.42016806722689076
3.895,IMU0,0.17244140625,0.775986328125,0.15328125,-8.053221288515406,105.46218487394958,0.21008403361344538
3.905,IMU0,0.45984375000000005,0.7664062500000001,-0.11496093750000001,-8.473389355742297,104.97198879551821,-0.1400560224089636
3.915,IMU0,0.076640625,0.795146484375,0.10538085937500001,-8.753501400560225,104.34173669467788,-0.1400560224089636
3.925,IMU0,0.18202148437500001,0.795146484375,0,-8.823529411764707,103.64145658263305,-0.5602240896358543
3.935,IMU0,0.43110351562500004,0.775986328125,-0.0383203125,-8.753501400560225,103.43137254901961,-0.700280112044818
3.945,IMU0,0.057480468750000006,0.737666015625,0.09580078125000001,-8.893557422969188,102.87114845938376,-0.700280112044818
3.955,IMU0,0.22992187500000003,0.737666015625,0.086220703125,-9.173669467787116,102.52100840336135,-1.1904761904761905
3.965,IMU0,0.51732421875,0.7664062500000001,-0.0383203125,-9.663865546218489,102.24089635854342,-1.1904761904761905
3.975,IMU0,-0.047900390625000004,0.795146484375,0.0383203125,-9.38375350140056,102.10084033613445,-1.2605042016806722
3.985,IMU0,0.536484375,0.775986328125,0.086220703125,-9.593837535014005,101.61064425770309,-1.6106442577030813
3.995,IMU0,0.277822265625,0.7664062500000001,-0.01916015625,-9.73389355742297,101.61064425770309,-1.680672268907563
4.005,IMU0,0.01916015625,0.756826171875,0.143701171875,-10.014005602240896,101.5406162464986,-2.030812324929972
4.015,IMU0,0.5269042968750001,0.795146484375,-0.009580078125,-10.084033613445378,101.5406162464986,-2.380952380952381
4.025,IMU0,0.22992187500000003,0.7855664062500001,-0.028740234375000003,-9.873949579831933,101.47058823529412,-2.3109243697478994
4.035,IMU0,-0.047900390625000004,0.737666015625,0.24908203125000003,-9.873949579831933,101.05042016806723,-2.6610644257703084
4.045,IMU0,0.5843847656250001,0.756826171875,0.0383203125,-10.224089635854343,101.26050420168067,-3.081232492997199
4.055,IMU0,0.143701171875,0.795146484375,0.01916015625,-10.364145658263306,100.84033613445379,-3.151260504201681
4.065,IMU0,0.28740234375,0.795146484375,0.258662109375,-10.014005602240896,100.56022408963585,-3.5014005602240896
4.075,IMU0,0.42152343750000004,0.795146484375,0.076640625,-10.014005602240896,100.56022408963585,-3.5014005602240896
4.085,IMU0,0.42152343750000004,0.7472460937500001,0.076640625,-10.084033613445378,100.14005602240897,-3.5714285714285716
4.095,IMU0,0.01916015625,0.7280859375000001,0.21076171875000002,-10.084033613445378,100.21008403361346,-3.711484593837535
4.105,IMU0,0.354462890625,0.756826171875,0.17244140625,-10.364145658263306,100.07002801120449,-4.201680672268908
4.115,IMU0,0.40236328125000004,0.814306640625,-0.10538085937500001,-10.364145658263306,99.78991596638656,-4.411764705882353
4.125,IMU0,0.076640625,0.737666015625,0.296982421875,-9.943977591036415,99.36974789915966,-4.481792717086835
4.135,IMU0,0.36404296875000003,0.7280859375000001,0.28740234375,-10.014005602240896,99.36974789915966,-4.761904761904762
4.145,IMU0,0.36404296875000003,0.7472460937500001,-0.01916015625,-10.294117647058824,99.29971988795519,-4.901960784313726
4.155,IMU0,0.0383203125,0.775986328125,0.32572265625,-10.224089635854343,99.15966386554622,-5.112044817927171
4.165,IMU0,0.46942382812500005,0.737666015625,0.22034179687500002,-10.014005602240896,99.08963585434174,-5.392156862745098
4.175,IMU0,0.162861328125,0.7664062500000001,0.01916015625,-9.73389355742297,99.15966386554622,-5.392156862745098
4.185,IMU0,0.11496093750000001,0.756826171875,0.354462890625,-9.803921568627452,99.15966386554622,-5.602240896358544
4.195,IMU0,0.43110351562500004,0.737666015625,0.0383203125,-9.873949579831933,99.36974789915966,-5.882352941176471
4.205,IMU0,0.10538085937500001,0.7472460937500001,-0.0383203125,-9.313725490196079,99.57983193277312,-5.882352941176471
4.215,IMU0,0.3065625,0.70892578125,0.36404296875000003,-9.033613445378151,99.57983193277312,-6.0924369747899165
4.225,IMU0,0.42152343750000004,0.70892578125,-0.0383203125,-9.033613445378151,99.78991596638656,-6.022408963585434
4.235,IMU0,0.0383203125,0.699345703125,0.11496093750000001,-9.033613445378151,99.78991596638656,-6.0924369747899165
4.245,IMU0,0.3448828125,0.7280859375000001,0.354462890625,-8.96358543417367,100,-6.372549019607844
4.255,IMU0,0.37362304687500003,0.718505859375,0.028740234375000003,-8.543417366946779,100.21008403361346,-6.302521008403362
4.265,IMU0,0.09580078125000001,0.70892578125,0.20118164062500002,-8.19327731092437,100.14005602240897,-6.302521008403362
4.275,IMU0,0.42152343750000004,0.737666015625,0.32572265625,-8.19327731092437,100.35014005602241,-6.442577030812325
4.285,IMU0,0.22034179687500002,0.689765625,0.143701171875,-8.053221288515406,100.56022408963585,-6.372549019607844
4.295,IMU0,0.18202148437500001,0.680185546875,0.277822265625,-7.773109243697479,100.56022408963585,-6.512605042016807
4.305,IMU0,0.40236328125000004,0.67060546875,0.22034179687500002,-7.563025210084034,100.4201680672269,-6.512605042016807
4.315,IMU0,0.057480468750000006,0.67060546875,0.20118164062500002,-7.352941176470589,100.4201680672269,-6.442577030812325
4.325,IMU0,0.15328125,0.689765625,0.18202148437500001,-7.352941176470589,100.4201680672269,-6.582633053221289
4.335,IMU0,0.3448828125,0.680185546875,0.23950195312500003,-7.142857142857143,100.4201680672269,-6.722689075630252
4.345,IMU0,0.0383203125,0.699345703125,0.09580078125000001,-6.722689075630252,100.14005602240897,-6.652661064425771
4.355,IMU0,0.335302734375,0.680185546875,0.2682421875,-6.512605042016807,100.21008403361346,-6.652661064425771
4.365,IMU0,0.2682421875,0.680185546875,0.24908203125000003,-6.302521008403362,100.4201680672269,-6.512605042016807
4.375,IMU0,0.076640625,0.680185546875,0.057480468750000006,-6.0924369747899165,100.63025210084034,-6.512605042016807
4.385,IMU0,0.36404296875000003,0.680185546875,0.37362304687500003,-5.8123249299719895,100.49019607843138,-6.582633053221289
4.395,IMU0,0.21076171875000002,0.680185546875,0.2682421875,-5.5322128851540615,100.63025210084034,-6.442577030812325
4.405,IMU0,0.162861328125,0.6610253906250001,0.20118164062500002,-5.46218487394958,100.91036414565826,-6.23249299719888
4.415,IMU0,0.296982421875,0.6610253906250001,0.38320312500000003,-5.042016806722689,101.05042016806723,-6.23249299719888
4.425,IMU0,0.23950195312500003,0.680185546875,0.22034179687500002,-4.901960784313726,101.26050420168067,-6.0924369747899165
4.435,IMU0,0.18202148437500001,0.63228515625,0.28740234375,-4.831932773109244,101.26050420168067,-6.022408963585434
4.445,IMU0,0.23950195312500003,0.6418652343750001,0.39278320312500004,-4.481792717086835,101.5406162464986,-5.9523809523809526
4.455,IMU0,0.17244140625,0.6418652343750001,0.22034179687500002,-4.411764705882353,101.61064425770309,-5.742296918767507
4.465,IMU0,0.24908203125000003,0.63228515625,0.296982421875,-4.131652661064426,101.33053221288516,-5.602240896358544
4.475,IMU0,0.2682421875,0.6035449218750001,0.36404296875000003,-3.991596638655462,101.19047619047619,-5.46218487394958
4.485,IMU0,0.143701171875,0.6514453125,0.143701171875,-3.8515406162464987,101.12044817927172,-5.322128851540617
4.495,IMU0,0.277822265625,0.613125,0.32572265625,-3.5014005602240896,101.33053221288516,-5.2521008403361344
4.505,IMU0,0.258662109375,0.63228515625,0.28740234375,-3.2913165266106446,101.26050420168067,-5.042016806722689
4.515,IMU0,0.09580078125000001,0.6227050781250001,0.258662109375,-2.9411764705882355,101.05042016806723,-4.831932773109244
4.525,IMU0,0.20118164062500002,0.6418652343750001,0.48858398437500006,-2.73109243697479,101.05042016806723,-4.831932773109244
4.535,IMU0,0.2682421875,0.63228515625,0.316142578125,-2.73109243697479,100.77030812324931,-4.621848739495799
4.545,IMU0,0.028740234375000003,0.6610253906250001,0.316142578125,-2.5210084033613445,100.49019607843138,-4.411764705882353
4.555,IMU0,0.316142578125,0.6227050781250001,0.45984375000000005,-2.3109243697478994,100.49019607843138,-4.271708683473389
4.565,IMU0,0.17244140625,0.6418652343750001,0.32572265625,-2.2408963585434174,100.4201680672269,-3.991596638655462
4.575,IMU0,0.057480468750000006,0.6227050781250001,0.277822265625,-1.9607843137254903,100.28011204481793,-3.8515406162464987
4.585,IMU0,0.13412109375,0.6514453125,0.5077441406250001,-1.8207282913165266,100,-3.711484593837535
4.595,IMU0,0.21076171875000002,0.67060546875,0.22992187500000003,-1.7507002801120448,99.92997198879553,-3.5014005602240896
4.605,IMU0,-0.009580078125,0.6227050781250001,0.316142578125,-1.400560224089636,99.78991596638656,-3.2212885154061626
4.615,IMU0,0.354462890625,0.63228515625,0.41194335937500004,-1.1204481792717087,99.64985994397759,-3.151260504201681
4.625,IMU0,0.09580078125000001,0.63228515625,0.22034179687500002,-1.1904761904761905,99.43977591036415,-2.8711484593837535
4.635,IMU0,0.22992187500000003,0.59396484375,0.5077441406250001,-0.7703081232492998,99.64985994397759,-2.73109243697479
4.645,IMU0,0.5269042968750001,0.55564453125,0.45026367187500005,-0.700280112044818,99.71988795518207,-2.5210084033613445
4.655,IMU0,0.13412109375,0.613125,0.22034179687500002,-0.42016806722689076,99.43977591036415,-2.100840336134454
4.665,IMU0,0.39278320312500004,0.6035449218750001,0.59396484375,-0.350140056022409,99.01960784313727,-1.9607843137254903
4.675,IMU0,0.21076171875000002,0.5843847656250001,0.38320312500000003,-0.350140056022409,98.66946778711485,-1.7507002801120448
4.685,IMU0,0.32572265625,0.5748046875,0.067060546875,-0.21008403361344538,98.52941176470588,-1.680672268907563
4.695,IMU0,0.13412109375,0.5748046875,0.32572265625,0.0700280112044818,97.54901960784314,-1.400560224089636
4.705,IMU0,-0.01916015625,0.51732421875,0.36404296875000003,0.2801120448179272,96.1484593837535,-1.2605042016806722
4.715,IMU0,0.48858398437500006,0.55564453125,0.143701171875,0.4901960784313726,95.23809523809524,-1.3305322128851542
4.725,IMU0,0.067060546875,0.5460644531250001,0.59396484375,0.7703081232492998,94.32773109243698,-1.050420168067227
4.735,IMU0,0.028740234375000003,0.5652246093750001,0.21076171875000002,0.700280112044818,93.34733893557423,-1.050420168067227
4.745,IMU0,0.5460644531250001,0.5652246093750001,0.21076171875000002,0.9103641456582633,92.22689075630252,-0.9803921568627452
4.755,IMU0,-0.19160156250000002,0.536484375,0.46942382812500005,1.050420168067227,91.31652661064426,-0.5602240896358543
4.765,IMU0,0.10538085937500001,0.51732421875,0.20118164062500002,1.1204481792717087,90.82633053221289,-0.6302521008403361
4.775,IMU0,0.45984375000000005,0.5460644531250001,0.41194335937500004,1.5406162464985995,90.26610644257704,-0.6302521008403361
4.785,IMU0,-0.21076171875000002,0.5652246093750001,0.354462890625,1.5406162464985995,89.91596638655463,-0.2801120448179272
4.795,IMU0,0.258662109375,0.51732421875,0.21076171875000002,1.7507002801120448,89.6358543417367,-0.350140056022409
4.805,IMU0,0.32572265625,0.5460644531250001,0.44068359375000005,1.8907563025210086,89.2156862745098,-0.0700280112044818
4.815,IMU0,-0.20118164062500002,0.5652246093750001,0.18202148437500001,2.030812324929972,88.44537815126051,0.21008403361344538
4.825,IMU0,0.354462890625,0.536484375,0.2682421875,2.2408963585434174,88.02521008403362,0.1400560224089636
4.835,IMU0,0.11496093750000001,0.5652246093750001,0.42152343750000004,2.5210084033613445,87.46498599439776,0.4901960784313726
4.845,IMU0,-0.15328125,0.5460644531250001,0.09580078125000001,2.6610644257703084,86.90476190476191,0.5602240896358543
4.855,IMU0,0.5748046875,0.5843847656250001,0.49816406250000006,3.011204481792717,86.20448179271709,0.5602240896358543
4.865,IMU0,-0.10538085937500001,0.5460644531250001,0.38320312500000003,3.011204481792717,85.57422969187675,0.9803921568627452
4.875,IMU0,0.17244140625,0.6035449218750001,0.057480468750000006,3.011204481792717,85.0140056022409,0.9103641456582633
4.885,IMU0,0.48858398437500006,0.5460644531250001,0.5269042968750001,3.2212885154061626,84.31372549019608,1.1204481792717087
4.895,IMU0,-0.047900390625000004,0.5843847656250001,0.28740234375,3.2212885154061626,83.4733893557423,1.400560224089636
4.905,IMU0,0.42152343750000004,0.5748046875,0.076640625,3.431372549019608,82.56302521008404,1.4705882352941178
4.915,IMU0,0.3065625,0.6227050781250001,0.258662109375,3.781512605042017,81.86274509803921,1.680672268907563
4.925,IMU0,0.028740234375000003,0.5843847656250001,-0.009580078125,3.8515406162464987,81.37254901960785,1.8907563025210086
4.935,IMU0,0.44068359375000005,0.613125,-0.0383203125,4.131652661064426,80.74229691876751,1.9607843137254903
4.945,IMU0,0.277822265625,0.5652246093750001,0.21076171875000002,4.271708683473389,79.83193277310924,2.3109243697478994
4.955,IMU0,0.076640625,0.63228515625,0.067060546875,4.271708683473389,78.43137254901961,2.2408963585434174
4.965,IMU0,0.24908203125000003,0.59396484375,-0.01916015625,4.481792717086835,77.59103641456583,2.3109243697478994
4.975,IMU0,0.09580078125000001,0.55564453125,0.5460644531250001,4.69187675070028,77.24089635854342,2.5210084033613445
4.985,IMU0,0.01916015625,0.5269042968750001,0.46942382812500005,4.621848739495799,77.38095238095238,2.5910364145658265
4.995,IMU0,0.3065625,0.55564453125,0.11496093750000001,4.411764705882353,77.80112044817928,2.6610644257703084
5.005,IMU0,-0.057480468750000006,0.5843847656250001,0.55564453125,4.481792717086835,78.01120448179272,2.801120448179272
5.015,IMU0,-0.028740234375000003,0.5748046875,0.22034179687500002,4.341736694677872,78.43137254901961,2.73109243697479
5.025,IMU0,0.24908203125000003,0.6227050781250001,0.162861328125,4.551820728291316,78.92156862745098,2.8711484593837535
5.035,IMU0,-0.13412109375,0.6227050781250001,0.536484375,4.411764705882353,79.27170868347339,3.081232492997199
5.045,IMU0,0.11496093750000001,0.613125,0.12454101562500001,4.201680672268908,79.55182072829132,3.081232492997199
5.055,IMU0,0.09580078125000001,0.63228515625,0.3448828125,4.481792717086835,79.34173669467788,3.081232492997199
5.065,IMU0,-0.19160156250000002,0.5843847656250001,0.48858398437500006,4.551820728291316,79.69187675070029,3.2212885154061626
5.075,IMU0,0.057480468750000006,0.5843847656250001,0.067060546875,4.481792717086835,80.25210084033614,3.2212885154061626
5.085,IMU0,0.24908203125000003,0.59396484375,0.47900390625000006,4.481792717086835,80.32212885154063,3.361344537815126
5.095,IMU0,0.12454101562500001,0.5843847656250001,0.41194335937500004,4.481792717086835,80.53221288515407,3.5714285714285716
5.105,IMU0,-0.10538085937500001,0.5652246093750001,0.076640625,4.481792717086835,80.812324929972,3.711484593837535
5.115,IMU0,0.28740234375,0.5269042968750001,0.5460644531250001,4.551820728291316,81.23249299719889,3.781512605042017
5.125,IMU0,-0.028740234375000003,0.6035449218750001,0.40236328125000004,4.201680672268908,81.1624649859944,3.991596638655462
5.135,IMU0,0.01916015625,0.59396484375,0.20118164062500002,4.341736694677872,81.23249299719889,3.991596638655462
5.145,IMU0,0.13412109375,0.51732421875,0.7855664062500001,4.481792717086835,81.44257703081233,4.061624649859944
5.155,IMU0,-0.13412109375,0.5077441406250001,0.37362304687500003,4.201680672268908,81.9327731092437,4.341736694677872
5.165,IMU0,0.32572265625,0.5269042968750001,0.316142578125,4.061624649859944,82.3529411764706,4.271708683473389
5.175,IMU0,0.316142578125,0.5460644531250001,0.316142578125,4.131652661064426,82.14285714285715,4.481792717086835
5.185,IMU0,0.028740234375000003,0.5652246093750001,0.17244140625,4.341736694677872,81.51260504201682,4.69187675070028
5.195,IMU0,0.41194335937500004,0.5652246093750001,0.3065625,4.551820728291316,81.37254901960785,4.69187675070028
5.205,IMU0,0.335302734375,0.5460644531250001,0.335302734375,4.411764705882353,81.23249299719889,4.971988795518207
5.215,IMU0,0.10538085937500001,0.5460644531250001,0.13412109375,4.481792717086835,81.37254901960785,5.042016806722689
5.225,IMU0,0.42152343750000004,0.5748046875,0.3065625,4.69187675070028,81.58263305322129,5.042016806722689
5.235,IMU0,0.17244140625,0.5748046875,0.40236328125000004,4.69187675070028,81.58263305322129,5.042016806722689
5.245,IMU0,0.17244140625,0.5269042968750001,0.40236328125000004,4.831932773109244,81.65266106442577,5.322128851540617
5.255,IMU0,-0.086220703125,0.49816406250000006,0.3448828125,4.761904761904762,81.65266106442577,5.392156862745098
5.265,IMU0,0.067060546875,0.49816406250000006,0.3065625,4.69187675070028,81.79271708683474,5.2521008403361344
5.275,IMU0,-0.258662109375,0.49816406250000006,0.32572265625,4.69187675070028,82.07282913165267,5.182072829131653
5.285,IMU0,-0.13412109375,0.49816406250000006,0.2682421875,4.971988795518207,82.49299719887955,5.042016806722689
5.295,IMU0,0,0.49816406250000006,0.43110351562500004,5.2521008403361344,82.77310924369748,5.112044817927171
5.305,IMU0,-0.24908203125000003,0.5269042968750001,0.43110351562500004,5.182072829131653,83.05322128851542,5.182072829131653
5.315,IMU0,-0.13412109375,0.5077441406250001,0.38320312500000003,5.042016806722689,83.61344537815127,4.901960784313726
5.325,IMU0,0.20118164062500002,0.5269042968750001,0.28740234375,5.182072829131653,84.80392156862746,4.901960784313726
5.335,IMU0,-0.01916015625,0.5269042968750001,0.32572265625,5.46218487394958,85.92436974789916,5.2521008403361344
5.345,IMU0,0.162861328125,0.48858398437500006,0.24908203125000003,5.602240896358544,85.85434173669468,5.392156862745098
5.355,IMU0,0.11496093750000001,0.48858398437500006,0.15328125,5.602240896358544,85.71428571428572,5.5322128851540615
5.365,IMU0,-0.028740234375000003,0.55564453125,0.40236328125000004,5.9523809523809526,85.50420168067227,5.5322128851540615
5.375,IMU0,0.047900390625000004,0.5460644531250001,0.258662109375,6.302521008403362,84.80392156862746,5.46218487394958
5.385,IMU0,0.13412109375,0.45984375000000005,0.2682421875,6.372549019607844,84.31372549019608,5.602240896358544
5.395,IMU0,-0.11496093750000001,0.45984375000000005,0.316142578125,6.23249299719888,83.61344537815127,5.8123249299719895
5.405,IMU0,-0.0383203125,0.536484375,0.13412109375,6.652661064425771,84.2436974789916,5.6722689075630255
5.415,IMU0,0.143701171875,0.51732421875,0.3065625,7.002801120448179,84.45378151260505,5.602240896358544
5.425,IMU0,-0.24908203125000003,0.49816406250000006,0.38320312500000003,7.002801120448179,84.03361344537815,5.882352941176471
5.435,IMU0,0.009580078125,0.51732421875,0.32572265625,6.932773109243698,83.68347338935574,5.882352941176471
5.445,IMU0,-0.086220703125,0.5077441406250001,0.37362304687500003,7.282913165266106,83.26330532212886,6.0924369747899165
5.455,IMU0,-0.42152343750000004,0.536484375,0.2682421875,7.563025210084034,82.91316526610645,6.022408963585434
5.465,IMU0,-0.20118164062500002,0.5269042968750001,0.354462890625,7.563025210084034,82.77310924369748,5.882352941176471
5.475,IMU0,-0.20118164062500002,0.51732421875,0.23950195312500003,7.492997198879552,83.12324929971989,6.0924369747899165
5.485,IMU0,-0.24908203125000003,0.536484375,0.12454101562500001,7.843137254901961,83.40336134453781,6.372549019607844
5.495,IMU0,-0.162861328125,0.536484375,0.19160156250000002,8.123249299719888,83.05322128851542,6.372549019607844
5.505,IMU0,-0.10538085937500001,0.51732421875,0,8.403361344537815,82.56302521008404,6.372549019607844
5.515,IMU0,0.01916015625,0.55564453125,0.143701171875,8.753501400560225,82.49299719887955,6.442577030812325
5.525,IMU0,0.009580078125,0.5460644531250001,0.335302734375,8.61344537815126,82.21288515406162,6.932773109243698
5.535,IMU0,-0.09580078125000001,0.5269042968750001,0.067060546875,8.683473389355743,81.9327731092437,7.352941176470589
5.545,IMU0,0.01916015625,0.5077441406250001,0.42152343750000004,8.96358543417367,81.58263305322129,7.492997198879552
5.555,IMU0,-0.11496093750000001,0.49816406250000006,0.2682421875,8.96358543417367,80.812324929972,7.563025210084034
5.565,IMU0,0.12454101562500001,0.49816406250000006,0.613125,9.103641456582633,80.74229691876751,7.633053221288516
5.575,IMU0,0.18202148437500001,0.45984375000000005,0.7855664062500001,8.683473389355743,81.02240896358543,8.19327731092437
5.585,IMU0,-0.2682421875,0.5077441406250001,0.12454101562500001,8.263305322128852,81.1624649859944,8.683473389355743
5.595,IMU0,0.38320312500000003,0.48858398437500006,0.6514453125,8.543417366946779,81.37254901960785,8.683473389355743
5.605,IMU0,0.0383203125,0.46942382812500005,0.6610253906250001,8.473389355742297,81.44257703081233,9.033613445378151
5.615,IMU0,-0.24908203125000003,0.5269042968750001,-0.01916015625,8.333333333333334,80.67226890756302,9.173669467787116
5.625,IMU0,0.296982421875,0.47900390625000006,0.6514453125,8.473389355742297,80.25210084033614,9.523809523809524
5.635,IMU0,-0.258662109375,0.51732421875,0.19160156250000002,8.123249299719888,80.0420168067227,9.943977591036415
5.645,IMU0,-0.0383203125,0.45984375000000005,0.10538085937500001,8.543417366946779,79.90196078431373,9.873949579831933
5.655,IMU0,0.09580078125000001,0.47900390625000006,0.680185546875,8.61344537815126,79.69187675070029,10.084033613445378
5.665,IMU0,-0.277822265625,0.48858398437500006,0.067060546875,8.333333333333334,79.6218487394958,10.434173669467787
5.675,IMU0,0.067060546875,0.5077441406250001,0.23950195312500003,8.19327731092437,79.83193277310924,10.57422969187675
5.685,IMU0,-0.13412109375,0.5077441406250001,0.63228515625,8.403361344537815,80.0420168067227,10.854341736694678
5.695,IMU0,-0.22992187500000003,0.48858398437500006,0.009580078125,8.333333333333334,80.0420168067227,10.854341736694678
5.705,IMU0,0.009580078125,0.5077441406250001,0.2682421875,8.403361344537815,79.83193277310924,10.994397759103641
5.715,IMU0,-0.277822265625,0.48858398437500006,0.5652246093750001,8.19327731092437,79.97198879551821,11.414565826330533
5.725,IMU0,-0.18202148437500001,0.5269042968750001,-0.076640625,8.123249299719888,80.11204481792717,11.484593837535014
5.735,IMU0,-0.067060546875,0.536484375,0.36404296875000003,8.543417366946779,80.25210084033614,11.624649859943979
5.745,IMU0,-0.24908203125000003,0.47900390625000006,0.40236328125000004,8.333333333333334,80.32212885154063,11.764705882352942
5.755,IMU0,-0.15328125,0.51732421875,0.20118164062500002,8.19327731092437,80.46218487394958,11.974789915966387
5.765,IMU0,-0.0383203125,0.49816406250000006,0.43110351562500004,8.053221288515406,80.32212885154063,12.324929971988796
5.775,IMU0,-0.296982421875,0.49816406250000006,0.22992187500000003,8.053221288515406,80.11204481792717,12.605042016806724
5.785,IMU0,-0.076640625,0.5269042968750001,0.10538085937500001,8.053221288515406,80.18207282913166,12.605042016806724
5.795,IMU0,-0.143701171875,0.46942382812500005,0.32572265625,7.913165266106443,80.25210084033614,12.815126050420169
5.805,IMU0,-0.067060546875,0.5077441406250001,0.0383203125,7.633053221288516,80.74229691876751,13.095238095238097
5.815,IMU0,0.028740234375000003,0.55564453125,-0.15328125,7.563025210084034,81.1624649859944,13.515406162464986
5.825,IMU0,-0.01916015625,0.48858398437500006,0.24908203125000003,7.773109243697479,81.58263305322129,13.795518207282914
5.835,IMU0,-0.01916015625,0.48858398437500006,-0.009580078125,7.563025210084034,81.72268907563026,13.935574229691877
5.845,IMU0,0.047900390625000004,0.55564453125,-0.057480468750000006,7.42296918767507,81.72268907563026,14.285714285714286
5.855,IMU0,-0.38320312500000003,0.5077441406250001,0.42152343750000004,7.42296918767507,81.9327731092437,14.635854341736696
5.865,IMU0,0,0.46942382812500005,0.42152343750000004,7.142857142857143,82.07282913165267,14.635854341736696
5.875,IMU0,0.22992187500000003,0.48858398437500006,0.162861328125,6.722689075630252,81.86274509803921,14.915966386554622
5.885,IMU0,-0.335302734375,0.46942382812500005,0.59396484375,6.23249299719888,81.72268907563026,15.126050420168069
5.895,IMU0,0.18202148437500001,0.5077441406250001,0.24908203125000003,5.742296918767507,81.51260504201682,15.126050420168069
5.905,IMU0,0.23950195312500003,0.5077441406250001,0.12454101562500001,5.742296918767507,81.1624649859944,15.476190476190476
5.915,IMU0,-0.22034179687500002,0.45026367187500005,0.6227050781250001,5.5322128851540615,81.02240896358543,15.686274509803923
5.925,IMU0,0.22992187500000003,0.46942382812500005,0.17244140625,4.971988795518207,80.67226890756302,15.686274509803923
5.935,IMU0,-0.23950195312500003,0.48858398437500006,0.316142578125,4.69187675070028,80.46218487394958,15.966386554621849
5.945,IMU0,-0.3448828125,0.48858398437500006,0.45984375000000005,4.621848739495799,80.60224089635855,16.03641456582633
5.955,IMU0,0.3065625,0.51732421875,0.067060546875,4.271708683473389,80.46218487394958,16.03641456582633
5.965,IMU0,-0.3448828125,0.49816406250000006,0.316142578125,4.271708683473389,80.3921568627451,16.176470588235293
5.975,IMU0,-0.067060546875,0.45984375000000005,0.36404296875000003,3.711484593837535,80.60224089635855,16.03641456582633
5.985,IMU0,0.335302734375,0.536484375,-0.162861328125,3.361344537815126,80.60224089635855,16.106442577030812
5.995,IMU0,-0.0383203125,0.5269042968750001,0.2682421875,3.641456582633053,80.53221288515407,16.456582633053223
6.005,IMU0,0.24908203125000003,0.48858398437500006,0.44068359375000005,3.5014005602240896,80.46218487394958,16.526610644257705
6.015,IMU0,0.17244140625,0.47900390625000006,0.076640625,3.011204481792717,80.32212885154063,16.666666666666668
6.025,IMU0,-0.23950195312500003,0.5077441406250001,0.18202148437500001,2.5910364145658265,80.32212885154063,16.73669467787115
6.035,IMU0,0.22992187500000003,0.5077441406250001,0.12454101562500001,2.380952380952381,80.25210084033614,16.596638655462186
6.045,IMU0,-0.086220703125,0.536484375,-0.028740234375000003,2.450980392156863,79.97198879551821,16.73669467787115
6.055,IMU0,-0.076640625,0.47900390625000006,0.20118164062500002,2.380952380952381,79.48179271708683,16.526610644257705
6.065,IMU0,0.23950195312500003,0.48858398437500006,0.15328125,1.9607843137254903,78.71148459383754,16.38655462184874
6.075,IMU0,-0.11496093750000001,0.48858398437500006,0.076640625,1.6106442577030813,78.15126050420169,16.38655462184874
6.085,IMU0,0.10538085937500001,0.48858398437500006,0.22992187500000003,1.6106442577030813,77.6610644257703,16.31652661064426
6.095,IMU0,-0.0383203125,0.46942382812500005,0.19160156250000002,1.5406162464985995,76.26050420168067,16.176470588235293
6.105,IMU0,-0.057480468750000006,0.42152343750000004,0.22034179687500002,1.1204481792717087,74.50980392156863,15.896358543417367
6.115,IMU0,0.22034179687500002,0.46942382812500005,0.335302734375,0.700280112044818,72.61904761904762,15.616246498599441
6.125,IMU0,-0.047900390625000004,0.47900390625000006,0.18202148437500001,0.5602240896358543,70.93837535014006,15.546218487394958
6.135,IMU0,-0.01916015625,0.45984375000000005,0.11496093750000001,0.5602240896358543,68.76750700280112,15.336134453781513
6.145,IMU0,0.23950195312500003,0.44068359375000005,0.316142578125,0.350140056022409,66.66666666666667,14.985994397759104
6.155,IMU0,-0.01916015625,0.45026367187500005,0.18202148437500001,-0.1400560224089636,65.19607843137256,14.775910364145659
6.165,IMU0,0.143701171875,0.46942382812500005,0.17244140625,-0.350140056022409,63.37535014005603,14.42577030812325
6.175,IMU0,0.12454101562500001,0.48858398437500006,0.20118164062500002,-0.42016806722689076,61.34453781512605,14.355742296918768
6.185,IMU0,-0.0383203125,0.43110351562500004,0.258662109375,-0.42016806722689076,59.2436974789916,14.075630252100842
6.195,IMU0,0.2682421875,0.40236328125000004,0.3065625,-0.6302521008403361,57.77310924369748,13.65546218487395
6.205,IMU0,0,0.42152343750000004,0.23950195312500003,-1.1904761904761905,55.88235294117647,13.515406162464986
6.215,IMU0,-0.086220703125,0.45026367187500005,0.143701171875,-1.3305322128851542,53.641456582633054,13.165266106442578
6.225,IMU0,0.335302734375,0.45026367187500005,0.316142578125,-1.1904761904761905,51.47058823529412,12.815126050420169
6.235,IMU0,-0.162861328125,0.39278320312500004,0.277822265625,-1.3305322128851542,49.43977591036415,12.53501400560224
6.245,IMU0,0.028740234375000003,0.41194335937500004,0.162861328125,-1.680672268907563,47.338935574229694,12.044817927170868
6.255,IMU0,0.22992187500000003,0.45984375000000005,0.19160156250000002,-1.8907563025210086,44.957983193277315,11.764705882352942
6.265,IMU0,-0.19160156250000002,0.45026367187500005,0.162861328125,-1.680672268907563,43.27731092436975,11.624649859943979
6.275,IMU0,0.09580078125000001,0.40236328125000004,0.162861328125,-1.7507002801120448,42.016806722689076,11.134453781512606
6.285,IMU0,0.047900390625000004,0.44068359375000005,0.12454101562500001,-1.8207282913165266,40.75630252100841,10.854341736694678
6.295,IMU0,-0.143701171875,0.43110351562500004,0.20118164062500002,-2.030812324929972,39.77591036414566,10.504201680672269
6.305,IMU0,0.23950195312500003,0.44068359375000005,0.15328125,-2.030812324929972,38.30532212885154,10.084033613445378
6.315,IMU0,0.047900390625000004,0.41194335937500004,0.23950195312500003,-1.8907563025210086,36.5546218487395,9.943977591036415
6.325,IMU0,-0.12454101562500001,0.39278320312500004,0.162861328125,-2.170868347338936,35.0140056022409,9.593837535014005
6.335,IMU0,0.28740234375,0.41194335937500004,0.11496093750000001,-2.3109243697478994,34.103641456582636,9.103641456582633
6.345,IMU0,-0.076640625,0.43110351562500004,0.22034179687500002,-2.2408963585434174,33.12324929971989,8.96358543417367
6.355,IMU0,0.057480468750000006,0.42152343750000004,0.10538085937500001,-2.100840336134454,32.212885154061624,8.543417366946779
6.365,IMU0,0.22034179687500002,0.40236328125000004,0.076640625,-2.170868347338936,30.952380952380953,8.333333333333334
6.375,IMU0,-0.143701171875,0.36404296875000003,0.3448828125,-2.2408963585434174,30.182072829131656,8.123249299719888
6.385,IMU0,0.162861328125,0.43110351562500004,0.028740234375000003,-2.5210084033613445,29.271708683473392,7.633053221288516
6.395,IMU0,0.076640625,0.43110351562500004,0.028740234375000003,-2.5210084033613445,29.271708683473392,7.633053221288516
6.405,IMU0,0.076640625,0.40236328125000004,0.24908203125000003,-2.3109243697478994,28.011204481792717,7.352941176470589
6.415,IMU0,0.009580078125,0.39278320312500004,0.335302734375,-2.170868347338936,27.17086834733894,7.072829131652662
6.425,IMU0,0.15328125,0.39278320312500004,0.11496093750000001,-2.450980392156863,26.12044817927171,6.722689075630252
6.435,IMU0,-0.01916015625,0.39278320312500004,0.24908203125000003,-2.5910364145658265,25.420168067226893,6.372549019607844
6.445,IMU0,0.01916015625,0.39278320312500004,0.335302734375,-2.450980392156863,24.859943977591037,6.022408963585434
6.455,IMU0,0.10538085937500001,0.41194335937500004,0.028740234375000003,-2.380952380952381,24.159663865546218,5.6722689075630255
6.465,IMU0,0.09580078125000001,0.37362304687500003,0.3065625,-2.3109243697478994,23.529411764705884,5.46218487394958
6.475,IMU0,-0.086220703125,0.40236328125000004,0.13412109375,-2.5210084033613445,22.759103641456583,5.112044817927171
6.485,IMU0,0.162861328125,0.36404296875000003,0.162861328125,-2.450980392156863,21.988795518207283,4.761904761904762
6.495,IMU0,-0.028740234375000003,0.38320312500000003,0.19160156250000002,-2.380952380952381,20.938375350140056,4.481792717086835
6.505,IMU0,0.09580078125000001,0.335302734375,0.15328125,-2.2408963585434174,20.238095238095237,4.201680672268908
6.515,IMU0,0.01916015625,0.354462890625,0.20118164062500002,-2.3109243697478994,19.46778711484594,3.8515406162464987
6.525,IMU0,0.10538085937500001,0.38320312500000003,0.28740234375,-2.450980392156863,18.76750700280112,3.641456582633053
6.535,IMU0,0.01916015625,0.40236328125000004,0.067060546875,-2.3109243697478994,17.92717086834734,3.361344537815126
6.545,IMU0,-0.01916015625,0.36404296875000003,0.2682421875,-2.2408963585434174,17.15686274509804,3.081232492997199
6.555,IMU0,-0.13412109375,0.3448828125,0.3065625,-2.170868347338936,16.31652661064426,2.8711484593837535
6.565,IMU0,0.11496093750000001,0.335302734375,0.143701171875,-2.3109243697478994,15.756302521008404,2.5210084033613445
6.575,IMU0,-0.0383203125,0.41194335937500004,0.162861328125,-2.2408963585434174,15.266106442577032,2.2408963585434174
6.585,IMU0,0.009580078125,0.37362304687500003,0.22992187500000003,-2.100840336134454,14.705882352941178,1.9607843137254903
6.595,IMU0,0.11496093750000001,0.36404296875000003,0.15328125,-1.9607843137254903,14.075630252100842,1.7507002801120448
6.605,IMU0,-0.047900390625000004,0.3448828125,0.258662109375,-2.030812324929972,13.58543417366947,1.680672268907563
6.615,IMU0,-0.15328125,0.354462890625,0.01916015625,-2.030812324929972,13.025210084033613,1.2605042016806722
6.625,IMU0,0.22992187500000003,0.38320312500000003,0.12454101562500001,-1.8907563025210086,12.675070028011206,1.050420168067227
6.635,IMU0,-0.15328125,0.36404296875000003,0.22034179687500002,-1.680672268907563,11.764705882352942,0.9803921568627452
6.645,IMU0,0,0.38320312500000003,0.009580078125,-1.6106442577030813,11.064425770308123,0.6302521008403361
6.655,IMU0,0.19160156250000002,0.39278320312500004,0.143701171875,-1.5406162464985995,10.294117647058824,0.4901960784313726
6.665,IMU0,-0.162861328125,0.37362304687500003,0.076640625,-1.4705882352941178,8.96358543417367,0.2801120448179272
6.675,IMU0,0.20118164062500002,0.354462890625,0.086220703125,-1.1904761904761905,7.843137254901961,0
6.685,IMU0,0.086220703125,0.354462890625,0.10538085937500001,-1.1204481792717087,6.512605042016807,-0.0700280112044818
6.695,IMU0,-0.067060546875,0.3448828125,0.12454101562500001,-1.050420168067227,5.182072829131653,-0.2801120448179272
6.705,IMU0,0.18202148437500001,0.41194335937500004,0.10538085937500001,-0.9803921568627452,3.711484593837535,-0.5602240896358543
6.715,IMU0,0.028740234375000003,0.38320312500000003,0.162861328125,-0.700280112044818,2.73109243697479,-0.6302521008403361
6.725,IMU0,-0.09580078125000001,0.3448828125,0.22034179687500002,-0.6302521008403361,1.680672268907563,-0.7703081232492998
6.735,IMU0,0.067060546875,0.3448828125,0.15328125,-0.5602240896358543,0.4901960784313726,-0.9803921568627452
6.745,IMU0,-0.10538085937500001,0.3448828125,0.21076171875000002,-0.5602240896358543,-0.2801120448179272,-1.1204481792717087
6.755,IMU0,-0.047900390625000004,0.36404296875000003,0.18202148437500001,-0.42016806722689076,-0.7703081232492998,-1.3305322128851542
6.765,IMU0,0.086220703125,0.37362304687500003,0.15328125,-0.2801120448179272,-0.9103641456582633,-1.400560224089636
6.775,IMU0,-0.086220703125,0.36404296875000003,0.076640625,-0.2801120448179272,-0.5602240896358543,-1.3305322128851542
6.785,IMU0,0.01916015625,0.36404296875000003,0.086220703125,-0.0700280112044818,0.1400560224089636,-1.4705882352941178
6.795,IMU0,0.067060546875,0.3448828125,0.076640625,-0.0700280112044818,0.700280112044818,-1.400560224089636
6.805,IMU0,-0.143701171875,0.37362304687500003,-0.028740234375000003,0.1400560224089636,0.9803921568627452,-1.4705882352941178
6.815,IMU0,0.10538085937500001,0.3448828125,0.10538085937500001,0.350140056022409,1.5406162464985995,-1.4705882352941178
6.825,IMU0,0.009580078125,0.36404296875000003,0.086220703125,0.5602240896358543,2.100840336134454,-1.400560224089636
6.835,IMU0,-0.17244140625,0.36404296875000003,0.09580078125000001,0.5602240896358543,2.73109243697479,-1.400560224089636
6.845,IMU0,0.12454101562500001,0.38320312500000003,0.028740234375000003,0.7703081232492998,3.2913165266106446,-1.4705882352941178
6.855,IMU0,-0.11496093750000001,0.36404296875000003,0.01916015625,0.9103641456582633,3.8515406162464987,-1.3305322128851542
6.865,IMU0,0.009580078125,0.37362304687500003,0.15328125,1.050420168067227,4.411764705882353,-1.3305322128851542
6.875,IMU0,0.15328125,0.3448828125,0.028740234375000003,1.1204481792717087,4.761904761904762,-1.2605042016806722
6.885,IMU0,-0.13412109375,0.36404296875000003,0.009580078125,1.1904761904761905,5.322128851540617,-1.1904761904761905
6.895,IMU0,0.162861328125,0.28740234375,0.17244140625,1.400560224089636,5.5322128851540615,-1.2605042016806722
6.905,IMU0,0.10538085937500001,0.316142578125,0,1.400560224089636,5.602240896358544,-1.1204481792717087
6.915,IMU0,0.0383203125,0.316142578125,0.19160156250000002,1.5406162464985995,5.602240896358544,-0.9803921568627452
6.925,IMU0,0.057480468750000006,0.335302734375,0.11496093750000001,1.6106442577030813,5.2521008403361344,-0.9103641456582633
6.935,IMU0,-0.0383203125,0.296982421875,0.01916015625,1.7507002801120448,5.46218487394958,-0.9803921568627452
6.945,IMU0,0.17244140625,0.335302734375,0.23950195312500003,1.8907563025210086,5.5322128851540615,-1.050420168067227
6.955,IMU0,0.047900390625000004,0.3065625,0.086220703125,1.8207282913165266,5.182072829131653,-0.8403361344537815
6.965,IMU0,0,0.32572265625,-0.01916015625,1.8907563025210086,4.69187675070028,-0.7703081232492998
6.975,IMU0,0.18202148437500001,0.32572265625,0.28740234375,2.100840336134454,4.271708683473389,-0.700280112044818
6.985,IMU0,0.01916015625,0.32572265625,0.076640625,2.030812324929972,3.431372549019608,-0.700280112044818
6.995,IMU0,0.067060546875,0.32572265625,0.047900390625000004,2.170868347338936,2.8711484593837535,-0.700280112044818
7.005,IMU0,0.143701171875,0.316142578125,0.296982421875,2.2408963585434174,2.380952380952381,-0.4901960784313726
7.015,IMU0,-0.01916015625,0.335302734375,0.076640625,2.170868347338936,2.030812324929972,-0.350140056022409
7.025,IMU0,0.11496093750000001,0.3448828125,0.20118164062500002,2.380952380952381,1.8207282913165266,-0.2801120448179272
7.035,IMU0,0.028740234375000003,0.3448828125,0.277822265625,2.3109243697478994,1.400560224089636,-0.2801120448179272
7.045,IMU0,0,0.28740234375,0.0383203125,2.2408963585434174,1.2605042016806722,-0.1400560224089636
7.055,IMU0,0.12454101562500001,0.32572265625,0.2682421875,2.380952380952381,1.1904761904761905,-0.0700280112044818
7.065,IMU0,-0.028740234375000003,0.32572265625,0.20118164062500002,2.380952380952381,0.9103641456582633,0.21008403361344538
7.075,IMU0,-0.067060546875,0.3448828125,-0.0383203125,2.450980392156863,0.9103641456582633,0.2801120448179272
7.085,IMU0,0.11496093750000001,0.316142578125,0.36404296875000003,2.5210084033613445,0.9103641456582633,0.350140056022409
7.095,IMU0,0.01916015625,0.316142578125,0.01916015625,2.380952380952381,0.9103641456582633,0.6302521008403361
7.105,IMU0,-0.047900390625000004,0.32572265625,-0.009580078125,2.5910364145658265,0.9103641456582633,0.700280112044818
7.115,IMU0,0.22992187500000003,0.32572265625,0.28740234375,2.6610644257703084,0.5602240896358543,0.9103641456582633
7.125,IMU0,0.086220703125,0.3065625,0.009580078125,2.5910364145658265,0.1400560224089636,1.050420168067227
7.135,IMU0,0.047900390625000004,0.335302734375,0.086220703125,2.6610644257703084,-0.4901960784313726,1.2605042016806722
7.145,IMU0,0.057480468750000006,0.28740234375,0.22034179687500002,2.73109243697479,-0.7703081232492998,1.5406162464985995
7.155,IMU0,0,0.28740234375,-0.057480468750000006,2.801120448179272,-1.1204481792717087,1.7507002801120448
7.165,IMU0,0.18202148437500001,0.2682421875,0.20118164062500002,2.9411764705882355,-1.8207282913165266,1.7507002801120448
7.175,IMU0,0.028740234375000003,0.24908203125000003,0.22034179687500002,2.8711484593837535,-2.73109243697479,1.9607843137254903
7.185,IMU0,0.09580078125000001,0.296982421875,-0.009580078125,2.8711484593837535,-3.5714285714285716,2.100840336134454
7.195,IMU0,0.20118164062500002,0.2682421875,0.28740234375,2.9411764705882355,-4.69187675070028,2.380952380952381
7.205,IMU0,0.067060546875,0.296982421875,0.15328125,2.9411764705882355,-5.5322128851540615,2.5910364145658265
7.215,IMU0,0.0383203125,0.28740234375,0.12454101562500001,3.011204481792717,-6.302521008403362,2.73109243697479
7.225,IMU0,0.20118164062500002,0.2682421875,0.45984375000000005,3.011204481792717,-6.932773109243698,2.9411764705882355
7.235,IMU0,0.057480468750000006,0.277822265625,0.057480468750000006,2.8711484593837535,-7.703081232492997,3.2212885154061626
7.245,IMU0,0.13412109375,0.296982421875,0.277822265625,3.011204481792717,-8.403361344537815,3.361344537815126
7.255,IMU0,0.13412109375,0.296982421875,0.32572265625,3.011204481792717,-9.033613445378151,3.5714285714285716
7.265,IMU0,-0.01916015625,0.296982421875,0.09580078125000001,2.8711484593837535,-9.663865546218489,3.8515406162464987
7.275,IMU0,0.143701171875,0.316142578125,0.277822265625,2.9411764705882355,-10.434173669467787,3.991596638655462
7.285,IMU0,0.13412109375,0.296982421875,0.11496093750000001,2.9411764705882355,-11.344537815126051,4.271708683473389
7.295,IMU0,-0.01916015625,0.296982421875,0.01916015625,3.081232492997199,-12.324929971988796,4.411764705882353
7.305,IMU0,0.086220703125,0.277822265625,0.354462890625,3.151260504201681,-13.305322128851541,4.551820728291316
7.315,IMU0,0.09580078125000001,0.277822265625,0.076640625,3.081232492997199,-14.285714285714286,4.761904761904762
7.325,IMU0,0.076640625,0.296982421875,0.086220703125,3.2212885154061626,-15.336134453781513,4.971988795518207
7.335,IMU0,0.086220703125,0.3065625,0.335302734375,3.2212885154061626,-16.38655462184874,5.182072829131653
7.345,IMU0,0.057480468750000006,0.277822265625,0.01916015625,3.2913165266106446,-17.296918767507005,5.392156862745098
7.355,IMU0,0.10538085937500001,0.296982421875,0.24908203125000003,3.431372549019608,-18.27731092436975,5.602240896358544
7.365,IMU0,0.10538085937500001,0.296982421875,0.24908203125000003,3.361344537815126,-19.18767507002801,5.882352941176471
7.375,IMU0,-0.067060546875,0.296982421875,0,3.2913165266106446,-20.098039215686274,6.0924369747899165
7.385,IMU0,0.162861328125,0.296982421875,0.316142578125,3.5714285714285716,-20.938375350140056,6.23249299719888
7.395,IMU0,0.143701171875,0.3065625,0.15328125,3.431372549019608,-21.9187675070028,6.442577030812325
7.405,IMU0,-0.028740234375000003,0.335302734375,-0.009580078125,3.5014005602240896,-22.759103641456583,6.652661064425771
7.415,IMU0,0.09580078125000001,0.28740234375,0.36404296875000003,3.781512605042017,-23.459383753501402,6.862745098039216
7.425,IMU0,0.009580078125,0.3065625,0.047900390625000004,3.781512605042017,-23.80952380952381,7.142857142857143
7.435,IMU0,-0.057480468750000006,0.335302734375,0.01916015625,3.9215686274509807,-24.369747899159666,7.282913165266106
7.445,IMU0,0.13412109375,0.28740234375,0.3448828125,3.991596638655462,-24.649859943977592,7.492997198879552
7.455,IMU0,0.028740234375000003,0.335302734375,-0.0383203125,3.8515406162464987,-25.140056022408963,7.773109243697479
7.465,IMU0,0.11496093750000001,0.316142578125,0.143701171875,4.061624649859944,-25.630252100840337,8.053221288515406
7.475,IMU0,0.047900390625000004,0.316142578125,0.277822265625,4.131652661064426,-25.70028011204482,8.263305322128852
7.485,IMU0,0.057480468750000006,0.316142578125,-0.0383203125,4.271708683473389,-25.70028011204482,8.473389355742297
7.495,IMU0,0.028740234375000003,0.32572265625,0.143701171875,4.411764705882353,-25.980392156862745,8.753501400560225
7.505,IMU0,0.13412109375,0.32572265625,0.20118164062500002,4.411764705882353,-26.050420168067227,8.96358543417367
7.515,IMU0,-0.009580078125,0.316142578125,-0.0383203125,4.411764705882353,-26.47058823529412,9.243697478991598
7.525,IMU0,0.028740234375000003,0.296982421875,0.22992187500000003,4.621848739495799,-26.820728291316527,9.38375350140056
7.535,IMU0,0.057480468750000006,0.316142578125,0.19160156250000002,4.551820728291316,-27.3109243697479,9.523809523809524
7.545,IMU0,-0.067060546875,0.3448828125,-0.01916015625,4.621848739495799,-27.73109243697479,9.73389355742297
7.555,IMU0,0.11496093750000001,0.3448828125,-0.01916015625,4.621848739495799,-27.73109243697479,9.73389355742297
7.565,IMU0,0.11496093750000001,0.335302734375,0.23950195312500003,4.831932773109244,-28.011204481792717,10.014005602240896
7.575,IMU0,-0.028740234375000003,0.3448828125,0.047900390625000004,4.761904761904762,-28.221288515406165,10.224089635854343
7.585,IMU0,-0.009580078125,0.3065625,0.162861328125,4.901960784313726,-28.011204481792717,10.434173669467787
7.595,IMU0,0.01916015625,0.335302734375,0.24908203125000003,4.901960784313726,-27.871148459383754,10.644257703081234
7.605,IMU0,-0.028740234375000003,0.3448828125,0.067060546875,4.971988795518207,-27.801120448179272,10.854341736694678
7.615,IMU0,-0.028740234375000003,0.335302734375,0.22034179687500002,5.112044817927171,-27.591036414565828,11.064425770308123
7.625,IMU0,0.01916015625,0.354462890625,0.22992187500000003,5.042016806722689,-27.591036414565828,11.27450980392157
7.635,IMU0,0.01916015625,0.3448828125,0.10538085937500001,5.042016806722689,-27.66106442577031,11.414565826330533
7.645,IMU0,-0.0383203125,0.3448828125,0.296982421875,5.112044817927171,-27.73109243697479,11.69467787114846
7.655,IMU0,0.01916015625,0.3448828125,0.09580078125000001,5.112044817927171,-28.011204481792717,11.904761904761905
7.665,IMU0,0,0.354462890625,0.086220703125,5.112044817927171,-28.291316526610647,12.114845938375352
7.675,IMU0,-0.0383203125,0.354462890625,0.316142578125,5.322128851540617,-28.50140056022409,12.184873949579833
7.685,IMU0,0.086220703125,0.335302734375,0.09580078125000001,5.2521008403361344,-28.571428571428573,12.394957983193278
7.695,IMU0,-0.01916015625,0.3448828125,0.22034179687500002,5.322128851540617,-28.711484593837536,12.675070028011206
7.705,IMU0,0.0383203125,0.354462890625,0.22034179687500002,5.46218487394958,-28.781512605042018,12.745098039215687
7.715,IMU0,0.076640625,0.335302734375,0.143701171875,5.46218487394958,-28.991596638655462,13.025210084033613
7.725,IMU0,-0.0383203125,0.3065625,0.28740234375,5.602240896358544,-29.271708683473392,13.165266106442578
7.735,IMU0,0.057480468750000006,0.335302734375,0.20118164062500002,5.46218487394958,-29.411764705882355,13.305322128851541
7.745,IMU0,0.076640625,0.32572265625,0.17244140625,5.5322128851540615,-29.6218487394958,13.515406162464986
7.755,IMU0,0.0383203125,0.32572265625,0.23950195312500003,5.602240896358544,-29.761904761904763,13.725490196078432
7.765,IMU0,0.047900390625000004,0.3448828125,0.10538085937500001,5.6722689075630255,-30.04201680672269,13.865546218487395
7.775,IMU0,-0.028740234375000003,0.3448828125,0.11496093750000001,5.742296918767507,-30.32212885154062,13.935574229691877
7.785,IMU0,0.0383203125,0.37362304687500003,0.22992187500000003,5.8123249299719895,-30.742296918767508,14.145658263305323
7.795,IMU0,0.01916015625,0.354462890625,0.143701171875,5.9523809523809526,-31.022408963585434,14.285714285714286
7.805,IMU0,-0.09580078125000001,0.37362304687500003,0.067060546875,6.022408963585434,-31.302521008403364,14.355742296918768
7.815,IMU0,0.0383203125,0.36404296875000003,0.20118164062500002,6.0924369747899165,-31.442577030812327,14.495798319327731
7.825,IMU0,-0.01916015625,0.335302734375,0.143701171875,6.162464985994398,-31.232492997198882,14.565826330532213
7.835,IMU0,-0.076640625,0.3448828125,0.21076171875000002,6.23249299719888,-30.952380952380953,14.775910364145659
7.845,IMU0,0.009580078125,0.38320312500000003,0.258662109375,6.302521008403362,-30.602240896358545,14.84593837535014
7.855,IMU0,-0.009580078125,0.37362304687500003,0.09580078125000001,6.23249299719888,-30.532212885154063,15.056022408963585
7.865,IMU0,-0.01916015625,0.38320312500000003,0.20118164062500002,6.302521008403362,-30.3921568627451,15.056022408963585
7.875,IMU0,0.047900390625000004,0.36404296875000003,0.316142578125,6.302521008403362,-30.182072829131656,15.19607843137255
7.885,IMU0,-0.028740234375000003,0.36404296875000003,0.076640625,6.372549019607844,-29.761904761904763,15.406162464985995
7.895,IMU0,0.12454101562500001,0.335302734375,0.296982421875,6.512605042016807,-29.481792717086837,15.406162464985995
7.905,IMU0,0,0.335302734375,0.28740234375,6.442577030812325,-29.411764705882355,15.616246498599441
7.915,IMU0,-0.057480468750000006,0.37362304687500003,0.12454101562500001,6.372549019607844,-29.20168067226891,15.756302521008404
7.925,IMU0,0.076640625,0.3448828125,0.36404296875000003,6.512605042016807,-29.341736694677873,15.756302521008404
7.935,IMU0,-0.01916015625,0.37362304687500003,0.12454101562500001,6.442577030812325,-29.551820728291318,15.896358543417367
7.945,IMU0,-0.057480468750000006,0.40236328125000004,0.13412109375,6.582633053221289,-29.761904761904763,15.896358543417367
7.955,IMU0,0.10538085937500001,0.354462890625,0.335302734375,6.722689075630252,-30.11204481792717,15.966386554621849
7.965,IMU0,-0.01916015625,0.36404296875000003,0.09580078125000001,6.652661064425771,-30.532212885154063,16.106442577030812
7.975,IMU0,0.0383203125,0.38320312500000003,0.24908203125000003,6.722689075630252,-30.81232492997199,16.106442577030812
7.985,IMU0,0.0383203125,0.39278320312500004,0.37362304687500003,6.722689075630252,-31.022408963585434,16.106442577030812
7.995,IMU0,-0.057480468750000006,0.38320312500000003,0.10538085937500001,6.722689075630252,-31.442577030812327,16.246498599439775
8.005,IMU0,0.0383203125,0.354462890625,0.39278320312500004,6.932773109243698,-31.862745098039216,16.176470588235293
8.015,IMU0,0.01916015625,0.37362304687500003,0.258662109375,6.862745098039216,-32.212885154061624,16.176470588235293
8.025,IMU0,-0.162861328125,0.37362304687500003,0.086220703125,7.002801120448179,-32.35294117647059,16.246498599439775
8.035,IMU0,0.0383203125,0.36404296875000003,0.49816406250000006,7.072829131652662,-32.28291316526611,16.176470588235293
8.045,IMU0,-0.0383203125,0.37362304687500003,0.12454101562500001,7.002801120448179,-32.35294117647059,16.106442577030812
8.055,IMU0,-0.076640625,0.39278320312500004,0.086220703125,7.212885154061625,-32.63305322128852,16.176470588235293
8.065,IMU0,-0.047900390625000004,0.37362304687500003,0.5077441406250001,7.282913165266106,-33.05322128851541,16.106442577030812
8.075,IMU0,0.057480468750000006,0.40236328125000004,-0.0383203125,7.212885154061625,-32.983193277310924,16.106442577030812
8.085,IMU0,-0.09580078125000001,0.38320312500000003,0.17244140625,7.563025210084034,-33.05322128851541,16.03641456582633
8.095,IMU0,-0.086220703125,0.37362304687500003,0.36404296875000003,7.563025210084034,-32.983193277310924,15.966386554621849
8.105,IMU0,-0.0383203125,0.38320312500000003,-0.076640625,7.563025210084034,-32.84313725490196,15.966386554621849
8.115,IMU0,-0.028740234375000003,0.37362304687500003,0.28740234375,7.773109243697479,-32.703081232493,15.966386554621849
8.125,IMU0,-0.09580078125000001,0.354462890625,0.277822265625,7.843137254901961,-32.563025210084035,15.896358543417367
8.135,IMU0,-0.057480468750000006,0.37362304687500003,-0.067060546875,7.913165266106443,-32.42296918767507,15.826330532212886
8.145,IMU0,-0.028740234375000003,0.335302734375,0.38320312500000003,8.123249299719888,-32.28291316526611,15.826330532212886
8.155,IMU0,-0.067060546875,0.38320312500000003,0.12454101562500001,8.053221288515406,-32.07282913165266,15.756302521008404
8.165,IMU0,-0.20118164062500002,0.354462890625,0.028740234375000003,8.19327731092437,-31.722689075630253,15.686274509803923
8.175,IMU0,-0.067060546875,0.335302734375,0.44068359375000005,8.403361344537815,-31.302521008403364,15.546218487394958
8.185,IMU0,0.067060546875,0.335302734375,0.047900390625000004,8.263305322128852,-30.952380952380953,15.476190476190476
8.195,IMU0,-0.15328125,0.335302734375,0.143701171875,8.403361344537815,-30.81232492997199,15.476190476190476
8.205,IMU0,0.10538085937500001,0.335302734375,0.335302734375,8.473389355742297,-30.46218487394958,15.406162464985995
8.215,IMU0,-0.009580078125,0.36404296875000003,-0.09580078125000001,8.543417366946779,-30.182072829131656,15.476190476190476
8.225,IMU0,-0.24908203125000003,0.3448828125,0.23950195312500003,8.753501400560225,-29.831932773109244,15.336134453781513
8.235,IMU0,0.11496093750000001,0.37362304687500003,0.2682421875,8.61344537815126,-29.6218487394958,15.126050420168069
8.245,IMU0,-0.11496093750000001,0.335302734375,-0.11496093750000001,8.61344537815126,-29.481792717086837,15.19607843137255
8.255,IMU0,-0.086220703125,0.354462890625,0.37362304687500003,8.823529411764707,-29.131652661064425,15.056022408963585
8.265,IMU0,0.067060546875,0.354462890625,0.23950195312500003,8.753501400560225,-29.061624649859944,14.985994397759104
8.275,IMU0,-0.18202148437500001,0.36404296875000003,-0.0383203125,8.893557422969188,-28.991596638655462,14.915966386554622
8.285,IMU0,-0.028740234375000003,0.354462890625,0.42152343750000004,8.893557422969188,-29.061624649859944,14.705882352941178
8.295,IMU0,-0.009580078125,0.354462890625,0.10538085937500001,8.753501400560225,-29.061624649859944,14.705882352941178
8.305,IMU0,-0.12454101562500001,0.354462890625,0.12454101562500001,9.033613445378151,-28.781512605042018,14.635854341736696
8.315,IMU0,-0.0383203125,0.3065625,0.42152343750000004,9.033613445378151,-28.781512605042018,14.42577030812325
8.325,IMU0,-0.028740234375000003,0.3448828125,0.01916015625,8.823529411764707,-28.8515406162465,14.355742296918768
8.335,IMU0,-0.13412109375,0.3448828125,0.24908203125000003,8.96358543417367,-28.8515406162465,14.215686274509805
8.345,IMU0,0.12454101562500001,0.335302734375,0.258662109375,8.823529411764707,-28.8515406162465,14.075630252100842
8.355,IMU0,0.01916015625,0.36404296875000003,-0.076640625,8.823529411764707,-28.8515406162465,14.075630252100842
8.365,IMU0,-0.18202148437500001,0.28740234375,0.38320312500000003,9.033613445378151,-29.061624649859944,13.935574229691877
8.375,IMU0,0.12454101562500001,0.3065625,0.22992187500000003,8.823529411764707,-29.20168067226891,13.725490196078432
8.385,IMU0,-0.12454101562500001,0.296982421875,0.10538085937500001,8.893557422969188,-29.411764705882355,13.725490196078432
8.395,IMU0,-0.13412109375,0.296982421875,0.46942382812500005,8.893557422969188,-29.6218487394958,13.515406162464986
8.405,IMU0,0.067060546875,0.3065625,0.10538085937500001,8.893557422969188,-29.761904761904763,13.375350140056023
8.415,IMU0,-0.22034179687500002,0.3065625,0.17244140625,8.96358543417367,-30.252100840336137,13.305322128851541
8.425,IMU0,-0.09580078125000001,0.2682421875,0.45984375000000005,8.893557422969188,-30.81232492997199,12.955182072829132
8.435,IMU0,0.01916015625,0.3065625,0.09580078125000001,8.61344537815126,-31.442577030812327,12.815126050420169
8.445,IMU0,-0.22992187500000003,0.3065625,0.3065625,8.893557422969188,-32.00280112044818,12.675070028011206
8.455,IMU0,0.076640625,0.28740234375,0.28740234375,8.753501400560225,-32.212885154061624,12.46498599439776
8.465,IMU0,-0.10538085937500001,0.3065625,-0.01916015625,8.823529411764707,-32.63305322128852,12.394957983193278
8.475,IMU0,-0.12454101562500001,0.28740234375,0.38320312500000003,8.893557422969188,-33.19327731092437,12.184873949579833
8.485,IMU0,0.0383203125,0.3065625,0.18202148437500001,8.823529411764707,-33.753501400560225,11.904761904761905
8.495,IMU0,-0.067060546875,0.335302734375,0.047900390625000004,8.96358543417367,-34.2436974789916,11.834733893557424
8.505,IMU0,-0.15328125,0.277822265625,0.45026367187500005,8.96358543417367,-34.87394957983194,11.69467787114846
8.515,IMU0,0.0383203125,0.3065625,0.01916015625,8.893557422969188,-35.364145658263304,11.484593837535014
8.525,IMU0,-0.0383203125,0.28740234375,0.21076171875000002,9.103641456582633,-35.85434173669468,11.344537815126051
8.535,IMU0,-0.086220703125,0.24908203125000003,0.335302734375,8.96358543417367,-36.41456582633053,11.134453781512606
8.545,IMU0,0.086220703125,0.3065625,0.086220703125,8.96358543417367,-36.76470588235294,11.064425770308123
8.555,IMU0,0.009580078125,0.2682421875,0.354462890625,9.103641456582633,-37.39495798319328,10.92436974789916
8.565,IMU0,-0.067060546875,0.2682421875,0.23950195312500003,9.033613445378151,-37.95518207282913,10.714285714285715
8.575,IMU0,0.15328125,0.277822265625,0.0383203125,8.96358543417367,-38.51540616246499,10.57422969187675
8.585,IMU0,-0.09580078125000001,0.277822265625,0.40236328125000004,9.103641456582633,-38.93557422969188,10.434173669467787
8.595,IMU0,-0.086220703125,0.2682421875,0.20118164062500002,8.96358543417367,-39.285714285714285,10.294117647058824
8.605,IMU0,0.143701171875,0.28740234375,0.18202148437500001,8.96358543417367,-39.845938375350144,10.154061624649861
8.615,IMU0,-0.20118164062500002,0.258662109375,0.44068359375000005,9.033613445378151,-40.26610644257703,10.014005602240896
8.625,IMU0,0.047900390625000004,0.258662109375,0.15328125,8.893557422969188,-40.89635854341737,9.73389355742297
8.635,IMU0,0.11496093750000001,0.277822265625,0.21076171875000002,9.033613445378151,-41.73669467787115,9.593837535014005
8.645,IMU0,-0.20118164062500002,0.24908203125000003,0.47900390625000006,9.033613445378151,-42.50700280112045,9.453781512605042
8.655,IMU0,0.057480468750000006,0.28740234375,0.12454101562500001,8.96358543417367,-43.27731092436975,9.103641456582633
8.665,IMU0,-0.01916015625,0.296982421875,0.24908203125000003,8.96358543417367,-43.90756302521009,8.893557422969188
8.675,IMU0,-0.162861328125,0.258662109375,0.2682421875,8.893557422969188,-44.187675070028014,8.683473389355743
8.685,IMU0,0.21076171875000002,0.258662109375,0.009580078125,9.033613445378151,-44.81792717086835,8.473389355742297
8.695,IMU0,-0.143701171875,0.24908203125000003,0.3448828125,9.103641456582633,-45.65826330532213,8.403361344537815
8.705,IMU0,-0.10538085937500001,0.24908203125000003,0.277822265625,9.033613445378151,-46.498599439775916,8.053221288515406
8.715,IMU0,-0.10538085937500001,0.24908203125000003,0.277822265625,9.033613445378151,-46.498599439775916,8.053221288515406
8.725,IMU0,0.162861328125,0.277822265625,0.10538085937500001,9.103641456582633,-47.26890756302521,7.703081232492997
8.735,IMU0,-0.19160156250000002,0.258662109375,0.3448828125,9.103641456582633,-48.17927170868347,7.703081232492997
8.745,IMU0,-0.057480468750000006,0.2682421875,0.10538085937500001,9.033613445378151,-49.2296918767507,7.352941176470589
8.755,IMU0,0.0383203125,0.258662109375,0.22034179687500002,9.173669467787116,-50.35014005602241,7.072829131652662
8.765,IMU0,-0.28740234375,0.258662109375,0.43110351562500004,9.103641456582633,-51.40056022408964,6.862745098039216
8.775,IMU0,0.09580078125000001,0.277822265625,0.15328125,8.96358543417367,-52.10084033613445,6.442577030812325
8.785,IMU0,0.009580078125,0.23950195312500003,0.2682421875,9.103641456582633,-52.66106442577031,6.372549019607844
8.795,IMU0,-0.18202148437500001,0.2682421875,0.335302734375,9.103641456582633,-53.01120448179272,6.162464985994398
8.805,IMU0,0.15328125,0.23950195312500003,0.18202148437500001,8.96358543417367,-53.50140056022409,5.8123249299719895
8.815,IMU0,-0.047900390625000004,0.23950195312500003,0.335302734375,9.033613445378151,-54.48179271708684,5.6722689075630255
8.825,IMU0,0.009580078125,0.23950195312500003,0.38320312500000003,8.893557422969188,-55.46218487394958,5.46218487394958
8.835,IMU0,0.20118164062500002,0.21076171875000002,0.2682421875,8.753501400560225,-56.44257703081233,5.2521008403361344
8.845,IMU0,0,0.22992187500000003,0.44068359375000005,8.753501400560225,-57.07282913165266,5.112044817927171
8.855,IMU0,0.047900390625000004,0.23950195312500003,0.19160156250000002,8.61344537815126,-57.28291316526611,4.971988795518207
8.865,IMU0,0.086220703125,0.23950195312500003,0.2682421875,8.683473389355743,-57.63305322128852,4.761904761904762
8.875,IMU0,0.009580078125,0.23950195312500003,0.39278320312500004,8.753501400560225,-57.983193277310924,4.551820728291316
8.885,IMU0,0.15328125,0.22992187500000003,0.076640625,8.683473389355743,-58.543417366946784,4.271708683473389
8.895,IMU0,0.067060546875,0.22992187500000003,0.3065625,8.753501400560225,-58.96358543417367,4.131652661064426
8.905,IMU0,0.067060546875,0.2682421875,0.258662109375,8.753501400560225,-59.59383753501401,3.991596638655462
8.915,IMU0,0.009580078125,0.258662109375,0.19160156250000002,8.823529411764707,-60.22408963585434,3.711484593837535
8.925,IMU0,-0.028740234375000003,0.23950195312500003,0.3448828125,8.823529411764707,-60.43417366946779,3.431372549019608
8.935,IMU0,-0.057480468750000006,0.24908203125000003,0.15328125,8.683473389355743,-60.714285714285715,3.151260504201681
8.945,IMU0,-0.15328125,0.22992187500000003,0.15328125,8.683473389355743,-60.36414565826331,2.9411764705882355
8.955,IMU0,-0.01916015625,0.23950195312500003,0.335302734375,8.823529411764707,-60.08403361344538,2.5910364145658265
8.965,IMU0,-0.23950195312500003,0.23950195312500003,0.18202148437500001,8.893557422969188,-59.733893557422974,2.3109243697478994
8.975,IMU0,-0.076640625,0.21076171875000002,0.258662109375,8.753501400560225,-59.45378151260505,1.9607843137254903
8.985,IMU0,-0.12454101562500001,0.2682421875,0.335302734375,8.61344537815126,-59.523809523809526,1.6106442577030813
8.995,IMU0,-0.19160156250000002,0.24908203125000003,0.21076171875000002,8.683473389355743,-59.59383753501401,1.3305322128851542
9.005,IMU0,0.0383203125,0.22992187500000003,0.28740234375,8.683473389355743,-59.733893557422974,0.9803921568627452
9.015,IMU0,-0.067060546875,0.22034179687500002,0.316142578125,8.543417366946779,-59.733893557422974,0.700280112044818
9.025,IMU0,-0.19160156250000002,0.20118164062500002,0.17244140625,8.403361344537815,-59.523809523809526,0.4901960784313726
9.035,IMU0,-0.057480468750000006,0.24908203125000003,0.22034179687500002,8.403361344537815,-59.2436974789916,0.1400560224089636
9.045,IMU0,-0.143701171875,0.23950195312500003,0.316142578125,8.403361344537815,-59.173669467787114,-0.1400560224089636
9.055,IMU0,-0.047900390625000004,0.20118164062500002,0.24908203125000003,8.403361344537815,-59.313725490196084,-0.4901960784313726
9.065,IMU0,-0.028740234375000003,0.23950195312500003,0.277822265625,8.19327731092437,-59.313725490196084,-0.7703081232492998
9.075,IMU0,-0.067060546875,0.19160156250000002,0.3065625,8.053221288515406,-59.38375350140056,-0.9803921568627452
9.085,IMU0,-0.009580078125,0.23950195312500003,0.15328125,8.123249299719888,-59.45378151260505,-1.2605042016806722
9.095,IMU0,0,0.23950195312500003,0.354462890625,8.123249299719888,-59.523809523809526,-1.4705882352941178
9.105,IMU0,-0.20118164062500002,0.18202148437500001,0.296982421875,7.913165266106443,-59.733893557422974,-1.7507002801120448
9.115,IMU0,0.028740234375000003,0.22034179687500002,0.19160156250000002,7.773109243697479,-59.87394957983194,-2.100840336134454
9.125,IMU0,-0.0383203125,0.22992187500000003,0.277822265625,7.843137254901961,-60.15406162464986,-2.2408963585434174
9.135,IMU0,-0.143701171875,0.20118164062500002,0.22992187500000003,7.773109243697479,-60.36414565826331,-2.5210084033613445
9.145,IMU0,0.0383203125,0.20118164062500002,0.24908203125000003,7.703081232492997,-60.504201680672274,-2.8711484593837535
9.155,IMU0,-0.047900390625000004,0.22992187500000003,0.32572265625,7.563025210084034,-60.7843137254902,-3.011204481792717
9.165,IMU0,-0.0383203125,0.21076171875000002,0.067060546875,7.42296918767507,-61.134453781512605,-3.2913165266106446
9.175,IMU0,-0.01916015625,0.19160156250000002,0.24908203125000003,7.563025210084034,-61.274509803921575,-3.5014005602240896
9.185,IMU0,0.01916015625,0.21076171875000002,0.37362304687500003,7.563025210084034,-61.62464985994398,-3.641456582633053
9.195,IMU0,0.076640625,0.18202148437500001,0.10538085937500001,7.282913165266106,-62.04481792717087,-3.9215686274509807
9.205,IMU0,0.13412109375,0.22034179687500002,0.2682421875,7.212885154061625,-62.464985994397765,-4.061624649859944
9.215,IMU0,0.009580078125,0.21076171875000002,0.36404296875000003,7.282913165266106,-62.95518207282913,-4.201680672268908
9.225,IMU0,0.086220703125,0.19160156250000002,0.12454101562500001,7.142857142857143,-63.655462184873954,-4.411764705882353
9.235,IMU0,0.11496093750000001,0.18202148437500001,0.335302734375,7.212885154061625,-64.49579831932773,-4.551820728291316
9.245,IMU0,-0.09580078125000001,0.20118164062500002,0.28740234375,6.862745098039216,-64.9859943977591,-4.69187675070028
9.255,IMU0,0.076640625,0.22034179687500002,0.12454101562500001,6.862745098039216,-65.33613445378151,-4.971988795518207
9.265,IMU0,0.009580078125,0.19160156250000002,0.3448828125,7.002801120448179,-65.75630252100841,-5.112044817927171
9.275,IMU0,0.01916015625,0.22034179687500002,0.23950195312500003,6.862745098039216,-66.1764705882353,-5.322128851540617
9.285,IMU0,-0.047900390625000004,0.19160156250000002,0.143701171875,6.652661064425771,-66.5266106442577,-5.5322128851540615
9.295,IMU0,0.057480468750000006,0.23950195312500003,0.43110351562500004,6.582633053221289,-66.87675070028011,-5.742296918767507
9.305,IMU0,-0.01916015625,0.22992187500000003,0.143701171875,6.512605042016807,-67.3669467787115,-5.9523809523809526
9.315,IMU0,0.009580078125,0.22992187500000003,0.21076171875000002,6.512605042016807,-67.64705882352942,-6.162464985994398
9.325,IMU0,-0.028740234375000003,0.22034179687500002,0.42152343750000004,6.442577030812325,-67.85714285714286,-6.23249299719888
9.335,IMU0,-0.0383203125,0.24908203125000003,0.09580078125000001,6.162464985994398,-67.78711484593838,-6.512605042016807
9.345,IMU0,0.12454101562500001,0.22992187500000003,0.21076171875000002,6.162464985994398,-67.71708683473389,-6.652661064425771
9.355,IMU0,-0.076640625,0.19160156250000002,0.36404296875000003,6.23249299719888,-67.78711484593838,-6.792717086834735
9.365,IMU0,-0.0383203125,0.18202148437500001,0.19160156250000002,6.0924369747899165,-67.92717086834735,-6.932773109243698
9.375,IMU0,0.067060546875,0.22034179687500002,0.24908203125000003,5.9523809523809526,-67.99719887955182,-7.072829131652662
9.385,IMU0,-0.057480468750000006,0.22034179687500002,0.258662109375,5.882352941176471,-67.92717086834735,-7.212885154061625
9.395,IMU0,-0.0383203125,0.21076171875000002,0.162861328125,5.9523809523809526,-67.78711484593838,-7.42296918767507
9.405,IMU0,0,0.20118164062500002,0.36404296875000003,5.9523809523809526,-67.78711484593838,-7.563025210084034
9.415,IMU0,-0.086220703125,0.19160156250000002,0.258662109375,5.742296918767507,-67.43697478991596,-7.633053221288516
9.425,IMU0,-0.067060546875,0.22034179687500002,0.10538085937500001,5.6722689075630255,-67.08683473389355,-7.843137254901961
9.435,IMU0,0.028740234375000003,0.22034179687500002,0.28740234375,5.742296918767507,-66.66666666666667,-7.983193277310924
9.445,IMU0,-0.12454101562500001,0.19160156250000002,0.18202148437500001,5.6722689075630255,-66.24649859943978,-7.983193277310924
9.455,IMU0,-0.009580078125,0.22034179687500002,0.143701171875,5.602240896358544,-65.68627450980392,-8.123249299719888
9.465,IMU0,0,0.20118164062500002,0.316142578125,5.5322128851540615,-64.91596638655463,-8.19327731092437
9.475,IMU0,-0.0383203125,0.20118164062500002,0.13412109375,5.392156862745098,-64.35574229691878,-8.333333333333334
9.485,IMU0,0,0.22992187500000003,0.162861328125,5.5322128851540615,-63.865546218487395,-8.473389355742297
9.495,IMU0,0.057480468750000006,0.22034179687500002,0.24908203125000003,5.5322128851540615,-63.235294117647065,-8.543417366946779
9.505,IMU0,0,0.24908203125000003,0.01916015625,5.392156862745098,-62.60504201680673,-8.473389355742297
9.515,IMU0,-0.01916015625,0.23950195312500003,0.162861328125,5.46218487394958,-62.18487394957983,-8.473389355742297
9.525,IMU0,0.13412109375,0.23950195312500003,0.28740234375,5.602240896358544,-61.694677871148464,-8.61344537815126
9.535,IMU0,-0.009580078125,0.22992187500000003,-0.028740234375000003,5.46218487394958,-61.274509803921575,-8.683473389355743
9.545,IMU0,0.009580078125,0.22034179687500002,0.2682421875,5.46218487394958,-60.7843137254902,-8.683473389355743
9.555,IMU0,0.11496093750000001,0.24908203125000003,0.162861328125,5.392156862745098,-60.0140056022409,-8.753501400560225
9.565,IMU0,-0.009580078125,0.23950195312500003,0,5.46218487394958,-59.313725490196084,-8.683473389355743
9.575,IMU0,0.009580078125,0.22034179687500002,0.277822265625,5.6722689075630255,-58.543417366946784,-8.823529411764707
9.585,IMU0,0.10538085937500001,0.19160156250000002,0.12454101562500001,5.5322128851540615,-57.913165266106446,-8.893557422969188
9.595,IMU0,0.0383203125,0.22034179687500002,0.009580078125,5.602240896358544,-57.84313725490196,-8.823529411764707
9.605,IMU0,-0.01916015625,0.22992187500000003,0.258662109375,5.6722689075630255,-57.77310924369748,-8.823529411764707
9.615,IMU0,0.01916015625,0.22992187500000003,-0.01916015625,5.742296918767507,-57.49299719887956,-8.893557422969188
9.625,IMU0,-0.143701171875,0.20118164062500002,0.086220703125,5.9523809523809526,-56.86274509803922,-9.033613445378151
9.635,IMU0,0.076640625,0.21076171875000002,0.277822265625,5.882352941176471,-56.23249299719888,-9.243697478991598
9.645,IMU0,-0.0383203125,0.20118164062500002,-0.076640625,5.882352941176471,-55.81232492997199,-9.173669467787116
9.655,IMU0,-0.0383203125,0.22034179687500002,0.17244140625,6.022408963585434,-55.53221288515407,-9.313725490196079
9.665,IMU0,0.009580078125,0.21076171875000002,0.076640625,6.0924369747899165,-55.04201680672269,-9.38375350140056
9.675,IMU0,-0.076640625,0.23950195312500003,-0.067060546875,6.0924369747899165,-54.48179271708684,-9.453781512605042
9.685,IMU0,-0.057480468750000006,0.20118164062500002,0.3448828125,6.302521008403362,-53.78151260504202,-9.523809523809524
9.695,IMU0,0.0383203125,0.22992187500000003,0.047900390625000004,6.162464985994398,-52.94117647058824,-9.523809523809524
9.705,IMU0,-0.067060546875,0.20118164062500002,0.086220703125,6.372549019607844,-52.10084033613445,-9.523809523809524
9.715,IMU0,0.047900390625000004,0.20118164062500002,0.17244140625,6.23249299719888,-51.40056022408964,-9.593837535014005
9.725,IMU0,0.13412109375,0.22992187500000003,-0.067060546875,6.372549019607844,-50.840336134453786,-9.523809523809524
9.735,IMU0,0.028740234375000003,0.22992187500000003,0.20118164062500002,6.512605042016807,-50.490196078431374,-9.523809523809524
9.745,IMU0,0.076640625,0.21076171875000002,0.18202148437500001,6.512605042016807,-50.14005602240896,-9.593837535014005
9.755,IMU0,0.09580078125000001,0.23950195312500003,-0.13412109375,6.442577030812325,-49.85994397759104,-9.523809523809524
9.765,IMU0,0.067060546875,0.21076171875000002,0.23950195312500003,6.582633053221289,-49.57983193277311,-9.593837535014005
9.775,IMU0,0.15328125,0.23950195312500003,-0.028740234375000003,6.582633053221289,-49.299719887955185,-9.593837535014005
9.785,IMU0,0.067060546875,0.21076171875000002,-0.086220703125,6.792717086834735,-48.879551820728295,-9.523809523809524
9.795,IMU0,0.047900390625000004,0.19160156250000002,0.42152343750000004,6.862745098039216,-48.529411764705884,-9.593837535014005
9.805,IMU0,0.067060546875,0.23950195312500003,-0.076640625,6.722689075630252,-48.17927170868347,-9.593837535014005
9.815,IMU0,0.0383203125,0.22992187500000003,0.17244140625,7.002801120448179,-47.75910364145658,-9.523809523809524
9.825,IMU0,-0.009580078125,0.18202148437500001,0.45984375000000005,7.002801120448179,-47.338935574229694,-9.523809523809524
9.835,IMU0,0.076640625,0.22034179687500002,0.01916015625,6.862745098039216,-46.98879551820728,-9.523809523809524
9.845,IMU0,-0.047900390625000004,0.19160156250000002,0.296982421875,6.862745098039216,-46.70868347338936,-9.593837535014005
9.855,IMU0,0.057480468750000006,0.21076171875000002,0.46942382812500005,6.722689075630252,-46.28851540616247,-9.663865546218489
9.865,IMU0,-0.076640625,0.21076171875000002,-0.09580078125000001,6.722689075630252,-46.28851540616247,-9.663865546218489
9.875,IMU0,-0.076640625,0.21076171875000002,-0.09580078125000001,6.582633053221289,-46.00840336134454,-9.663865546218489
9.885,IMU0,0.086220703125,0.21076171875000002,0.3448828125,6.792717086834735,-45.58823529411765,-9.73389355742297
9.895,IMU0,0.18202148437500001,0.19160156250000002,0.23950195312500003,6.582633053221289,-44.88795518207283,-9.663865546218489
9.905,IMU0,-0.028740234375000003,0.24908203125000003,-0.21076171875000002,6.652661064425771,-44.32773109243698,-9.663865546218489
9.915,IMU0,0.24908203125000003,0.24908203125000003,0.3065625,7.002801120448179,-44.04761904761905,-9.593837535014005
9.925,IMU0,0.086220703125,0.19160156250000002,0.028740234375000003,6.862745098039216,-43.8375350140056,-9.523809523809524
9.935,IMU0,0.009580078125,0.21076171875000002,-0.17244140625,7.002801120448179,-43.4873949579832,-9.593837535014005
9.945,IMU0,0.143701171875,0.24908203125000003,0.354462890625,7.212885154061625,-43.207282913165265,-9.523809523809524
9.955,IMU0,-0.067060546875,0.22992187500000003,-0.11496093750000001,7.142857142857143,-42.85714285714286,-9.523809523809524
9.965,IMU0,0.21076171875000002,0.24908203125000003,0.057480468750000006,7.352941176470589,-42.296918767507,-9.523809523809524
9.975,IMU0,0.09580078125000001,0.22034179687500002,0.28740234375,7.42296918767507,-42.08683473389356,-9.523809523809524
9.985,IMU0,0.067060546875,0.23950195312500003,-0.086220703125,7.352941176470589,-41.806722689075634,-9.453781512605042
9.995,IMU0,0.143701171875,0.21076171875000002,0.20118164062500002,7.633053221288516,-41.52661064425771,-9.523809523809524
10.005,IMU0,0.143701171875,0.22034179687500002,0.21076171875000002,7.633053221288516,-41.1764705882353,-9.523809523809524
10.015,IMU0,0.086220703125,0.21076171875000002,-0.0383203125,7.633053221288516,-40.75630252100841,-9.453781512605042
10.025,IMU0,0.143701171875,0.258662109375,0.162861328125,7.703081232492997,-40.26610644257703,-9.453781512605042
10.035,IMU0,0.17244140625,0.277822265625,0.09580078125000001,7.633053221288516,-39.845938375350144,-9.38375350140056
10.045,IMU0,0.11496093750000001,0.2682421875,-0.047900390625000004,7.843137254901961,-39.42577030812325,-9.453781512605042
10.055,IMU0,0.18202148437500001,0.21076171875000002,0.258662109375,7.983193277310924,-39.21568627450981,-9.453781512605042
10.065,IMU0,0.162861328125,0.24908203125000003,0,7.913165266106443,-38.93557422969188,-9.523809523809524
10.075,IMU0,0.09580078125000001,0.21076171875000002,0.009580078125,8.053221288515406,-38.79551820728292,-9.523809523809524
10.085,IMU0,0.19160156250000002,0.23950195312500003,0.23950195312500003,8.19327731092437,-38.79551820728292,-9.593837535014005
10.095,IMU0,0,0.22992187500000003,-0.01916015625,8.123249299719888,-38.445378151260506,-9.663865546218489
10.105,IMU0,0.13412109375,0.22992187500000003,0.10538085937500001,8.263305322128852,-38.16526610644258,-9.803921568627452
10.115,IMU0,0.09580078125000001,0.24908203125000003,0.20118164062500002,8.263305322128852,-37.81512605042017,-9.803921568627452
10.125,IMU0,0,0.24908203125000003,0.01916015625,8.333333333333334,-37.53501400560224,-9.873949579831933
10.135,IMU0,0.11496093750000001,0.2682421875,0.17244140625,8.473389355742297,-37.18487394957983,-9.943977591036415
10.145,IMU0,0.01916015625,0.20118164062500002,0.162861328125,8.403361344537815,-36.83473389355743,-10.014005602240896
10.155,IMU0,-0.009580078125,0.21076171875000002,-0.0383203125,8.403361344537815,-36.41456582633053,-10.154061624649861
10.165,IMU0,0.076640625,0.258662109375,0.13412109375,8.543417366946779,-36.06442577030813,-10.224089635854343
10.175,IMU0,0.067060546875,0.22034179687500002,0.12454101562500001,8.61344537815126,-35.7843137254902,-10.294117647058824
10.185,IMU0,0.01916015625,0.22992187500000003,0.01916015625,8.683473389355743,-35.43417366946779,-10.364145658263306
10.195,IMU0,0.13412109375,0.258662109375,0.22034179687500002,8.683473389355743,-35.22408963585434,-10.504201680672269
10.205,IMU0,-0.0383203125,0.21076171875000002,0.076640625,8.61344537815126,-34.943977591036415,-10.57422969187675
10.215,IMU0,0.067060546875,0.277822265625,0.086220703125,8.753501400560225,-34.59383753501401,-10.644257703081234
10.225,IMU0,0.10538085937500001,0.277822265625,0.18202148437500001,8.753501400560225,-34.31372549019608,-10.714285714285715
10.235,IMU0,-0.009580078125,0.2682421875,0.057480468750000006,8.753501400560225,-33.96358543417367,-10.784313725490197
10.245,IMU0,0.09580078125000001,0.24908203125000003,0.12454101562500001,8.823529411764707,-33.54341736694678,-10.994397759103641
10.255,IMU0,0.086220703125,0.23950195312500003,0.143701171875,8.823529411764707,-33.26330532212885,-10.994397759103641
10.265,IMU0,0,0.24908203125000003,0.009580078125,8.823529411764707,-33.05322128851541,-11.064425770308123
10.275,IMU0,0.143701171875,0.2682421875,0.20118164062500002,8.893557422969188,-32.63305322128852,-11.204481792717088
10.285,IMU0,0.11496093750000001,0.258662109375,0.13412109375,8.823529411764707,-32.35294117647059,-11.27450980392157
10.295,IMU0,0.076640625,0.28740234375,0,8.893557422969188,-32.212885154061624,-11.27450980392157
10.305,IMU0,0.09580078125000001,0.28740234375,0.22992187500000003,8.96358543417367,-32.07282913165266,-11.344537815126051
10.315,IMU0,0.20118164062500002,0.23950195312500003,0.13412109375,8.893557422969188,-31.862745098039216,-11.344537815126051
10.325,IMU0,0.10538085937500001,0.258662109375,0.086220703125,8.893557422969188,-31.932773109243698,-11.484593837535014
10.335,IMU0,0.086220703125,0.24908203125000003,0.22992187500000003,8.96358543417367,-31.792717086834735,-11.554621848739496
10.345,IMU0,0.18202148437500001,0.258662109375,0.086220703125,8.893557422969188,-31.792717086834735,-11.624649859943979
10.355,IMU0,0.0383203125,0.22034179687500002,0.162861328125,8.96358543417367,-31.792717086834735,-11.624649859943979
10.365,IMU0,0.15328125,0.277822265625,0.2682421875,8.96358543417367,-31.862745098039216,-11.764705882352942
10.375,IMU0,0.067060546875,0.28740234375,0.086220703125,8.823529411764707,-32.28291316526611,-11.904761904761905
10.385,IMU0,0.067060546875,0.28740234375,0.20118164062500002,8.753501400560225,-32.563025210084035,-12.114845938375352
10.395,IMU0,0.12454101562500001,0.277822265625,0.22034179687500002,9.033613445378151,-32.563025210084035,-12.184873949579833
10.405,IMU0,0.009580078125,0.24908203125000003,0.13412109375,8.753501400560225,-32.84313725490196,-12.254901960784315
10.415,IMU0,0.12454101562500001,0.258662109375,0.23950195312500003,8.683473389355743,-33.19327731092437,-12.46498599439776
10.425,IMU0,0.10538085937500001,0.258662109375,0.20118164062500002,8.543417366946779,-33.54341736694678,-12.605042016806724
10.435,IMU0,-0.01916015625,0.28740234375,0.17244140625,8.543417366946779,-33.68347338935575,-12.745098039215687
10.445,IMU0,0.09580078125000001,0.277822265625,0.277822265625,8.543417366946779,-33.89355742296919,-12.88515406162465
10.455,IMU0,0.067060546875,0.28740234375,0.162861328125,8.403361344537815,-34.173669467787114,-13.095238095238097
10.465,IMU0,0.01916015625,0.277822265625,0.143701171875,8.333333333333334,-34.31372549019608,-13.23529411764706
10.475,IMU0,0.12454101562500001,0.277822265625,0.335302734375,8.263305322128852,-34.523809523809526,-13.305322128851541
10.485,IMU0,-0.047900390625000004,0.258662109375,0.143701171875,8.123249299719888,-34.733893557422974,-13.445378151260504
10.495,IMU0,0.10538085937500001,0.277822265625,0.143701171875,8.053221288515406,-34.733893557422974,-13.65546218487395
10.505,IMU0,0.143701171875,0.2682421875,0.296982421875,7.983193277310924,-34.943977591036415,-13.795518207282914
10.515,IMU0,-0.01916015625,0.277822265625,0.11496093750000001,7.983193277310924,-35.08403361344538,-13.865546218487395
10.525,IMU0,0.17244140625,0.2682421875,0.15328125,7.913165266106443,-35.294117647058826,-14.075630252100842
10.535,IMU0,0.086220703125,0.3065625,0.2682421875,7.843137254901961,-35.43417366946779,-14.075630252100842
10.545,IMU0,0.076640625,0.277822265625,0.17244140625,7.703081232492997,-35.57422969187675,-14.145658263305323
10.555,IMU0,0.17244140625,0.258662109375,0.21076171875000002,7.633053221288516,-35.64425770308124,-14.355742296918768
10.565,IMU0,0.17244140625,0.277822265625,0.296982421875,7.563025210084034,-35.64425770308124,-14.355742296918768
10.575,IMU0,0.162861328125,0.28740234375,0.20118164062500002,7.42296918767507,-35.57422969187675,-14.495798319327731
10.585,IMU0,0.13412109375,0.2682421875,0.2682421875,7.42296918767507,-35.714285714285715,-14.565826330532213
10.595,IMU0,0.12454101562500001,0.28740234375,0.258662109375,7.282913165266106,-35.7843137254902,-14.705882352941178
10.605,IMU0,0.10538085937500001,0.296982421875,0.057480468750000006,7.212885154061625,-35.64425770308124,-14.775910364145659
10.615,IMU0,0.258662109375,0.277822265625,0.22992187500000003,7.282913165266106,-35.364145658263304,-14.84593837535014
10.625,IMU0,0.0383203125,0.258662109375,0.19160156250000002,7.142857142857143,-35.64425770308124,-14.915966386554622
10.635,IMU0,0.162861328125,0.2682421875,0.15328125,7.002801120448179,-35.85434173669468,-15.056022408963585
10.645,IMU0,0.20118164062500002,0.28740234375,0.23950195312500003,6.932773109243698,-35.92436974789916,-15.19607843137255
10.655,IMU0,-0.01916015625,0.2682421875,0.143701171875,6.932773109243698,-35.714285714285715,-15.266106442577032
10.665,IMU0,0.162861328125,0.2682421875,0.11496093750000001,6.932773109243698,-35.64425770308124,-15.406162464985995
10.675,IMU0,0.15328125,0.296982421875,0.10538085937500001,6.932773109243698,-35.43417366946779,-15.476190476190476
10.685,IMU0,0.09580078125000001,0.2682421875,0.19160156250000002,6.792717086834735,-35.64425770308124,-15.616246498599441
10.695,IMU0,0.18202148437500001,0.277822265625,0.10538085937500001,6.792717086834735,-35.99439775910364,-15.756302521008404
10.705,IMU0,0.15328125,0.23950195312500003,0.22034179687500002,6.792717086834735,-36.34453781512605,-15.826330532212886
10.715,IMU0,0.028740234375000003,0.2682421875,0.20118164062500002,6.652661064425771,-36.62464985994398,-15.966386554621849
10.725,IMU0,0.162861328125,0.28740234375,0.143701171875,6.512605042016807,-36.694677871148464,-16.176470588235293
10.735,IMU0,0.12454101562500001,0.316142578125,0.22992187500000003,6.582633053221289,-36.904761904761905,-16.31652661064426
10.745,IMU0,0.028740234375000003,0.3065625,0.15328125,6.512605042016807,-37.04481792717087,-16.526610644257705
10.755,IMU0,0.24908203125000003,0.3065625,0.22034179687500002,6.582633053221289,-37.11484593837535,-16.596638655462186
10.765,IMU0,0.09580078125000001,0.316142578125,0.21076171875000002,6.302521008403362,-37.53501400560224,-16.73669467787115
10.775,IMU0,0.028740234375000003,0.28740234375,0.076640625,6.23249299719888,-37.53501400560224,-16.946778711484594
10.785,IMU0,0.21076171875000002,0.335302734375,0.20118164062500002,6.23249299719888,-37.53501400560224,-17.086834733893557
10.795,IMU0,0.009580078125,0.3065625,0.21076171875000002,6.0924369747899165,-37.46498599439776,-17.22689075630252
10.805,IMU0,0.047900390625000004,0.32572265625,-0.067060546875,6.022408963585434,-37.324929971988794,-17.43697478991597
10.815,IMU0,0.21076171875000002,0.296982421875,0.23950195312500003,6.022408963585434,-37.324929971988794,-17.50700280112045
10.825,IMU0,-0.086220703125,0.296982421875,0.067060546875,5.9523809523809526,-37.74509803921569,-17.647058823529413
10.835,IMU0,0.296982421875,0.316142578125,0.01916015625,5.9523809523809526,-37.81512605042017,-17.857142857142858
10.845,IMU0,0.028740234375000003,0.316142578125,0.24908203125000003,5.882352941176471,-38.30532212885154,-17.92717086834734
10.855,IMU0,-0.01916015625,0.316142578125,0.15328125,5.602240896358544,-38.655462184873954,-18.067226890756302
10.865,IMU0,0.24908203125000003,0.32572265625,0.057480468750000006,5.602240896358544,-38.865546218487395,-18.207282913165265
10.875,IMU0,0.0383203125,0.32572265625,0.162861328125,5.46218487394958,-38.58543417366947,-18.207282913165265
10.885,IMU0,0.11496093750000001,0.32572265625,-0.076640625,5.392156862745098,-38.23529411764706,-18.417366946778714
10.895,IMU0,0.3065625,0.28740234375,0.258662109375,5.392156862745098,-38.37535014005602,-18.487394957983195
10.905,IMU0,0.067060546875,0.316142578125,0.354462890625,5.182072829131653,-39.14565826330532,-18.487394957983195
10.915,IMU0,0.22992187500000003,0.32572265625,0.009580078125,4.901960784313726,-39.98599439775911,-18.69747899159664
10.925,IMU0,0.23950195312500003,0.277822265625,0.28740234375,4.761904761904762,-40.75630252100841,-18.76750700280112
10.935,IMU0,0.028740234375000003,0.32572265625,0.258662109375,4.551820728291316,-41.246498599439775,-18.837535014005603
10.945,IMU0,0.21076171875000002,0.3065625,-0.01916015625,4.481792717086835,-41.87675070028011,-18.977591036414566
10.955,IMU0,0.19160156250000002,0.335302734375,0.38320312500000003,4.411764705882353,-42.64705882352941,-19.047619047619047
10.965,IMU0,-0.009580078125,0.3065625,0.22034179687500002,3.9215686274509807,-43.27731092436975,-19.11764705882353
10.975,IMU0,0.18202148437500001,0.32572265625,0.0383203125,3.781512605042017,-43.8375350140056,-19.39775910364146
10.985,IMU0,0.277822265625,0.3065625,0.354462890625,3.711484593837535,-44.537815126050425,-19.46778711484594
10.995,IMU0,-0.086220703125,0.32572265625,0.076640625,3.5014005602240896,-45.378151260504204,-19.537815126050422
11.005,IMU0,0.22992187500000003,0.335302734375,0.28740234375,3.361344537815126,-46.00840336134454,-19.747899159663866
11.015,IMU0,0.258662109375,0.32572265625,0.354462890625,2.9411764705882355,-46.84873949579832,-19.747899159663866
11.025,IMU0,-0.076640625,0.32572265625,0.0383203125,2.9411764705882355,-46.84873949579832,-19.747899159663866
11.035,IMU0,-0.076640625,0.32572265625,0.0383203125,2.73109243697479,-47.61904761904762,-19.88795518207283
11.045,IMU0,0.258662109375,0.28740234375,0.38320312500000003,2.6610644257703084,-48.24929971988796,-20.028011204481793
11.055,IMU0,0.067060546875,0.296982421875,0.3448828125,2.3109243697478994,-48.879551820728295,-20.028011204481793
11.065,IMU0,0.009580078125,0.32572265625,0.047900390625000004,2.030812324929972,-49.50980392156863,-20.098039215686274
11.075,IMU0,0.24908203125000003,0.3448828125,0.354462890625,1.8207282913165266,-50.21008403361345,-20.238095238095237
11.085,IMU0,0,0.354462890625,0.143701171875,1.6106442577030813,-50.7703081232493,-20.238095238095237
11.095,IMU0,0.067060546875,0.32572265625,0.076640625,1.5406162464985995,-51.33053221288515,-20.378151260504204
11.105,IMU0,0.23950195312500003,0.316142578125,0.24908203125000003,1.3305322128851542,-51.5406162464986,-20.448179271708685
11.115,IMU0,-0.10538085937500001,0.316142578125,-0.067060546875,0.9803921568627452,-51.75070028011205,-20.448179271708685
11.125,IMU0,0.18202148437500001,0.354462890625,0.12454101562500001,0.9803921568627452,-51.96078431372549,-20.65826330532213
11.135,IMU0,0.20118164062500002,0.32572265625,0.162861328125,0.8403361344537815,-52.10084033613445,-20.58823529411765
11.145,IMU0,-0.057480468750000006,0.32572265625,-0.047900390625000004,0.5602240896358543,-52.3109243697479,-20.58823529411765
11.155,IMU0,0.296982421875,0.335302734375,0.277822265625,0.42016806722689076,-52.38095238095239,-20.65826330532213
11.165,IMU0,0.11496093750000001,0.3448828125,0.086220703125,0.1400560224089636,-52.38095238095239,-20.518207282913167
11.175,IMU0,0.057480468750000006,0.32572265625,0.01916015625,0,-52.38095238095239,-20.518207282913167
11.185,IMU0,0.316142578125,0.335302734375,0.335302734375,-0.1400560224089636,-52.38095238095239,-20.518207282913167
11.195,IMU0,0.009580078125,0.3448828125,0.09580078125000001,-0.4901960784313726,-52.030812324929975,-20.378151260504204
11.205,IMU0,0.13412109375,0.3065625,0.10538085937500001,-0.700280112044818,-51.610644257703086,-20.378151260504204
11.215,IMU0,0.23950195312500003,0.316142578125,0.354462890625,-0.9103641456582633,-51.260504201680675,-20.308123249299722
11.225,IMU0,-0.0383203125,0.3448828125,0.067060546875,-1.2605042016806722,-51.05042016806723,-20.098039215686274
11.235,IMU0,0.162861328125,0.316142578125,0.19160156250000002,-1.4705882352941178,-50.70028011204482,-20.168067226890756
11.245,IMU0,0.12454101562500001,0.36404296875000003,0.3065625,-1.8207282913165266,-50.21008403361345,-20.028011204481793
11.255,IMU0,-0.076640625,0.32572265625,0.028740234375000003,-1.9607843137254903,-49.57983193277311,-19.88795518207283
11.265,IMU0,0.316142578125,0.296982421875,0.2682421875,-2.030812324929972,-48.879551820728295,-19.95798319327731
11.275,IMU0,0.057480468750000006,0.316142578125,0.22034179687500002,-2.380952380952381,-48.319327731092436,-19.747899159663866
11.285,IMU0,0.01916015625,0.316142578125,0,-2.5910364145658265,-47.689075630252105,-19.607843137254903
11.295,IMU0,0.296982421875,0.316142578125,0.277822265625,-2.801120448179272,-47.19887955182073,-19.607843137254903
11.305,IMU0,0.09580078125000001,0.316142578125,0.10538085937500001,-3.011204481792717,-46.77871148459384,-19.39775910364146
11.315,IMU0,0.162861328125,0.3065625,-0.0383203125,-3.081232492997199,-46.358543417366946,-19.327731092436977
11.325,IMU0,0.277822265625,0.335302734375,0.258662109375,-3.2212885154061626,-46.00840336134454,-19.11764705882353
11.335,IMU0,0.09580078125000001,0.32572265625,-0.047900390625000004,-3.431372549019608,-45.86834733893558,-18.907563025210084
11.345,IMU0,0.22992187500000003,0.3448828125,0.028740234375000003,-3.361344537815126,-45.86834733893558,-18.837535014005603
11.355,IMU0,0.19160156250000002,0.335302734375,0.19160156250000002,-3.431372549019608,-45.79831932773109,-18.627450980392158
11.365,IMU0,0.13412109375,0.3065625,-0.028740234375000003,-3.711484593837535,-45.51820728291317,-18.417366946778714
11.375,IMU0,0.28740234375,0.3448828125,0.143701171875,-3.8515406162464987,-45.23809523809524,-18.347338935574232
11.385,IMU0,0.22034179687500002,0.316142578125,0.18202148437500001,-3.991596638655462,-44.747899159663866,-17.99719887955182
11.395,IMU0,0.047900390625000004,0.3065625,-0.13412109375,-4.061624649859944,-44.6078431372549,-17.857142857142858
11.405,IMU0,0.3065625,0.32572265625,0.22034179687500002,-4.061624649859944,-44.67787114845939,-17.787114845938376
11.415,IMU0,0.143701171875,0.32572265625,0.076640625,-4.201680672268908,-44.32773109243698,-17.57703081232493
11.425,IMU0,0.12454101562500001,0.296982421875,-0.0383203125,-4.411764705882353,-44.11764705882353,-17.366946778711487
11.435,IMU0,0.3065625,0.296982421875,0.24908203125000003,-4.411764705882353,-43.90756302521009,-17.15686274509804
11.445,IMU0,0.10538085937500001,0.335302734375,-0.01916015625,-4.69187675070028,-43.767507002801125,-16.946778711484594
11.455,IMU0,0.19160156250000002,0.3065625,0.01916015625,-4.761904761904762,-43.69747899159664,-16.946778711484594
11.465,IMU0,0.2682421875,0.32572265625,0.18202148437500001,-4.831932773109244,-43.55742296918768,-16.80672268907563
11.475,IMU0,0.009580078125,0.316142578125,-0.076640625,-5.042016806722689,-43.27731092436975,-16.456582633053223
11.485,IMU0,0.24908203125000003,0.296982421875,0.13412109375,-5.042016806722689,-43.13725490196079,-16.31652661064426
11.495,IMU0,0.258662109375,0.24908203125000003,0.22992187500000003,-5.182072829131653,-43.0672268907563,-16.106442577030812
11.505,IMU0,0.057480468750000006,0.28740234375,-0.0383203125,-5.392156862745098,-42.85714285714286,-15.896358543417367
11.515,IMU0,0.21076171875000002,0.3065625,0.22992187500000003,-5.392156862745098,-42.64705882352941,-15.756302521008404
11.525,IMU0,0.15328125,0.3065625,0.086220703125,-5.602240896358544,-42.36694677871149,-15.476190476190476
11.535,IMU0,0.067060546875,0.28740234375,-0.0383203125,-5.6722689075630255,-42.15686274509804,-15.266106442577032
11.545,IMU0,0.335302734375,0.3065625,0.143701171875,-5.6722689075630255,-42.016806722689076,-15.19607843137255
11.555,IMU0,0.09580078125000001,0.316142578125,-0.009580078125,-5.742296918767507,-42.226890756302524,-14.915966386554622
11.565,IMU0,0.19160156250000002,0.24908203125000003,-0.028740234375000003,-5.882352941176471,-42.36694677871149,-14.84593837535014
11.575,IMU0,0.316142578125,0.316142578125,0.21076171875000002,-5.9523809523809526,-42.436974789915965,-14.635854341736696
11.585,IMU0,0.17244140625,0.2682421875,-0.10538085937500001,-6.022408963585434,-42.436974789915965,-14.285714285714286
11.595,IMU0,0.18202148437500001,0.296982421875,0.01916015625,-5.9523809523809526,-42.436974789915965,-14.145658263305323
11.605,IMU0,0.258662109375,0.296982421875,0.23950195312500003,-6.022408963585434,-42.226890756302524,-13.795518207282914
11.615,IMU0,0.18202148437500001,0.2682421875,-0.028740234375000003,-6.23249299719888,-41.87675070028011,-13.515406162464986
11.625,IMU0,0.23950195312500003,0.2682421875,0.12454101562500001,-6.302521008403362,-41.246498599439775,-13.305322128851541
11.635,IMU0,0.19160156250000002,0.28740234375,0.335302734375,-6.302521008403362,-40.616246498599445,-13.025210084033613
11.645,IMU0,0.057480468750000006,0.258662109375,-0.009580078125,-6.442577030812325,-40.26610644257703,-12.815126050420169
11.655,IMU0,0.36404296875000003,0.277822265625,0.23950195312500003,-6.442577030812325,-40.26610644257703,-12.675070028011206
11.665,IMU0,0.11496093750000001,0.296982421875,0.23950195312500003,-6.582633053221289,-40.33613445378151,-12.394957983193278
11.675,IMU0,0.11496093750000001,0.2682421875,-0.01916015625,-6.722689075630252,-40.33613445378151,-12.254901960784315
11.685,IMU0,0.3065625,0.277822265625,0.2682421875,-6.652661064425771,-40.406162464986,-11.974789915966387
11.695,IMU0,0.09580078125000001,0.258662109375,0.13412109375,-6.792717086834735,-40.406162464986,-11.764705882352942
11.705,IMU0,0.2682421875,0.277822265625,-0.009580078125,-6.792717086834735,-40.406162464986,-11.69467787114846
11.715,IMU0,0.316142578125,0.258662109375,0.354462890625,-6.792717086834735,-40.26610644257703,-11.414565826330533
11.725,IMU0,0,0.2682421875,0.01916015625,-6.862745098039216,-40.33613445378151,-11.204481792717088
11.735,IMU0,0.162861328125,0.277822265625,-0.028740234375000003,-6.862745098039216,-40.54621848739496,-11.064425770308123
11.745,IMU0,0.13412109375,0.258662109375,0.11496093750000001,-6.862745098039216,-40.616246498599445,-10.854341736694678
11.755,IMU0,0.057480468750000006,0.258662109375,-0.17244140625,-6.792717086834735,-40.406162464986,-10.854341736694678
11.765,IMU0,0.20118164062500002,0.2682421875,0.0383203125,-6.582633053221289,-40.12605042016807,-10.644257703081234
11.775,IMU0,0.028740234375000003,0.24908203125000003,0.10538085937500001,-6.652661064425771,-40.056022408963585,-10.434173669467787
11.785,IMU0,0.067060546875,0.24908203125000003,-0.19160156250000002,-6.652661064425771,-39.845938375350144,-10.364145658263306
11.795,IMU0,0.19160156250000002,0.258662109375,0.047900390625000004,-6.512605042016807,-39.635854341736696,-10.224089635854343
11.805,IMU0,0.0383203125,0.2682421875,0.01916015625,-6.442577030812325,-39.35574229691877,-10.084033613445378
11.815,IMU0,0.18202148437500001,0.2682421875,-0.09580078125000001,-6.372549019607844,-38.865546218487395,-10.014005602240896
11.825,IMU0,0.18202148437500001,0.22992187500000003,0.20118164062500002,-6.372549019607844,-38.51540616246499,-9.73389355742297
11.835,IMU0,0.0383203125,0.258662109375,-0.0383203125,-6.512605042016807,-38.30532212885154,-9.523809523809524
11.845,IMU0,0.18202148437500001,0.296982421875,-0.067060546875,-6.302521008403362,-37.885154061624654,-9.593837535014005
11.855,IMU0,0.162861328125,0.2682421875,0.22034179687500002,-6.162464985994398,-37.324929971988794,-9.38375350140056
11.865,IMU0,0.047900390625000004,0.277822265625,-0.028740234375000003,-6.372549019607844,-37.04481792717087,-9.243697478991598
11.875,IMU0,0.22034179687500002,0.24908203125000003,0.009580078125,-6.23249299719888,-36.83473389355743,-9.103641456582633
11.885,IMU0,0.076640625,0.2682421875,0.19160156250000002,-6.442577030812325,-36.5546218487395,-8.96358543417367
11.895,IMU0,0.076640625,0.23950195312500003,-0.09580078125000001,-6.302521008403362,-36.20448179271709,-8.893557422969188
11.905,IMU0,0.20118164062500002,0.277822265625,0.076640625,-6.0924369747899165,-35.85434173669468,-8.823529411764707
11.915,IMU0,-0.009580078125,0.258662109375,0.162861328125,-6.162464985994398,-35.50420168067227,-8.543417366946779
11.925,IMU0,0.10538085937500001,0.2682421875,-0.0383203125,-6.372549019607844,-35.22408963585434,-8.473389355742297
11.935,IMU0,0.143701171875,0.277822265625,0.17244140625,-6.23249299719888,-34.87394957983194,-8.403361344537815
11.945,IMU0,-0.0383203125,0.258662109375,0.10538085937500001,-6.302521008403362,-34.59383753501401,-8.263305322128852
11.955,IMU0,0.21076171875000002,0.24908203125000003,-0.076640625,-6.372549019607844,-34.103641456582636,-8.19327731092437
11.965,IMU0,-0.009580078125,0.258662109375,0.23950195312500003,-6.372549019607844,-33.753501400560225,-7.983193277310924
11.975,IMU0,0.009580078125,0.23950195312500003,-0.028740234375000003,-6.512605042016807,-33.403361344537814,-7.913165266106443
11.985,IMU0,0.12454101562500001,0.2682421875,-0.086220703125,-6.442577030812325,-33.12324929971989,-7.913165266106443
11.995,IMU0,-0.028740234375000003,0.258662109375,0.143701171875,-6.23249299719888,-32.77310924369748,-7.773109243697479
12.005,IMU0,0.12454101562500001,0.24908203125000003,-0.10538085937500001,-6.302521008403362,-32.35294117647059,-7.703081232492997
12.015,IMU0,0.162861328125,0.277822265625,-0.057480468750000006,-6.23249299719888,-32.142857142857146,-7.563025210084034
12.025,IMU0,0.047900390625000004,0.3065625,0.22992187500000003,-6.0924369747899165,-32.142857142857146,-7.492997198879552
12.035,IMU0,0.17244140625,0.316142578125,-0.13412109375,-6.162464985994398,-31.932773109243698,-7.492997198879552
12.045,IMU0,0.13412109375,0.258662109375,0.086220703125,-6.0924369747899165,-31.722689075630253,-7.282913165266106
12.055,IMU0,0.10538085937500001,0.24908203125000003,0.13412109375,-6.302521008403362,-31.58263305322129,-7.142857142857143
12.065,IMU0,0.17244140625,0.28740234375,-0.13412109375,-6.302521008403362,-31.302521008403364,-7.002801120448179
12.075,IMU0,0.12454101562500001,0.2682421875,0.22034179687500002,-6.0924369747899165,-31.022408963585434,-6.932773109243698
12.085,IMU0,0.143701171875,0.258662109375,0.13412109375,-6.23249299719888,-30.742296918767508,-6.792717086834735
12.095,IMU0,0.17244140625,0.2682421875,-0.067060546875,-6.302521008403362,-30.672268907563026,-6.652661064425771
12.105,IMU0,0.21076171875000002,0.28740234375,0.258662109375,-6.23249299719888,-30.46218487394958,-6.582633053221289
12.115,IMU0,0.12454101562500001,0.296982421875,0.09580078125000001,-6.23249299719888,-30.252100840336137,-6.512605042016807
12.125,IMU0,0.143701171875,0.277822265625,0.086220703125,-6.23249299719888,-30.04201680672269,-6.442577030812325
12.135,IMU0,0.20118164062500002,0.258662109375,0.32572265625,-6.372549019607844,-29.761904761904763,-6.302521008403362
12.145,IMU0,0.09580078125000001,0.296982421875,-0.028740234375000003,-6.512605042016807,-29.411764705882355,-6.162464985994398
12.155,IMU0,0.12454101562500001,0.28740234375,0.0383203125,-6.372549019607844,-28.991596638655462,-6.0924369747899165
12.165,IMU0,0.10538085937500001,0.277822265625,0.17244140625,-6.372549019607844,-28.571428571428573,-6.0924369747899165
12.175,IMU0,-0.028740234375000003,0.32572265625,-0.12454101562500001,-6.442577030812325,-28.291316526610647,-6.022408963585434
12.185,IMU0,0.20118164062500002,0.32572265625,-0.009580078125,-6.442577030812325,-28.291316526610647,-6.022408963585434
12.195,IMU0,0.20118164062500002,0.2682421875,-0.009580078125,-6.442577030812325,-27.73109243697479,-5.9523809523809526
12.205,IMU0,0.01916015625,0.3065625,0.009580078125,-6.372549019607844,-27.030812324929972,-5.882352941176471
12.215,IMU0,0.057480468750000006,0.296982421875,-0.13412109375,-6.23249299719888,-26.400560224089638,-5.882352941176471
12.225,IMU0,0.057480468750000006,0.316142578125,-0.047900390625000004,-6.0924369747899165,-25.980392156862745,-5.882352941176471
12.235,IMU0,-0.12454101562500001,0.28740234375,0,-6.23249299719888,-25.630252100840337,-5.882352941176471
12.245,IMU0,0.028740234375000003,0.277822265625,0.009580078125,-6.162464985994398,-25.840336134453782,-5.9523809523809526
12.255,IMU0,0.10538085937500001,0.277822265625,0.057480468750000006,-6.0924369747899165,-26.260504201680675,-6.022408963585434
12.265,IMU0,-0.047900390625000004,0.3065625,0.047900390625000004,-6.162464985994398,-26.47058823529412,-6.022408963585434
12.275,IMU0,-0.047900390625000004,0.41194335937500004,0.8430468750000001,-6.23249299719888,-27.030812324929972,-6.022408963585434
12.285,IMU0,1.350791015625,0.076640625,-1.9160156250000002,-6.512605042016807,-31.51260504201681,-6.022408963585434
12.295,IMU0,-1.0538085937500001,0.680185546875,0.9771679687500001,-5.602240896358544,-41.66666666666667,-6.23249299719888
12.305,IMU0,0.46942382812500005,0.36404296875000003,0.21076171875000002,-6.372549019607844,-51.75070028011205,-7.142857142857143
12.315,IMU0,-0.42152343750000004,0.613125,0.316142578125,-6.23249299719888,-62.3249299719888,-6.512605042016807
12.325,IMU0,0.39278320312500004,0.277822265625,-0.37362304687500003,-2.9411764705882355,-71.21848739495799,-4.481792717086835
12.335,IMU0,2.0213964843750003,-0.0383203125,-1.7723144531250001,-6.022408963585434,-79.83193277310924,-6.0924369747899165
12.345,IMU0,-1.78189453125,0.009580078125,3.4679882812500002,-7.142857142857143,-86.90476190476191,-8.61344537815126
12.355,IMU0,1.82021484375,0.67060546875,-2.155517578125,-9.663865546218489,-90.82633053221289,-11.204481792717088
12.365,IMU0,-0.9771679687500001,0.737666015625,-0.5652246093750001,-6.442577030812325,-94.95798319327731,-7.42296918767507
12.375,IMU0,-0.3448828125,0.45984375000000005,1.9734960937500001,-3.991596638655462,-99.15966386554622,-5.322128851540617
12.385,IMU0,0.536484375,-0.162861328125,0.258662109375,-4.621848739495799,-99.36974789915966,-5.2521008403361344
12.395,IMU0,-0.9963281250000001,0.18202148437500001,1.9926562500000002,-7.42296918767507,-99.08963585434174,-7.563025210084034
12.405,IMU0,1.657353515625,0.910107421875,-1.829794921875,-10.084033613445378,-97.54901960784314,-9.943977591036415
12.415,IMU0,-0.40236328125000004,0.9005273437500001,-1.74357421875,-7.352941176470589,-95.93837535014006,-7.142857142857143
12.425,IMU0,-1.025068359375,0.43110351562500004,3.5350488281250003,-5.112044817927171,-91.59663865546219,-5.322128851540617
12.435,IMU0,0.17244140625,0.32572265625,-1.1879296875,-6.652661064425771,-84.73389355742297,-4.761904761904762
12.445,IMU0,-1.120869140625,0.536484375,0.5652246093750001,-8.683473389355743,-81.02240896358543,-6.442577030812325
12.455,IMU0,1.2837304687500002,0.5843847656250001,0.32572265625,-9.803921568627452,-80.88235294117648,-7.773109243697479
12.465,IMU0,0.8622070312500001,0.6418652343750001,-0.7855664062500001,-8.823529411764707,-82.21288515406162,-5.8123249299719895
12.475,IMU0,-0.7855664062500001,0.37362304687500003,2.4237597656250003,-6.652661064425771,-84.52380952380953,-4.271708683473389
12.485,IMU0,0.7280859375000001,0.32572265625,-0.40236328125000004,-7.843137254901961,-88.58543417366947,-4.761904761904762
12.495,IMU0,-0.20118164062500002,0.316142578125,0.910107421875,-9.523809523809524,-98.52941176470588,-6.0924369747899165
12.505,IMU0,-0.28740234375,0.40236328125000004,1.2166699218750001,-10.714285714285715,-105.67226890756304,-6.512605042016807
12.515,IMU0,0.48858398437500006,0.55564453125,-0.67060546875,-10.154061624649861,-112.11484593837535,-5.6722689075630255
12.525,IMU0,0.086220703125,0.37362304687500003,1.22625,-8.333333333333334,-119.53781512605043,-4.69187675070028
12.535,IMU0,0.21076171875000002,0.18202148437500001,0.22034179687500002,-9.523809523809524,-124.2296918767507,-4.901960784313726
12.545,IMU0,-0.028740234375000003,0.38320312500000003,-0.536484375,-11.27450980392157,-126.33053221288516,-5.8123249299719895
12.555,IMU0,0.3065625,0.45984375000000005,-0.19160156250000002,-10.854341736694678,-127.66106442577032,-5.742296918767507
12.565,IMU0,0.5077441406250001,0.46942382812500005,-0.0383203125,-9.873949579831933,-129.48179271708685,-4.411764705882353
12.575,IMU0,-0.28740234375,0.24908203125000003,0.01916015625,-9.453781512605042,-131.44257703081234,-3.2913165266106446
12.585,IMU0,-0.11496093750000001,0.296982421875,0.40236328125000004,-10.434173669467787,-133.0532212885154,-4.201680672268908
12.595,IMU0,0.51732421875,0.48858398437500006,0.43110351562500004,-11.27450980392157,-135.15406162464987,-4.551820728291316
12.605,IMU0,-0.22034179687500002,0.51732421875,0.0383203125,-10.644257703081234,-139.49579831932775,-3.5714285714285716
12.615,IMU0,-0.047900390625000004,0.47900390625000006,0.699345703125,-9.73389355742297,-143.69747899159665,-3.011204481792717
12.625,IMU0,-0.17244140625,0.48858398437500006,0.689765625,-10.504201680672269,-145.58823529411765,-3.011204481792717
12.635,IMU0,-0.24908203125000003,0.49816406250000006,0.70892578125,-11.764705882352942,-146.6386554621849,-3.2913165266106446
12.645,IMU0,0.143701171875,0.6514453125,-0.354462890625,-11.69467787114846,-147.2689075630252,-2.9411764705882355
12.655,IMU0,0.15328125,0.6035449218750001,0.086220703125,-10.854341736694678,-146.6386554621849,-1.9607843137254903
12.665,IMU0,-0.613125,0.41194335937500004,0.076640625,-10.784313725490197,-144.187675070028,-1.680672268907563
12.675,IMU0,-0.15328125,0.44068359375000005,0.057480468750000006,-11.344537815126051,-140.61624649859945,-1.7507002801120448
12.685,IMU0,-0.10538085937500001,0.49816406250000006,0.0383203125,-11.554621848739496,-138.30532212885154,-1.6106442577030813
12.695,IMU0,0.12454101562500001,0.5460644531250001,0.0383203125,-11.134453781512606,-136.76470588235296,-0.9803921568627452
12.705,IMU0,-0.5269042968750001,0.5269042968750001,0.22034179687500002,-10.92436974789916,-135.64425770308125,-0.4901960784313726
12.715,IMU0,-0.01916015625,0.5460644531250001,0.43110351562500004,-11.134453781512606,-135.99439775910363,-0.6302521008403361
12.725,IMU0,-0.01916015625,0.5269042968750001,0.086220703125,-11.414565826330533,-138.23529411764707,-0.700280112044818
12.735,IMU0,-0.01916015625,0.5748046875,0.143701171875,-11.064425770308123,-139.9859943977591,-0.1400560224089636
12.745,IMU0,0.076640625,0.45984375000000005,0.0383203125,-10.784313725490197,-142.85714285714286,0
12.755,IMU0,-0.067060546875,0.45026367187500005,0.41194335937500004,-10.714285714285715,-145.51820728291318,0.1400560224089636
12.765,IMU0,-0.076640625,0.354462890625,0.22034179687500002,-10.994397759103641,-148.31932773109244,0.1400560224089636
12.775,IMU0,-0.067060546875,0.45026367187500005,-0.335302734375,-10.784313725490197,-150.4201680672269,0.21008403361344538
12.785,IMU0,-0.067060546875,0.41194335937500004,0.6035449218750001,-10.504201680672269,-151.47058823529412,0.4901960784313726
12.795,IMU0,0.21076171875000002,0.40236328125000004,0.01916015625,-10.504201680672269,-153.921568627451,0.9103641456582633
12.805,IMU0,-0.3065625,0.335302734375,0.22034179687500002,-10.504201680672269,-156.72268907563026,0.9803921568627452
12.815,IMU0,-0.057480468750000006,0.45984375000000005,0,-10.224089635854343,-158.61344537815125,0.700280112044818
12.825,IMU0,0.17244140625,0.38320312500000003,0.67060546875,-10.224089635854343,-160.99439775910366,1.1204481792717087
12.835,IMU0,-0.13412109375,0.38320312500000003,0.067060546875,-10.084033613445378,-164.6358543417367,1.400560224089636
12.845,IMU0,0.296982421875,0.45026367187500005,0.63228515625,-9.943977591036415,-167.50700280112045,1.4705882352941178
12.855,IMU0,-0.32572265625,0.354462890625,0.6035449218750001,-10.154061624649861,-168.97759103641457,1.7507002801120448
12.865,IMU0,-0.23950195312500003,0.6035449218750001,-0.258662109375,-10.014005602240896,-169.74789915966386,1.8907563025210086
12.875,IMU0,0.24908203125000003,0.45026367187500005,1.0154882812500001,-9.453781512605042,-170.16806722689077,2.170868347338936
12.885,IMU0,-0.32572265625,0.613125,0.46942382812500005,-9.873949579831933,-169.2577030812325,2.8711484593837535
12.895,IMU0,-0.45984375000000005,0.70892578125,0.162861328125,-10.084033613445378,-166.24649859943978,3.151260504201681
12.905,IMU0,-0.11496093750000001,0.718505859375,0.6035449218750001,-9.523809523809524,-163.02521008403363,3.2212885154061626
12.915,IMU0,-0.12454101562500001,0.6610253906250001,0.680185546875,-9.523809523809524,-160.64425770308125,3.431372549019608
12.925,IMU0,-0.11496093750000001,0.613125,0.37362304687500003,-9.523809523809524,-160.29411764705884,3.711484593837535
12.935,IMU0,0.19160156250000002,0.59396484375,0.5077441406250001,-9.103641456582633,-161.48459383753502,3.991596638655462
12.945,IMU0,-0.19160156250000002,0.6035449218750001,1.082548828125,-9.313725490196079,-164.42577030812325,4.341736694677872
12.955,IMU0,-0.43110351562500004,0.6418652343750001,0.5843847656250001,-9.38375350140056,-170.72829131652662,4.551820728291316
12.965,IMU0,-0.057480468750000006,0.47900390625000006,0.8430468750000001,-8.96358543417367,-178.78151260504202,4.271708683473389
12.975,IMU0,-0.19160156250000002,0.49816406250000006,0.63228515625,-8.543417366946779,-184.80392156862746,4.131652661064426
12.985,IMU0,-0.22034179687500002,0.45026367187500005,0.028740234375000003,-8.893557422969188,-190.61624649859945,4.131652661064426
12.995,IMU0,-0.19160156250000002,0.51732421875,0.277822265625,-8.543417366946779,-194.7478991596639,4.481792717086835
13.005,IMU0,0,0.354462890625,0.45984375000000005,-8.053221288515406,-197.12885154061627,4.971988795518207
13.015,IMU0,0.047900390625000004,0.44068359375000005,-0.162861328125,-7.913165266106443,-198.109243697479,4.761904761904762
13.025,IMU0,-0.09580078125000001,0.45026367187500005,0,-7.212885154061625,-198.73949579831933,4.831932773109244
13.035,IMU0,0.21076171875000002,0.51732421875,0.42152343750000004,-7.072829131652662,-199.57983193277312,5.322128851540617
13.045,IMU0,0.028740234375000003,0.46942382812500005,0.19160156250000002,-6.792717086834735,-200.98039215686276,6.372549019607844
13.055,IMU0,-0.3448828125,0.36404296875000003,0.9005273437500001,-6.162464985994398,-203.29131652661064,6.23249299719888
13.065,IMU0,0.057480468750000006,0.5843847656250001,0.70892578125,-6.0924369747899165,-206.5826330532213,5.742296918767507
13.075,IMU0,-0.41194335937500004,0.49816406250000006,0.63228515625,-5.742296918767507,-211.624649859944,6.302521008403362
13.085,IMU0,-0.3065625,0.5748046875,1.025068359375,-5.46218487394958,-214.77591036414566,6.722689075630252
13.095,IMU0,-0.296982421875,0.5652246093750001,0.613125,-5.46218487394958,-215.12605042016807,6.722689075630252
13.105,IMU0,-0.42152343750000004,0.6514453125,0.814306640625,-5.322128851540617,-214.42577030812325,6.652661064425771
13.115,IMU0,-0.46942382812500005,0.63228515625,0.21076171875000002,-4.831932773109244,-213.51540616246498,6.792717086834735
13.125,IMU0,-0.3448828125,0.63228515625,0.32572265625,-3.991596638655462,-209.38375350140058,7.282913165266106
13.135,IMU0,-0.39278320312500004,0.59396484375,0.354462890625,-3.641456582633053,-204.90196078431373,7.563025210084034
13.145,IMU0,-0.67060546875,0.70892578125,-0.10538085937500001,-3.711484593837535,-200.0700280112045,7.633053221288516
13.155,IMU0,-0.15328125,0.5843847656250001,0.6514453125,-3.361344537815126,-196.42857142857144,7.773109243697479
13.165,IMU0,-0.22034179687500002,0.7664062500000001,0.067060546875,-3.011204481792717,-194.187675070028,8.053221288515406
13.175,IMU0,-0.42152343750000004,0.680185546875,0.814306640625,-2.170868347338936,-192.99719887955183,7.983193277310924
13.185,IMU0,-0.45984375000000005,0.55564453125,0.5652246093750001,-2.170868347338936,-194.11764705882354,7.773109243697479
13.195,IMU0,-0.6514453125,0.6418652343750001,0.6035449218750001,-1.8907563025210086,-195.65826330532215,7.913165266106443
13.205,IMU0,-0.01916015625,0.5460644531250001,0.536484375,-1.6106442577030813,-198.4593837535014,7.913165266106443
13.215,IMU0,-0.15328125,0.49816406250000006,0.09580078125000001,-0.8403361344537815,-202.10084033613447,7.773109243697479
13.225,IMU0,-0.316142578125,0.48858398437500006,0.948427734375,-0.5602240896358543,-204.6918767507003,7.773109243697479
13.235,IMU0,0,0.44068359375000005,0.21076171875000002,-0.350140056022409,-207.07282913165267,7.703081232492997
13.245,IMU0,-0.48858398437500006,0.45026367187500005,0.22034179687500002,0.350140056022409,-209.17366946778714,7.633053221288516
13.255,IMU0,0.17244140625,0.45984375000000005,0.6227050781250001,0.700280112044818,-209.733893557423,7.352941176470589
13.265,IMU0,0,0.44068359375000005,0.47900390625000006,0.9103641456582633,-210.57422969187675,7.843137254901961
13.275,IMU0,-0.40236328125000004,0.43110351562500004,0.699345703125,1.5406162464985995,-213.02521008403363,7.703081232492997
13.285,IMU0,0.39278320312500004,0.43110351562500004,0.8813671875000001,2.100840336134454,-216.03641456582633,7.212885154061625
13.295,IMU0,-0.23950195312500003,0.41194335937500004,0.9675878906250001,2.170868347338936,-218.27731092436977,7.212885154061625
13.305,IMU0,0.10538085937500001,0.5652246093750001,0.5077441406250001,2.380952380952381,-220.16806722689077,7.142857142857143
13.315,IMU0,0.39278320312500004,0.536484375,1.120869140625,3.431372549019608,-221.9187675070028,7.282913165266106
13.325,IMU0,0.775986328125,2.634521484375,0.7280859375000001,3.5714285714285716,-222.54901960784315,7.633053221288516
13.335,IMU0,-0.296982421875,6.0641894531250005,-0.296982421875,2.8711484593837535,-224.6498599439776,7.142857142857143
13.345,IMU0,0.15328125,6.0641894531250005,3.31470703125,2.8711484593837535,-224.6498599439776,7.142857142857143
13.355,IMU0,0.15328125,5.72888671875,3.31470703125,1.400560224089636,-224.50980392156865,6.932773109243698
13.365,IMU0,-1.0346484375,5.767207031250001,-1.8776953125000002,1.6106442577030813,-220.0280112044818,7.002801120448179
13.375,IMU0,0.316142578125,3.477568359375,2.54830078125,7.142857142857143,-215.47619047619048,6.862745098039216
13.385,IMU0,0.12454101562500001,2.136357421875,2.2704785156250002,6.512605042016807,-211.06442577030813,7.563025210084034
13.395,IMU0,-1.657353515625,0.45026367187500005,-1.350791015625,4.481792717086835,-207.91316526610646,7.492997198879552
13.405,IMU0,2.308798828125,0.6035449218750001,1.7339941406250001,6.512605042016807,-210.3641456582633,6.23249299719888
13.415,IMU0,0.296982421875,1.0346484375,-0.067060546875,6.862745098039216,-216.9467787114846,7.352941176470589
13.425,IMU0,-0.49816406250000006,0.63228515625,-0.18202148437500001,6.652661064425771,-220.51820728291318,6.722689075630252
13.435,IMU0,-1.005908203125,1.07296875,-0.6610253906250001,8.753501400560225,-219.81792717086836,6.23249299719888
13.445,IMU0,-1.9255957031250002,0.01916015625,4.08111328125,6.372549019607844,-220.3781512605042,5.8123249299719895
13.455,IMU0,0.7855664062500001,0.47900390625000006,-2.442919921875,-0.0700280112044818,-222.96918767507003,5.182072829131653
13.465,IMU0,0.43110351562500004,0.6035449218750001,1.120869140625,9.103641456582633,-219.2577030812325,4.971988795518207
13.475,IMU0,-0.9005273437500001,0.047900390625000004,3.343447265625,8.473389355742297,-214.7058823529412,5.392156862745098
13.485,IMU0,-0.44068359375000005,0.335302734375,-2.692001953125,7.492997198879552,-213.9355742296919,4.69187675070028
13.495,IMU0,1.89685546875,0.48858398437500006,1.7339941406250001,10.92436974789916,-214.56582633053222,4.271708683473389
13.505,IMU0,-0.086220703125,0.47900390625000006,0.9867480468750001,9.453781512605042,-217.43697478991598,4.621848739495799
13.515,IMU0,-0.45026367187500005,0.929267578125,-2.634521484375,9.593837535014005,-220.72829131652662,3.641456582633053
13.525,IMU0,1.0538085937500001,0.7280859375000001,3.4679882812500002,12.254901960784315,-218.97759103641457,3.5714285714285716
13.535,IMU0,-2.20341796875,0.9963281250000001,-0.335302734375,9.873949579831933,-217.0168067226891,3.8515406162464987
13.545,IMU0,0.948427734375,1.025068359375,-1.62861328125,10.854341736694678,-214.07563025210084,2.100840336134454
13.555,IMU0,-0.067060546875,0.9580078125000001,3.113525390625,13.095238095238097,-209.03361344537817,2.801120448179272
13.565,IMU0,-2.1076171875000003,1.2645703125,-1.044228515625,10.994397759103641,-203.01120448179273,2.450980392156863
13.575,IMU0,1.235830078125,1.22625,-0.48858398437500006,12.184873949579833,-195.8683473389356,1.2605042016806722
13.585,IMU0,-1.5328125000000001,0.9580078125000001,1.2837304687500002,12.394957983193278,-190.12605042016807,2.3109243697478994
13.595,IMU0,0.5652246093750001,1.2454101562500002,-1.4849121093750002,12.114845938375352,-185.99439775910366,1.1204481792717087
13.605,IMU0,1.274150390625,0.948427734375,0.258662109375,13.515406162464986,-183.68347338935575,0.5602240896358543
13.615,IMU0,-0.6227050781250001,1.1304492187500002,-0.699345703125,13.165266106442578,-179.41176470588235,0.9803921568627452
13.625,IMU0,-0.43110351562500004,1.2070898437500002,-0.9580078125000001,12.254901960784315,-173.80952380952382,0.9103641456582633
13.635,IMU0,-0.680185546875,1.140029296875,0.5077441406250001,14.145658263305323,-169.53781512605042,-0.0700280112044818
13.645,IMU0,1.4082714843750002,1.235830078125,-0.67060546875,14.005602240896359,-166.45658263305322,-0.1400560224089636
13.655,IMU0,-1.4465917968750002,1.39869140625,-1.8872753906250002,14.145658263305323,-162.81512605042016,0.2801120448179272
13.665,IMU0,0.15328125,1.044228515625,-0.41194335937500004,14.775910364145659,-159.10364145658264,-1.4705882352941178
13.675,IMU0,-0.162861328125,1.1112890625,-0.63228515625,14.285714285714286,-154.6918767507003,-0.9803921568627452
13.685,IMU0,-1.868115234375,1.197509765625,-1.159189453125,14.985994397759104,-149.78991596638656,-0.7703081232492998
13.695,IMU0,1.082548828125,0.9580078125000001,0.737666015625,15.266106442577032,-146.9887955182073,-2.380952380952381
13.705,IMU0,-0.01916015625,0.948427734375,-0.46942382812500005,15.336134453781513,-144.53781512605042,-2.2408963585434174
13.715,IMU0,-1.39869140625,0.9771679687500001,1.55197265625,15.756302521008404,-141.24649859943978,-2.170868347338936
13.725,IMU0,0.076640625,1.2166699218750001,0.5652246093750001,15.266106442577032,-139.42577030812325,-3.2913165266106446
13.735,IMU0,0.45026367187500005,1.312470703125,-0.22034179687500002,14.565826330532213,-139.35574229691878,-3.151260504201681
13.745,IMU0,0.0383203125,1.312470703125,1.1112890625,14.985994397759104,-136.83473389355743,-3.361344537815126
13.755,IMU0,0.689765625,1.3316308593750001,-0.8430468750000001,13.795518207282914,-135.08403361344537,-3.641456582633053
13.765,IMU0,0.6514453125,1.063388671875,1.55197265625,14.635854341736696,-134.10364145658264,-3.641456582633053
13.775,IMU0,-0.41194335937500004,1.2645703125,0.9963281250000001,13.935574229691877,-133.75350140056022,-3.431372549019608
13.785,IMU0,0.8238867187500001,1.149609375,-0.51732421875,12.675070028011206,-133.4733893557423,-4.131652661064426
13.795,IMU0,0.9867480468750001,1.4082714843750002,-0.40236328125000004,13.795518207282914,-136.27450980392157,-3.991596638655462
13.805,IMU0,-0.21076171875000002,1.0538085937500001,1.5615527343750002,13.445378151260504,-137.18487394957984,-4.271708683473389
13.815,IMU0,0.8430468750000001,1.3316308593750001,-1.2166699218750001,13.165266106442578,-138.72549019607843,-4.971988795518207
13.825,IMU0,-0.5077441406250001,1.1687695312500002,1.829794921875,13.725490196078432,-140.26610644257704,-4.271708683473389
13.835,IMU0,-0.38320312500000003,1.0346484375,0.38320312500000003,11.764705882352942,-139.6358543417367,-5.112044817927171
13.845,IMU0,2.29921875,1.5615527343750002,-1.4465917968750002,11.27450980392157,-139.7058823529412,-5.602240896358544
13.855,IMU0,-0.6035449218750001,1.159189453125,2.1842578125000003,11.974789915966387,-140.12605042016807,-4.831932773109244
13.865,IMU0,0,1.235830078125,-0.718505859375,10.92436974789916,-139.14565826330534,-5.882352941176471
13.875,IMU0,1.5711328125000001,1.274150390625,0.43110351562500004,11.27450980392157,-139.2156862745098,-5.5322128851540615
13.885,IMU0,-0.8047265625000001,1.101708984375,1.3316308593750001,10.294117647058824,-139.07563025210084,-5.322128851540617
13.895,IMU0,0.9867480468750001,1.39869140625,-1.66693359375,9.663865546218489,-138.9355742296919,-6.23249299719888
13.905,IMU0,0.613125,1.1112890625,1.044228515625,10.434173669467787,-139.2857142857143,-5.8123249299719895
13.915,IMU0,-1.07296875,1.07296875,1.4849121093750002,9.38375350140056,-137.67507002801122,-5.882352941176471
13.925,IMU0,1.4082714843750002,1.43701171875,-1.791474609375,8.753501400560225,-137.3249299719888,-6.582633053221289
13.935,IMU0,-0.067060546875,1.2645703125,0.699345703125,10.084033613445378,-137.7450980392157,-6.0924369747899165
13.945,IMU0,0.15328125,1.140029296875,0.59396484375,8.683473389355743,-137.88515406162466,-6.652661064425771
13.955,IMU0,0.40236328125000004,1.3220507812500002,-1.063388671875,8.403361344537815,-136.9047619047619,-6.582633053221289
13.965,IMU0,-0.689765625,1.120869140625,0.948427734375,8.403361344537815,-136.83473389355743,-6.372549019607844
13.975,IMU0,0.718505859375,1.389111328125,-0.6418652343750001,7.282913165266106,-136.9747899159664,-7.142857142857143
13.985,IMU0,0.24908203125000003,1.235830078125,-0.699345703125,6.862745098039216,-137.60504201680672,-6.652661064425771
13.995,IMU0,0.076640625,1.2645703125,1.101708984375,7.983193277310924,-137.7450980392157,-7.002801120448179
14.005,IMU0,0.47900390625000006,1.350791015625,-0.22034179687500002,6.0924369747899165,-139.14565826330534,-6.932773109243698
14.015,IMU0,0.09580078125000001,1.3220507812500002,-0.277822265625,5.882352941176471,-139.6358543417367,-6.722689075630252
14.025,IMU0,0.699345703125,1.3316308593750001,0.55564453125,5.742296918767507,-141.1764705882353,-7.072829131652662
14.035,IMU0,0.833466796875,1.3699511718750002,-0.3065625,5.322128851540617,-143.20728291316527,-6.932773109243698
14.045,IMU0,-0.51732421875,1.5711328125000001,-0.680185546875,5.2521008403361344,-143.55742296918768,-6.582633053221289
14.055,IMU0,1.2933105468750001,2.4333398437500002,1.07296875,4.341736694677872,-142.99719887955183,-6.302521008403362
14.065,IMU0,6.3228515625,3.400927734375,0.852626953125,3.5014005602240896,-141.52661064425772,-5.182072829131653
14.075,IMU0,14.46591796875,7.070097656250001,5.757626953125,0.2801120448179272,-134.59383753501402,0.700280112044818
14.085,IMU0,1.2549902343750001,8.44962890625,0.45026367187500005,-1.8207282913165266,-115.26610644257704,3.431372549019608
14.095,IMU0,2.35669921875,4.876259765625,-1.178349609375,2.380952380952381,-93.34733893557423,-4.131652661064426
14.105,IMU0,17.18666015625,4.837939453125,5.297783203125,2.6610644257703084,-78.22128851540617,3.011204481792717
14.115,IMU0,7.45330078125,9.800419921875001,5.067861328125001,-5.742296918767507,-64.6358543417367,16.106442577030812
14.125,IMU0,12.262500000000001,11.735595703125,0.536484375,-3.991596638655462,-43.417366946778714,11.554621848739496
14.135,IMU0,13.651611328125002,12.952265625,3.9374121093750003,-1.9607843137254903,-16.03641456582633,14.775910364145659
14.145,IMU0,6.198310546875001,15.136523437500001,-0.46942382812500005,-5.6722689075630255,10.504201680672269,24.859943977591037
14.155,IMU0,8.976533203125001,17.368681640625002,-1.657353515625,-4.131652661064426,43.13725490196079,24.57983193277311
14.165,IMU0,10.59556640625,11.572734375000001,2.9123437500000002,-2.2408963585434174,75.28011204481793,24.159663865546218
14.175,IMU0,13.977333984375,14.303056640625002,0.51732421875,-10.784313725490197,99.50980392156863,35.22408963585434
14.185,IMU0,5.087021484375001,14.111455078125001,-0.13412109375,-9.663865546218489,122.19887955182074,37.60504201680673
14.195,IMU0,3.2955468750000003,12.866044921875002,0.9771679687500001,-10.084033613445378,139.2156862745098,36.34453781512605
14.205,IMU0,10.873388671875,7.970625000000001,5.431904296875,-10.784313725490197,146.6386554621849,37.39495798319328
14.215,IMU0,-0.49816406250000006,6.198310546875001,2.3471191406250003,-11.764705882352942,146.84873949579833,42.016806722689076
14.225,IMU0,4.042792968750001,5.431904296875,2.5004003906250003,-15.406162464985995,144.32773109243698,39.91596638655462
14.235,IMU0,4.1002734375,5.087021484375001,0.8622070312500001,-18.067226890756302,139.9859943977591,42.436974789915965
14.245,IMU0,-2.7973828125,3.7649707031250004,1.504072265625,-17.15686274509804,133.96358543417367,41.73669467787115
14.255,IMU0,4.339775390625,3.496728515625,3.23806640625,-19.607843137254903,129.13165266106444,38.72549019607843
14.265,IMU0,18.566191406250002,-0.24908203125000003,5.441484375,-24.789915966386555,128.29131652661064,48.879551820728295
14.275,IMU0,-45.534111328125,7.041357421875,-16.468154296875,-26.820728291316527,130.88235294117646,48.38935574229692
14.285,IMU0,40.753652343750005,10.5380859375,20.338505859375,-20.238095238095237,134.733893557423,29.411764705882355
14.295,IMU0,-31.767539062500003,3.58294921875,-11.476933593750001,-32.703081232493,128.8515406162465,64.2156862745098
14.305,IMU0,7.520361328125,2.9506640625,4.358935546875,-20.72829131652661,126.47058823529413,27.941176470588236
14.315,IMU0,27.054140625000002,-2.54830078125,-1.005908203125,-38.865546218487395,141.87675070028013,41.596638655462186
14.325,IMU0,-44.978466796875004,3.899091796875,-22.580244140625002,-31.1624649859944,156.65266106442579,57.563025210084035
14.335,IMU0,24.295078125,1.120869140625,35.110986328125,-18.627450980392158,156.51260504201682,21.35854341736695
14.345,IMU0,13.488750000000001,5.297783203125,-20.5780078125,-49.43977591036415,156.72268907563026,43.90756302521009
14.355,IMU0,-19.045195312500002,0.55564453125,-2.6632617187500003,-26.89075630252101,137.2549019607843,46.21848739495798
14.365,IMU0,-12.751083984375,2.2608984375000003,11.745175781250001,-25.560224089635856,93.41736694677871,24.57983193277311
14.375,IMU0,30.82869140625,3.400927734375,-4.981640625000001,-41.73669467787115,92.99719887955183,28.92156862745098
14.385,IMU0,-35.4462890625,2.1938378906250002,-10.1165625,-31.862745098039216,84.87394957983193,45.168067226890756
14.395,IMU0,18.355429687500003,1.1112890625,20.415146484375,-25.210084033613448,82.49299719887955,13.515406162464986
14.405,IMU0,10.346484375000001,2.787802734375,-11.51525390625,-44.32773109243698,85.08403361344538,32.563025210084035
14.415,IMU0,-34.6415625,2.2704785156250002,-4.92416015625,-28.43137254901961,78.64145658263305,34.523809523809526
14.425,IMU0,28.289970703125,3.5350488281250003,24.96568359375,-25.420168067226893,78.01120448179272,10.714285714285715
14.435,IMU0,-1.389111328125,9.13939453125,-14.063554687500002,-43.4873949579832,75.21008403361346,33.403361344537814
14.445,IMU0,-21.13365234375,5.355263671875,0.076640625,-22.969187675070028,65.68627450980392,21.35854341736695
14.455,IMU0,33.05126953125,5.527705078125001,29.027636718750003,-27.24089635854342,59.103641456582636,9.173669467787116
14.465,IMU0,-22.733525390625,14.552138671875001,-24.132216796875003,-46.21848739495798,50,32.983193277310924
14.475,IMU0,-2.70158203125,1.8393750000000002,8.047265625,-16.73669467787115,35.57422969187675,6.652661064425771
14.485,IMU0,28.060048828125,2.1938378906250002,27.849287109375002,-27.73109243697479,29.6218487394958,9.873949579831933
14.495,IMU0,-30.455068359375,5.920488281250001,-28.251650390625002,-42.50700280112045,24.859943977591037,26.610644257703083
14.505,IMU0,7.5012011718750005,5.920488281250001,13.584550781250002,-42.50700280112045,24.859943977591037,26.610644257703083
14.515,IMU0,7.5012011718750005,7.4724609375,13.584550781250002,-19.18767507002801,17.717086834733895,1.4705882352941178
14.525,IMU0,16.621435546875002,2.9602441406250004,16.717236328125,-26.12044817927171,15.756302521008404,9.173669467787116
14.535,IMU0,-26.82421875,5.4031640625,-21.430634765625,-34.03361344537815,15.126050420168069,16.946778711484594
14.545,IMU0,15.874189453125002,1.791474609375,16.477734375,-15.266106442577032,12.184873949579833,-4.69187675070028
14.555,IMU0,3.573369140625,6.313271484375001,6.198310546875001,-31.442577030812327,10.994397759103641,11.554621848739496
14.565,IMU0,-19.8116015625,6.49529296875,-15.759228515625,-25.35014005602241,2.8711484593837535,6.932773109243698
14.575,IMU0,18.537451171875002,4.75171875,19.725380859375,-11.69467787114846,-5.8123249299719895,-7.42296918767507
14.585,IMU0,-8.171806640625,6.38033203125,-1.39869140625,-26.89075630252101,-6.0924369747899165,8.893557422969188
14.595,IMU0,-8.79451171875,5.508544921875,-7.49162109375,-16.176470588235293,-16.73669467787115,-3.8515406162464987
14.605,IMU0,16.908837890625,4.243974609375,18.297949218750002,-10.294117647058824,-24.439775910364148,-8.123249299719888
14.615,IMU0,-17.79978515625,4.5409570312500005,-7.702382812500001,-23.38935574229692,-33.26330532212885,4.341736694677872
14.625,IMU0,4.052373046875,4.1769140625,-2.5004003906250003,-10.644257703081234,-47.19887955182073,-13.23529411764706
14.635,IMU0,12.636123046875001,2.835703125,14.303056640625002,-8.96358543417367,-59.103641456582636,-8.19327731092437
14.645,IMU0,-19.725380859375,4.071533203125,-10.653046875000001,-17.50700280112045,-67.01680672268908,-2.170868347338936
14.655,IMU0,10.959609375000001,3.8607714843750003,3.496728515625,-4.69187675070028,-74.92997198879551,-18.557422969187677
14.665,IMU0,3.496728515625,3.190166015625,10.049501953125,-6.722689075630252,-82.00280112044818,-8.893557422969188
14.675,IMU0,-15.979570312500002,5.1732421875000005,-11.275751953125,-10.294117647058824,-91.45658263305323,-10.714285714285715
14.685,IMU0,16.985478515625,3.50630859375,6.274951171875,1.5406162464985995,-103.78151260504202,-23.459383753501402
14.695,IMU0,-5.767207031250001,3.7170703125,5.326523437500001,-3.5014005602240896,-109.73389355742297,-11.064425770308123
14.705,IMU0,-9.110654296875001,4.8666796875000005,-9.225615234375,-3.2913165266106446,-112.18487394957984,-19.46778711484594
14.715,IMU0,14.590458984375001,3.2572265625,8.018525390625001,5.112044817927171,-115.26610644257704,-25.420168067226893
14.725,IMU0,-10.930869140625001,3.2093261718750004,3.6021093750000004,-0.7703081232492998,-122.82913165266108,-16.246498599439775
14.735,IMU0,1.5328125000000001,5.4989648437500005,-6.916816406250001,-0.1400560224089636,-129.6918767507003,-28.011204481792717
14.745,IMU0,8.689130859375,5.2594628906250005,10.4614453125,6.652661064425771,-137.53501400560225,-26.050420168067227
14.755,IMU0,-12.387041015625,5.661826171875,2.4525,0.8403361344537815,-146.00840336134453,-22.759103641456583
14.765,IMU0,7.386240234375,5.0199609375000005,-1.753154296875,3.991596638655462,-151.26050420168067,-34.31372549019608
14.775,IMU0,3.58294921875,5.029541015625,10.030341796875001,5.882352941176471,-155.0420168067227,-27.871148459383754
14.785,IMU0,7.232958984375,2.8165429687500003,6.964716796875001,0.4901960784313726,-158.1232492997199,-29.20168067226891
14.795,IMU0,-15.9029296875,6.332431640625001,-14.839541015625,-2.030812324929972,-165.61624649859945,-29.20168067226891
14.805,IMU0,12.913945312500001,3.35302734375,17.3591015625,7.703081232492997,-167.296918767507,-32.703081232493
14.815,IMU0,-8.258027343750001,3.9182519531250004,-0.047900390625000004,-2.3109243697478994,-160.22408963585434,-25.910364145658264
14.825,IMU0,5.748046875,4.11943359375,-3.3626074218750004,3.011204481792717,-153.99159663865547,-37.95518207282913
14.835,IMU0,3.8703515625000002,3.08478515625,10.662626953125,3.151260504201681,-150.8403361344538,-31.022408963585434
14.845,IMU0,-13.134287109375,5.010380859375,2.787802734375,-3.991596638655462,-150.0700280112045,-29.131652661064425
14.855,IMU0,8.727451171875,4.368515625000001,14.322216796875,0,-148.31932773109244,-41.45658263305322
14.865,IMU0,1.0346484375,5.767207031250001,-16.104111328125,-7.913165266106443,-143.34733893557424,-34.943977591036415
14.875,IMU0,-4.243974609375,3.7649707031250004,16.8226171875,-4.411764705882353,-153.8515406162465,-36.97478991596639
14.885,IMU0,5.7384667968750005,2.93150390625,3.420087890625,-11.554621848739496,-163.30532212885154,-45.44817927170869
14.895,IMU0,-3.6691699218750005,5.1732421875000005,-1.2645703125,-9.523809523809524,-162.2549019607843,-37.95518207282913
14.905,IMU0,-3.9853125000000005,4.1002734375,4.502636718750001,-9.593837535014005,-160.3641456582633,-42.436974789915965
14.915,IMU0,11.543994140625001,4.588857421875001,-1.753154296875,-11.974789915966387,-156.23249299719888,-46.498599439775916
14.925,IMU0,-2.787802734375,4.23439453125,7.041357421875,-9.033613445378151,-151.26050420168067,-39.70588235294118
14.935,IMU0,-5.26904296875,4.665498046875,2.4333398437500002,-13.795518207282914,-143.9075630252101,-43.8375350140056
14.945,IMU0,10.806328125,5.0199609375000005,-3.1231054687500004,-14.42577030812325,-138.02521008403363,-46.07843137254902
14.955,IMU0,-2.20341796875,5.7097265625,6.4761328125,-12.324929971988796,-132.3529411764706,-39.21568627450981
14.965,IMU0,1.159189453125,5.8630078125,0,-17.15686274509804,-120.16806722689076,-45.09803921568628
14.975,IMU0,7.070097656250001,6.236630859375,-2.634521484375,-16.246498599439775,-108.75350140056022,-43.207282913165265
14.985,IMU0,-6.198310546875001,4.31103515625,6.07376953125,-14.005602240896359,-96.91876750700281,-39.91596638655462
14.995,IMU0,7.0126171875,5.03912109375,-2.0309765625000002,-17.92717086834734,-86.9747899159664,-45.23809523809524
15.005,IMU0,3.9469921875000002,4.196074218750001,-1.2070898437500002,-15.056022408963585,-79.48179271708683,-41.1764705882353
15.015,IMU0,-3.745810546875,4.550537109375,5.23072265625,-15.546218487394958,-71.00840336134453,-39.42577030812325
15.025,IMU0,6.265371093750001,5.144501953125,-3.343447265625,-17.647058823529413,-61.5546218487395,-43.55742296918768
15.035,IMU0,0.22992187500000003,5.2594628906250005,0.335302734375,-13.795518207282914,-50.840336134453786,-38.655462184873954
15.045,IMU0,0.5652246093750001,4.818779296875,2.7590625,-14.005602240896359,-39.075630252100844,-40.75630252100841
15.055,IMU0,6.3707519531250005,5.134921875000001,-5.05828125,-15.266106442577032,-27.450980392156865,-41.38655462184874
15.065,IMU0,-1.149609375,3.6883300781250004,2.1842578125000003,-12.184873949579833,-19.11764705882353,-38.16526610644258
15.075,IMU0,0.8813671875000001,4.1481738281250005,0.63228515625,-13.795518207282914,-12.394957983193278,-39.49579831932773
15.085,IMU0,4.1769140625,4.08111328125,-4.08111328125,-12.675070028011206,-6.0924369747899165,-39.42577030812325
15.095,IMU0,-0.737666015625,3.6691699218750005,3.0273046875,-9.313725490196079,-0.5602240896358543,-37.675070028011206
15.105,IMU0,0.9005273437500001,3.266806640625,-1.140029296875,-11.904761904761905,5.9523809523809526,-39.70588235294118
15.115,IMU0,3.2093261718750004,3.726650390625,-2.85486328125,-9.243697478991598,10.644257703081234,-38.02521008403362
15.125,IMU0,-3.1518457031250002,3.1231054687500004,3.9374121093750003,-7.142857142857143,15.686274509803923,-37.18487394957983
15.135,IMU0,3.4871484375,3.075205078125,-1.7339941406250001,-9.243697478991598,21.42857142857143,-39.70588235294118
15.145,IMU0,1.906435546875,3.00814453125,-1.9926562500000002,-5.882352941176471,24.859943977591037,-36.904761904761905
15.155,IMU0,-3.0273046875,2.634521484375,3.113525390625,-5.322128851540617,26.610644257703083,-36.83473389355743
15.165,IMU0,5.2115625,3.2189062500000003,-3.1326855468750003,-5.6722689075630255,27.521008403361346,-38.93557422969188
15.175,IMU0,-0.5269042968750001,2.6632617187500003,0.10538085937500001,-2.73109243697479,26.750700280112046,-35.7843137254902
15.185,IMU0,-0.680185546875,2.7494824218750002,1.302890625,-1.680672268907563,28.221288515406165,-37.18487394957983
15.195,IMU0,4.282294921875001,2.9698242187500004,-3.745810546875,-1.680672268907563,28.641456582633054,-37.324929971988794
15.205,IMU0,-1.4849121093750002,2.5674609375000004,1.714833984375,1.6106442577030813,28.151260504201684,-34.943977591036415
15.215,IMU0,2.117197265625,2.9027636718750003,0.277822265625,1.050420168067227,30.11204481792717,-36.83473389355743
15.225,IMU0,3.0656250000000003,3.1518457031250002,-3.23806640625,2.170868347338936,31.022408963585434,-35.22408963585434
15.235,IMU0,-1.3412109375,3.35302734375,1.7627343750000002,3.991596638655462,32.913165266106446,-33.68347338935575
15.245,IMU0,5.278623046875,4.5409570312500005,-1.0921289062500001,3.431372549019608,37.39495798319328,-34.173669467787114
15.255,IMU0,0.15328125,4.368515625000001,-2.54830078125,5.392156862745098,46.63865546218488,-31.862745098039216
15.265,IMU0,5.182822265625,4.847519531250001,1.6477734375000002,7.563025210084034,57.84313725490196,-31.51260504201681
15.275,IMU0,3.2093261718750004,5.920488281250001,-3.0560449218750003,7.212885154061625,70.93837535014006,-28.43137254901961
15.285,IMU0,1.465751953125,5.307363281250001,-1.159189453125,9.663865546218489,85.7843137254902,-27.73109243697479
15.295,IMU0,7.338339843750001,5.000800781250001,2.24173828125,11.134453781512606,98.52941176470588,-26.96078431372549
15.305,IMU0,0.680185546875,4.7900390625,-2.9889843750000002,10.784313725490197,108.4733893557423,-22.969187675070028
15.315,IMU0,2.7303222656250004,4.44515625,0.38320312500000003,13.305322128851541,115.05602240896359,-22.689075630252102
15.325,IMU0,3.9086718750000005,3.650009765625,1.8393750000000002,13.725490196078432,120.7983193277311,-21.07843137254902
15.335,IMU0,1.504072265625,3.7553906250000004,-1.62861328125,14.215686274509805,123.8795518207283,-18.347338935574232
15.345,IMU0,4.3301953125,4.397255859375,0.7664062500000001,16.246498599439775,126.89075630252101,-16.876750700280112
15.355,IMU0,4.435576171875001,4.608017578125001,1.8010546875000002,16.38655462184874,130.812324929972,-14.005602240896359
15.365,IMU0,2.16509765625,5.527705078125001,-1.149609375,16.666666666666668,137.04481792717087,-11.69467787114846
15.375,IMU0,6.34201171875,4.96248046875,2.845283203125,18.487394957983195,143.4173669467787,-11.064425770308123
15.385,IMU0,1.9160156250000002,4.847519531250001,0.5843847656250001,18.27731092436975,147.3389355742297,-7.843137254901961
15.395,IMU0,2.289638671875,4.46431640625,-0.6610253906250001,19.257703081232496,149.08963585434174,-6.652661064425771
15.405,IMU0,4.5984375,3.6404296875,3.975732421875,19.95798319327731,150.8403361344538,-4.481792717086835
15.415,IMU0,1.197509765625,3.8607714843750003,0.9196875000000001,18.907563025210084,151.54061624649862,-1.6106442577030813
15.425,IMU0,3.400927734375,4.588857421875001,0.9196875000000001,18.627450980392158,149.6498599439776,-0.7703081232492998
15.435,IMU0,2.7207421875,5.527705078125001,3.247646484375,19.047619047619047,148.109243697479,2.2408963585434174
15.445,IMU0,2.3279589843750004,6.34201171875,1.4849121093750002,18.417366946778714,147.2689075630252,3.431372549019608
15.455,IMU0,4.1481738281250005,6.7060546875,2.8931835937500003,18.837535014005603,144.11764705882354,4.341736694677872
15.465,IMU0,1.8106347656250001,6.552773437500001,3.31470703125,17.92717086834734,139.14565826330534,6.862745098039216
15.475,IMU0,2.0213964843750003,6.3707519531250005,1.302890625,17.717086834733895,133.33333333333334,7.352941176470589
15.485,IMU0,2.059716796875,5.786367187500001,3.5925292968750004,17.50700280112045,125.28011204481793,8.753501400560225
15.495,IMU0,0.162861328125,5.546865234375001,2.54830078125,15.756302521008404,118.76750700280112,10.224089635854343
15.505,IMU0,1.6860937500000002,5.201982421875,1.082548828125,15.406162464985995,113.37535014005603,10.57422969187675
15.515,IMU0,2.8836035156250004,5.288203125000001,4.6271777343750005,16.38655462184874,104.41176470588236,11.554621848739496
15.525,IMU0,-0.37362304687500003,4.588857421875001,3.266806640625,9.663865546218489,66.80672268907563,28.0812324929972
15.535,IMU0,1.714833984375,7.692802734375,-0.9963281250000001,13.445378151260504,31.232492997198882,11.484593837535014
15.545,IMU0,20.003203125000002,4.828359375000001,12.396621093750001,14.075630252100842,27.591036414565828,20.938375350140056
15.555,IMU0,-40.648271484375,7.0892578125000005,-3.58294921875,4.761904761904762,20.238095238095237,41.246498599439775
15.565,IMU0,25.071064453125,7.357500000000001,7.280859375,13.725490196078432,8.263305322128852,5.8123249299719895
15.575,IMU0,16.07537109375,7.788603515625001,5.805527343750001,6.022408963585434,-4.551820728291316,28.8515406162465
15.585,IMU0,-40.427929687500004,8.83283203125,-3.554208984375,2.8711484593837535,-22.058823529411764,35.294117647058826
15.595,IMU0,30.407167968750002,7.338339843750001,14.887441406250002,11.624649859943979,-39.14565826330532,5.8123249299719895
15.605,IMU0,1.36037109375,8.37298828125,2.16509765625,0.4901960784313726,-58.05322128851541,32.703081232493
15.615,IMU0,-27.293642578125002,7.846083984375,-2.5099804687500002,2.450980392156863,-77.52100840336135,25.630252100840337
15.625,IMU0,31.077773437500003,5.84384765625,12.72234375,7.282913165266106,-94.18767507002802,8.543417366946779
15.635,IMU0,-14.944921875,6.284531250000001,0.5269042968750001,-0.9103641456582633,-110.99439775910365,33.68347338935575
15.645,IMU0,-10.55724609375,5.03912109375,1.2549902343750001,2.9411764705882355,-124.2296918767507,16.80672268907563
15.655,IMU0,25.942851562500003,4.73255859375,8.919052734375,2.801120448179272,-137.2549019607843,13.305322128851541
15.665,IMU0,-23.844814453125,4.991220703125,-1.22625,-1.7507002801120448,-151.40056022408965,31.65266106442577
15.675,IMU0,3.73623046875,4.991220703125,-1.22625,-1.7507002801120448,-151.40056022408965,31.65266106442577
15.685,IMU0,3.73623046875,4.6271777343750005,5.11576171875,2.100840336134454,-164.77591036414566,10.154061624649861
15.695,IMU0,16.678916015625003,4.857099609375,6.3707519531250005,0.8403361344537815,-178.78151260504202,17.15686274509804
15.705,IMU0,-26.441015625000002,5.374423828125001,2.596201171875,-1.400560224089636,-197.12885154061627,26.190476190476193
15.715,IMU0,14.2934765625,5.288203125000001,8.085585937500001,1.5406162464985995,-216.80672268907563,5.742296918767507
15.725,IMU0,5.939648437500001,7.031777343750001,6.121669921875,-1.8207282913165266,-241.38655462184875,18.977591036414566
15.735,IMU0,-20.338505859375,6.22705078125,8.02810546875,-1.8207282913165266,-271.42857142857144,17.857142857142858
15.745,IMU0,18.058447265625002,6.68689453125,8.152646484375001,-2.030812324929972,-301.5406162464986,3.361344537815126
15.755,IMU0,-5.355263671875,6.102509765625,7.271279296875001,-2.3109243697478994,-330.6022408963586,17.787114845938376
15.765,IMU0,-9.40763671875,5.2498828125,9.570498046875,-2.380952380952381,-355.18207282913164,9.453781512605042
15.775,IMU0,16.065791015625003,5.767207031250001,3.0656250000000003,-4.131652661064426,-376.9607843137255,4.201680672268908
15.785,IMU0,-12.731923828125002,5.163662109375,8.871152343750001,-1.5406162464985995,-399.3697478991597,15.336134453781513
15.795,IMU0,0.28740234375,4.588857421875001,10.126142578125,-2.73109243697479,-419.11764705882354,3.5014005602240896
15.805,IMU0,9.8483203125,6.092929687500001,1.7244140625000002,-6.442577030812325,-438.30532212885157,5.8123249299719895
15.815,IMU0,-13.220507812500001,4.77087890625,12.28166015625,-1.3305322128851542,-459.3137254901961,10.994397759103641
15.825,IMU0,5.278623046875,5.451064453125,7.9802050781250005,-6.512605042016807,-478.36134453781517,0.8403361344537815
15.835,IMU0,3.0273046875,6.03544921875,2.47166015625,-5.9523809523809526,-498.5294117647059,6.302521008403362
15.845,IMU0,-7.836503906250001,4.349355468750001,16.161591796875,-1.5406162464985995,-517.8571428571429,5.8123249299719895
15.855,IMU0,6.524033203125001,6.562353515625,2.9123437500000002,-9.943977591036415,-534.0336134453781,0.9103641456582633
15.865,IMU0,-2.845283203125,5.297783203125,4.550537109375,-3.781512605042017,-550.140056022409,6.022408963585434
15.875,IMU0,-0.55564453125,4.722978515625,17.22498046875,-3.2212885154061626,-563.655462184874,2.380952380952381
15.885,IMU0,4.847519531250001,6.207890625,-1.2933105468750001,-10.294117647058824,-573.4593837535015,3.151260504201681
15.895,IMU0,-4.3014550781250005,4.981640625000001,8.842412109375001,-2.2408963585434174,-583.3333333333334,5.322128851540617
15.905,IMU0,3.8703515625000002,5.03912109375,12.339140625,-5.042016806722689,-587.6050420168068,2.380952380952381
15.915,IMU0,-0.699345703125,6.581513671875,-3.7745507812500003,-7.983193277310924,-589.7759103641457,6.23249299719888
15.925,IMU0,-0.5843847656250001,5.42232421875,11.831396484375,-0.2801120448179272,-591.4565826330532,4.341736694677872
15.935,IMU0,4.27271484375,6.092929687500001,6.6964746093750005,-5.8123249299719895,-591.1764705882354,4.831932773109244
15.945,IMU0,-4.291875,7.070097656250001,-1.1687695312500002,-4.131652661064426,-590.1260504201681,7.983193277310924
15.955,IMU0,3.6308496093750002,5.920488281250001,11.879296875000001,0.700280112044818,-589.0756302521008,3.991596638655462
15.965,IMU0,2.8836035156250004,7.137158203125001,3.036884765625,-4.481792717086835,-588.1652661064426,8.053221288515406
15.975,IMU0,-11.24701171875,3.6404296875,17.407001953125,-15.686274509803923,-604.6218487394958,3.2212885154061626
15.985,IMU0,30.732890625000003,12.157119140625001,-43.867177734375005,-5.392156862745098,-612.4649859943978,-3.8515406162464987
15.995,IMU0,-18.24046875,0.6610253906250001,77.665693359375,14.84593837535014,-627.3809523809524,15.686274509803923
16.005,IMU0,-3.7553906250000004,7.711962890625,-28.91267578125,-45.23809523809524,-625.280112044818,3.8515406162464987
16.015,IMU0,17.368681640625002,7.616162109375001,-22.331162109375,0.4901960784313726,-635.9243697478992,2.100840336134454
16.025,IMU0,-1.70525390625,0.24908203125000003,69.503466796875,10.084033613445378,-644.7478991596639,15.756302521008404
16.035,IMU0,-13.967753906250001,9.972861328125001,-36.73001953125,-37.81512605042017,-637.2549019607843,17.787114845938376
16.045,IMU0,16.19033203125,8.746611328125,-4.96248046875,8.543417366946779,-635.8543417366947,4.761904761904762
16.055,IMU0,12.013417968750002,4.31103515625,53.43767578125,8.823529411764707,-628.5014005602242,19.047619047619047
16.065,IMU0,-24.400458984375003,10.260263671875,-32.696806640625,-24.439775910364148,-618.0672268907563,26.820728291316527
16.075,IMU0,26.354794921875,8.507109375,7.213798828125,15.546218487394958,-608.7535014005603,6.512605042016807
16.085,IMU0,12.003837890625,7.826923828125,36.385136718750005,5.392156862745098,-593.8375350140057,30.32212885154062
16.095,IMU0,-24.821982421875003,13.891113281250002,-25.128544921875,-13.725490196078432,-574.1596638655462,34.80392156862745
16.105,IMU0,35.302587890625006,9.627978515625001,13.325888671875001,21.218487394957982,-559.3137254901961,9.803921568627452
16.115,IMU0,4.378095703125,7.529941406250001,21.363574218750003,10.784313725490197,-542.5070028011205,37.11484593837535
16.125,IMU0,-25.051904296875,8.1622265625,-18.748212890625002,3.2212885154061626,-526.9607843137255,33.05322128851541
16.135,IMU0,33.645234375,3.573369140625,12.24333984375,25.980392156862745,-516.1764705882354,14.915966386554622
16.145,IMU0,-7.280859375,3.5925292968750004,13.871953125000001,16.946778711484594,-507.843137254902,43.207282913165265
16.155,IMU0,-20.549267578125,3.8416113281250004,-13.85279296875,15.966386554621849,-499.5098039215687,28.92156862745098
16.165,IMU0,31.738798828125002,3.5925292968750004,8.037685546875,28.92156862745098,-497.19887955182077,18.347338935574232
16.175,IMU0,-18.79611328125,2.682421875,11.18953125,25,-493.69747899159665,40.96638655462185
16.185,IMU0,-6.332431640625001,4.46431640625,-9.302255859375,23.249299719887958,-486.9047619047619,20.448179271708685
16.195,IMU0,29.094697265625,5.07744140625,2.711162109375,33.96358543417367,-480.25210084033614,19.39775910364146
16.205,IMU0,-21.59349609375,5.42232421875,10.873388671875,32.35294117647059,-468.2072829131653,38.79551820728292
16.215,IMU0,3.1326855468750003,6.112089843750001,-7.117998046875001,30.602240896358545,-443.8375350140056,13.865546218487395
16.225,IMU0,21.171972656250002,5.958808593750001,-1.427431640625,39.21568627450981,-427.3809523809524,18.067226890756302
16.235,IMU0,-17.1675,3.9469921875000002,12.214599609375,39.49579831932773,-413.09523809523813,29.481792717086837
16.245,IMU0,11.783496093750001,6.830595703125001,-8.430468750000001,33.82352941176471,-396.07843137254906,13.725490196078432
16.255,IMU0,8.286767578125001,5.987548828125,0.3065625,43.207282913165265,-376.2605042016807,20.72829131652661
16.265,IMU0,-13.488750000000001,4.80919921875,10.509345703125001,41.87675070028011,-356.0924369747899,22.829131652661065
16.275,IMU0,13.977333984375,5.6522460937500005,-10.164462890625,38.72549019607843,-337.3949579831933,10.294117647058824
16.285,IMU0,2.366279296875,4.033212890625,3.7841308593750003,46.98879551820728,-326.1904761904762,19.88795518207283
16.295,IMU0,-7.4724609375,3.5925292968750004,7.309599609375001,41.87675070028011,-316.8767507002801,17.92717086834734
16.305,IMU0,8.8519921875,5.134921875000001,-11.084150390625,38.51540616246499,-306.0924369747899,11.834733893557424
16.315,IMU0,0.296982421875,3.3817675781250003,7.462880859375001,47.26890756302521,-297.2689075630252,16.666666666666668
16.325,IMU0,-1.70525390625,4.416416015625,1.1112890625,40.616246498599445,-285.7843137254902,14.42577030812325
16.335,IMU0,6.265371093750001,5.23072265625,-11.045830078125,41.596638655462186,-271.49859943977594,11.344537815126051
16.345,IMU0,-0.3065625,3.6691699218750005,8.737031250000001,49.089635854341736,-262.8851540616247,14.705882352941178
16.355,IMU0,0.8047265625000001,4.608017578125001,-2.4333398437500002,41.036414565826334,-251.26050420168067,12.114845938375352
16.365,IMU0,3.2284863281250002,5.5851855468750005,-8.516689453125,43.8375350140056,-239.07563025210086,12.46498599439776
16.375,IMU0,-0.737666015625,5.048701171875,6.80185546875,47.89915966386555,-222.2689075630252,14.005602240896359
16.385,IMU0,2.9123437500000002,6.4761328125,-8.296347656250001,40.056022408963585,-198.80952380952382,12.324929971988796
16.395,IMU0,3.73623046875,7.529941406250001,-8.200546875,45.30812324929972,-172.61904761904762,14.355742296918768
16.405,IMU0,1.140029296875,7.0126171875,2.70158203125,46.358543417366946,-136.76470588235296,17.016806722689076
16.415,IMU0,4.61759765625,8.8903125,-14.12103515625,41.596638655462186,-98.03921568627452,18.067226890756302
16.425,IMU0,2.2513183593750004,7.664062500000001,-4.2535546875,47.89915966386555,-58.05322128851541,20.238095238095237
16.435,IMU0,2.6441015625000004,6.7060546875,1.07296875,44.957983193277315,-23.459383753501402,22.61904761904762
16.445,IMU0,1.8106347656250001,6.6964746093750005,-9.40763671875,41.806722689075634,3.641456582633053,25
16.455,IMU0,3.4105078125,5.805527343750001,0.814306640625,46.77871148459384,24.789915966386555,27.73109243697479
16.465,IMU0,1.85853515625,6.18873046875,-0.36404296875000003,41.66666666666667,44.11764705882353,30.672268907563026
16.475,IMU0,3.58294921875,6.868916015625,-7.290439453125001,40.26610644257703,66.80672268907563,33.19327731092437
16.485,IMU0,3.9948925781250004,6.514453125,2.212998046875,42.226890756302524,85.71428571428572,36.34453781512605
16.495,IMU0,4.11943359375,7.443720703125001,-3.036884765625,36.134453781512605,104.90196078431373,39.42577030812325
16.505,IMU0,4.92416015625,7.587421875,-3.9278320312500004,36.134453781512605,122.82913165266108,42.226890756302524
16.515,IMU0,3.879931640625,7.098837890625,3.6021093750000004,34.80392156862745,142.85714285714286,45.79831932773109
16.525,IMU0,4.569697265625,7.386240234375,-2.835703125,28.011204481792717,158.1232492997199,48.73949579831933
16.535,IMU0,3.9469921875000002,6.974296875,-1.5615527343750002,27.941176470588236,167.0168067226891,51.12044817927171
16.545,IMU0,5.26904296875,6.236630859375,4.531376953125,24.299719887955185,174.43977591036415,53.78151260504202
16.555,IMU0,3.9469921875000002,7.0892578125000005,-2.864443359375,18.417366946778714,181.51260504201682,56.44257703081233
16.565,IMU0,2.864443359375,6.945556640625001,1.5232324218750002,17.647058823529413,186.90476190476193,58.40336134453782
16.575,IMU0,3.496728515625,7.683222656250001,4.033212890625,12.46498599439776,192.08683473389357,59.87394957983194
16.585,IMU0,4.876259765625,8.286767578125001,-1.542392578125,7.282913165266106,194.32773109243698,60.504201680672274
16.595,IMU0,2.921923828125,8.382568359375,4.703818359375,5.742296918767507,191.73669467787116,62.04481792717087
16.605,IMU0,2.62494140625,8.095166015625,3.5637890625,-0.9103641456582633,187.3249299719888,61.20448179271709
16.615,IMU0,5.1732421875000005,8.382568359375,0.48858398437500006,-5.9523809523809526,178.78151260504202,60.36414565826331
16.625,IMU0,1.1304492187500002,8.02810546875,6.916816406250001,-7.002801120448179,168.8375350140056,61.20448179271709
16.635,IMU0,0.5077441406250001,8.2771875,0.890947265625,-14.005602240896359,157.84313725490196,58.4733893557423
16.645,IMU0,4.57927734375,7.577841796875001,2.7590625,-14.985994397759104,144.39775910364148,56.09243697478992
16.655,IMU0,0.009580078125,5.968388671875,7.3191796875,-18.207282913165265,130.0420168067227,55.67226890756303
16.665,IMU0,0.36404296875000003,6.294111328125,-2.615361328125,-24.50980392156863,118.69747899159664,52.17086834733894
16.675,IMU0,2.5866210937500003,5.278623046875,4.914580078125001,-23.179271708683473,105.95238095238096,49.299719887955185
16.685,IMU0,-2.5099804687500002,5.719306640625001,4.3014550781250005,-28.781512605042018,95.44817927170868,48.59943977591037
16.695,IMU0,0.21076171875000002,7.683222656250001,-4.349355468750001,-32.00280112044818,84.10364145658264,43.13725490196079
16.705,IMU0,2.442919921875,6.68689453125,6.409072265625,-29.20168067226891,67.71708683473389,40.54621848739496
16.715,IMU0,-3.266806640625,7.664062500000001,-1.465751953125,-36.20448179271709,46.28851540616247,38.79551820728292
16.725,IMU0,1.9543359375000002,7.050937500000001,0.09580078125000001,-34.38375350140056,24.369747899159666,33.54341736694678
16.735,IMU0,0.9580078125000001,6.64857421875,6.3707519531250005,-34.943977591036415,7.072829131652662,32.703081232493
16.745,IMU0,-1.6956738281250001,8.018525390625001,-1.8776953125000002,-39.00560224089636,-12.394957983193278,29.901960784313726
16.755,IMU0,2.1746777343750003,8.41130859375,4.61759765625,-37.254901960784316,-36.76470588235294,26.610644257703083
16.765,IMU0,-0.7280859375000001,8.10474609375,5.57560546875,-39.635854341736696,-64.35574229691878,25
16.775,IMU0,1.178349609375,7.8939843750000005,1.101708984375,-40.75630252100841,-92.71708683473389,21.288515406162468
16.785,IMU0,2.0980371093750003,6.466552734375,4.608017578125001,-39.98599439775911,-118.69747899159664,19.817927170868348
16.795,IMU0,-0.44068359375000005,4.981640625000001,4.31103515625,-42.64705882352941,-135.15406162464987,19.46778711484594
16.805,IMU0,2.8836035156250004,4.722978515625,1.389111328125,-43.8375350140056,-145.23809523809524,17.086834733893557
16.815,IMU0,2.7973828125,4.569697265625,7.3191796875,-43.62745098039216,-152.24089635854344,17.57703081232493
16.825,IMU0,-0.13412109375,5.7384667968750005,1.4944921875000001,-47.47899159663866,-158.26330532212887,17.99719887955182
16.835,IMU0,3.4871484375,5.4989648437500005,3.6116894531250003,-45.79831932773109,-165.47619047619048,15.826330532212886
16.845,IMU0,3.4871484375,5.4989648437500005,3.6116894531250003,-45.79831932773109,-165.47619047619048,15.826330532212886
16.855,IMU0,1.0538085937500001,5.786367187500001,6.744375000000001,-47.40896358543418,-171.42857142857144,17.366946778711487
16.865,IMU0,-0.38320312500000003,6.447392578125,-0.5077441406250001,-50.21008403361345,-179.2717086834734,16.03641456582633
16.875,IMU0,4.6942382812500005,6.437812500000001,5.910908203125,-47.338935574229694,-190.12605042016807,14.42577030812325
16.885,IMU0,-1.5998730468750002,6.351591796875001,4.512216796875,-50.56022408963586,-201.47058823529412,16.31652661064426
16.895,IMU0,-1.2454101562500002,7.280859375,-1.89685546875,-51.260504201680675,-216.66666666666669,13.865546218487395
16.905,IMU0,3.3626074218750004,6.102509765625,8.171806640625,-48.529411764705884,-232.91316526610646,12.745098039215687
16.915,IMU0,-9.627978515625001,9.196875,-8.2388671875,-45.86834733893558,-230.53221288515408,8.893557422969188
16.925,IMU0,16.49689453125,4.042792968750001,33.041689453125,-45.938375350140056,-220.51820728291318,10.854341736694678
16.935,IMU0,-23.892714843750003,7.3287597656250005,-25.732089843750003,-55.67226890756303,-243.76750700280112,12.675070028011206
16.945,IMU0,27.533144531250002,4.703818359375,27.245742187500003,-33.4733893557423,-263.72549019607845,-7.072829131652662
16.955,IMU0,-8.5454296875,5.987548828125,-0.23950195312500003,-61.06442577030813,-279.9719887955182,17.99719887955182
16.965,IMU0,-17.234560546875002,5.700146484375001,-13.919853515625,-50.35014005602241,-289.21568627450984,5.392156862745098
16.975,IMU0,33.520693359375,4.2152343750000005,29.324619140625003,-41.52661064425771,-302.03081232492997,-4.341736694677872
16.985,IMU0,-22.925126953125,6.8593359375,-11.218271484375,-64.42577030812325,-308.8935574229692,22.128851540616246
16.995,IMU0,-4.531376953125,5.9779687500000005,-3.4679882812500002,-49.15966386554622,-321.8487394957983,-0.5602240896358543
17.005,IMU0,28.539052734375,5.5851855468750005,22.503603515625002,-48.59943977591037,-335.7142857142857,2.3109243697478994
17.015,IMU0,-29.698242187500004,7.252119140625,-10.777587890625,-63.79551820728292,-354.76190476190476,22.969187675070028
17.025,IMU0,9.388476562500001,7.4149804687500005,2.404599609375,-49.92997198879552,-379.13165266106444,-2.380952380952381
17.035,IMU0,17.1675,9.426796875,12.463681640625001,-53.78151260504202,-402.3109243697479,11.69467787114846
17.045,IMU0,-35.858232421875,10.471025390625,-6.907236328125,-59.2436974789916,-436.06442577030816,22.198879551820728
17.055,IMU0,18.0488671875,10.221943359375,6.159990234375001,-49.57983193277311,-471.2885154061625,-2.3109243697478994
17.065,IMU0,3.65958984375,9.378896484375,8.71787109375,-51.82072829131653,-508.1932773109244,18.76750700280112
17.075,IMU0,-24.716601562500003,7.9802050781250005,2.921923828125,-52.73109243697479,-537.4649859943978,18.977591036414566
17.085,IMU0,22.532343750000003,8.02810546875,1.274150390625,-51.260504201680675,-559.593837535014,5.882352941176471
17.095,IMU0,-10.471025390625,6.504873046875001,6.888076171875,-47.54901960784314,-580.5322128851541,28.781512605042018
17.105,IMU0,-11.888876953125001,5.067861328125001,5.958808593750001,-47.61904761904762,-591.7366946778711,20.938375350140056
17.115,IMU0,19.955302734375,6.140830078125,-3.5446289062500003,-47.338935574229694,-594.7478991596639,19.39775910364146
17.125,IMU0,-16.15201171875,4.052373046875,10.298583984375,-40.26610644257703,-598.9495798319329,38.095238095238095
17.135,IMU0,-0.48858398437500006,3.8416113281250004,4.1769140625,-42.296918767507,-595.9383753501401,28.011204481792717
17.145,IMU0,11.314072265625,5.930068359375,-6.409072265625,-39.00560224089636,-592.3669467787115,34.38375350140056
17.155,IMU0,-14.916181640625002,4.5601171875,14.418017578125001,-29.6218487394958,-589.0756302521008,44.187675070028014
17.165,IMU0,2.28005859375,8.171806640625,0.929267578125,-36.76470588235294,-586.8347338935574,36.76470588235294
17.175,IMU0,2.2704785156250002,8.06642578125,-4.675078125000001,-25.490196078431374,-588.8655462184875,42.997198879551824
17.185,IMU0,-4.4547363281250005,3.6883300781250004,18.470390625,-15.756302521008404,-594.1176470588235,46.42857142857143
17.195,IMU0,1.4465917968750002,6.792275390625001,-3.8320312500000004,-24.369747899159666,-587.9551820728292,45.728291316526615
17.205,IMU0,-3.1231054687500004,6.64857421875,-1.2933105468750001,-12.88515406162465,-585.0140056022409,49.85994397759104
17.215,IMU0,3.3913476562500002,5.776787109375,18.422490234375,-7.002801120448179,-587.8151260504202,49.36974789915966
17.225,IMU0,-0.929267578125,9.06275390625,-8.02810546875,-13.65546218487395,-592.296918767507,52.801120448179276
17.235,IMU0,-1.0154882812500001,6.658154296875001,6.619833984375,3.011204481792717,-600.2100840336135,51.40056022408964
17.245,IMU0,5.5851855468750005,7.137158203125001,14.667099609375,3.641456582633053,-607.2829131652661,51.5406162464986
17.255,IMU0,-6.2174707031250005,9.206455078125,-9.781259765625,2.5210084033613445,-616.6666666666667,55.74229691876751
17.265,IMU0,4.4547363281250005,5.546865234375001,12.0708984375,19.677871148459385,-622.3389355742297,50.280112044817926
17.275,IMU0,1.3316308593750001,6.447392578125,9.053173828125,15.826330532212886,-617.9971988795519,53.8515406162465
17.285,IMU0,-8.516689453125,6.830595703125001,-5.987548828125,19.18767507002801,-615.6162464985995,53.15126050420168
17.295,IMU0,8.507109375,6.332431640625001,10.2315234375,30.952380952380953,-613.5154061624651,46.148459383753504
17.305,IMU0,-1.9160156250000002,6.792275390625001,5.69056640625,29.6218487394958,-609.8039215686275,51.12044817927171
17.315,IMU0,-7.5012011718750005,7.702382812500001,-0.32572265625,33.753501400560225,-607.6330532212885,46.07843137254902
17.325,IMU0,9.5034375,7.558681640625,12.224179687500001,41.036414565826334,-620.2380952380953,39.14565826330532
17.335,IMU0,-4.9337402343750005,8.9286328125,4.92416015625,39.35574229691877,-633.8935574229693,42.92717086834734
17.345,IMU0,-2.20341796875,8.507109375,6.255791015625,44.6078431372549,-643.0672268907564,35.714285714285715
17.355,IMU0,5.748046875,8.899892578125,9.963281250000001,47.47899159663866,-654.6218487394958,31.51260504201681
17.365,IMU0,-8.612490234375,9.5417578125,6.821015625,47.128851540616246,-667.2268907563025,32.212885154061624
17.375,IMU0,2.12677734375,8.459208984375001,9.216035156250001,51.40056022408964,-680.7422969187676,20.448179271708685
17.385,IMU0,0.910107421875,9.244775390625001,12.128378906250001,51.33053221288515,-684.3837535014006,19.817927170868348
17.395,IMU0,-10.5380859375,8.37298828125,9.359736328125,51.5406162464986,-684.3137254901961,16.666666666666668
17.405,IMU0,3.400927734375,8.698710937500001,10.2315234375,52.030812324929975,-682.4229691876751,6.722689075630252
17.415,IMU0,1.6381933593750002,7.0892578125000005,12.329560546875001,52.66106442577031,-687.0448179271709,6.862745098039216
17.425,IMU0,-7.549101562500001,7.3287597656250005,8.507109375,50.63025210084034,-691.8767507002801,2.6610644257703084
17.435,IMU0,5.288203125000001,6.092929687500001,6.878496093750001,51.680672268907564,-691.0364145658264,-4.831932773109244
17.445,IMU0,-3.190166015625,5.479804687500001,10.423125,51.33053221288515,-691.1064425770309,-2.9411764705882355
17.455,IMU0,-3.5254687500000004,5.010380859375,7.549101562500001,49.36974789915966,-686.4145658263305,-9.313725490196079
17.465,IMU0,4.243974609375,5.460644531250001,5.834267578125,49.36974789915966,-680.952380952381,-13.095238095238097
17.475,IMU0,-4.224814453125,4.972060546875,13.498330078125,49.50980392156863,-674.2997198879552,-12.53501400560224
17.485,IMU0,0.0383203125,5.968388671875,5.949228515625,44.25770308123249,-670.0980392156863,-18.27731092436975
17.495,IMU0,4.722978515625,5.67140625,7.5012011718750005,46.07843137254902,-665.8963585434174,-20.028011204481793
17.505,IMU0,-3.08478515625,3.247646484375,8.535849609375001,47.54901960784314,-661.2745098039215,-21.288515406162468
17.515,IMU0,2.002236328125,3.6212695312500003,2.9123437500000002,42.50700280112045,-657.4229691876751,-23.80952380952381
17.525,IMU0,2.0213964843750003,5.000800781250001,7.405400390625,43.27731092436975,-654.8319327731093,-23.459383753501402
17.535,IMU0,1.025068359375,5.795947265625,10.174042968750001,40.26610644257703,-655.4621848739496,-23.949579831932773
17.545,IMU0,6.6964746093750005,5.805527343750001,5.182822265625,39.285714285714285,-648.6694677871149,-28.291316526610647
17.555,IMU0,3.2763867187500004,4.905,11.716435546875001,39.845938375350144,-641.4565826330532,-27.030812324929972
17.565,IMU0,-1.0921289062500001,4.109853515625001,5.201982421875,36.20448179271709,-631.8627450980392,-28.291316526610647
17.575,IMU0,4.905,3.879931640625,4.416416015625,37.18487394957983,-620.6582633053222,-30.11204481792717
17.585,IMU0,4.493056640625,3.65958984375,10.614726562500001,35.43417366946779,-613.2352941176471,-28.571428571428573
17.595,IMU0,-0.42152343750000004,4.473896484375,3.650009765625,30.32212885154062,-601.9607843137255,-28.991596638655462
17.605,IMU0,6.734794921875,4.991220703125,4.46431640625,31.302521008403364,-587.2549019607843,-31.302521008403364
17.615,IMU0,1.5615527343750002,5.05828125,8.190966796875001,32.212885154061624,-564.4257703081232,-29.20168067226891
17.625,IMU0,0.21076171875000002,4.77087890625,1.178349609375,28.43137254901961,-533.8935574229693,-31.722689075630253
17.635,IMU0,7.702382812500001,5.2115625,0.335302734375,30.04201680672269,-513.0252100840337,-32.07282913165266
17.645,IMU0,0.13412109375,4.320615234375,5.748046875,30.32212885154062,-494.5378151260504,-29.481792717086837
17.655,IMU0,-0.0383203125,6.246210937500001,-3.7841308593750003,27.3109243697479,-469.3977591036415,-31.51260504201681
17.665,IMU0,0.49816406250000006,6.198310546875001,-0.5748046875,31.372549019607845,-437.04481792717087,-32.913165266106446
17.675,IMU0,-2.0309765625000002,6.2174707031250005,3.1997460937500004,30.46218487394958,-402.3809523809524,-31.862745098039216
17.685,IMU0,3.3051269531250003,7.91314453125,-6.332431640625001,28.011204481792717,-368.2773109243698,-34.38375350140056
17.695,IMU0,6.0162890625,8.727451171875,-2.31837890625,32.28291316526611,-332.91316526610643,-31.65266106442577
17.705,IMU0,-0.70892578125,9.005273437500001,0.49816406250000006,30.952380952380953,-301.890756302521,-30.46218487394958
17.715,IMU0,3.1326855468750003,8.8903125,-6.9359765625000005,28.011204481792717,-265.1260504201681,-34.38375350140056
17.725,IMU0,6.916816406250001,10.835068359375,-6.792275390625001,33.61344537815126,-223.4593837535014,-30.32212885154062
17.735,IMU0,-2.6728417968750002,8.612490234375,2.069296875,35.15406162464986,-178.921568627451,-29.341736694677873
17.745,IMU0,4.9433203125,8.823251953125,-8.229287109375,31.722689075630253,-139.14565826330534,-31.932773109243698
17.755,IMU0,5.201982421875,6.897656250000001,-1.657353515625,36.484593837535016,-111.9747899159664,-28.0812324929972
17.765,IMU0,-4.129013671875001,7.242539062500001,2.1938378906250002,36.83473389355743,-86.1344537815126,-26.260504201680675
17.775,IMU0,6.7826953125000005,7.874824218750001,-7.9323046875,34.2436974789916,-54.34173669467788,-29.761904761904763
17.785,IMU0,5.288203125000001,6.7060546875,-0.22992187500000003,43.207282913165265,-24.50980392156863,-22.969187675070028
17.795,IMU0,-5.42232421875,6.025869140625001,2.29921875,38.51540616246499,-12.044817927170868,-23.529411764705884
17.805,IMU0,9.59923828125,6.80185546875,-6.284531250000001,38.37535014005602,5.46218487394958,-26.12044817927171
17.815,IMU0,-3.9853125000000005,6.265371093750001,2.366279296875,46.00840336134454,19.257703081232496,-17.92717086834734
17.825,IMU0,-1.66693359375,6.638994140625001,0.143701171875,38.865546218487395,31.932773109243698,-22.61904761904762
17.835,IMU0,9.829160156250001,7.3287597656250005,-4.090693359375,39.98599439775911,48.109243697478995,-21.498599439775912
17.845,IMU0,-5.2594628906250005,6.591093750000001,5.42232421875,42.226890756302524,61.274509803921575,-14.705882352941178
17.855,IMU0,4.88583984375,7.635322265625001,0.13412109375,37.11484593837535,69.39775910364146,-18.977591036414566
17.865,IMU0,6.351591796875001,8.1622265625,-0.277822265625,41.246498599439775,76.61064425770309,-14.915966386554622
17.875,IMU0,-5.431904296875,7.711962890625,7.64490234375,42.436974789915965,83.82352941176471,-11.834733893557424
17.885,IMU0,7.702382812500001,8.085585937500001,-0.32572265625,38.445378151260506,86.83473389355743,-14.985994397759104
17.895,IMU0,1.619033203125,6.80185546875,1.62861328125,40.826330532212886,84.80392156862746,-9.173669467787116
17.905,IMU0,-0.67060546875,6.753955078125,7.1658984375,39.845938375350144,80.95238095238095,-8.893557422969188
17.915,IMU0,8.267607421875,7.386240234375,2.8931835937500003,36.694677871148464,77.6610644257703,-9.873949579831933
17.925,IMU0,-1.59029296875,9.034013671875,3.96615234375,35.714285714285715,67.22689075630252,-3.151260504201681
17.935,IMU0,-1.55197265625,8.650810546875,8.83283203125,36.20448179271709,51.40056022408964,-7.773109243697479
17.945,IMU0,10.202783203125001,8.976533203125001,5.0966015625,32.142857142857146,37.39495798319328,-7.633053221288516
17.955,IMU0,-7.4149804687500005,8.94779296875,6.18873046875,31.1624649859944,14.985994397759104,-2.450980392156863
17.965,IMU0,3.6308496093750002,7.357500000000001,7.395820312500001,30.952380952380953,-10.364145658263306,-9.803921568627452
17.975,IMU0,4.349355468750001,6.389912109375,5.5851855468750005,28.641456582633054,-31.792717086834735,-6.792717086834735
17.985,IMU0,-7.922724609375001,6.198310546875001,1.9160156250000002,26.190476190476193,-51.82072829131653,-5.8123249299719895
17.995,IMU0,7.185058593750001,1.676513671875,5.05828125,27.24089635854342,-69.6078431372549,-12.114845938375352
18.005,IMU0,-1.4465917968750002,3.6404296875,9.283095703125001,27.24089635854342,-87.53501400560225,-12.114845938375352
18.015,IMU0,-1.4465917968750002,3.6404296875,9.283095703125001,22.899159663865547,-75.98039215686275,-6.23249299719888
18.025,IMU0,-6.351591796875001,7.884404296875,0.086220703125,15.896358543417367,-90.82633053221289,-9.243697478991598
18.035,IMU0,7.434140625,10.2315234375,2.31837890625,16.80672268907563,-125.21008403361346,-14.565826330532213
18.045,IMU0,-3.6787500000000004,6.236630859375,16.832197265625002,21.708683473389357,-166.38655462184875,-10.434173669467787
18.055,IMU0,-5.010380859375,4.991220703125,8.363408203125001,15.896358543417367,-195.3781512605042,-14.915966386554622
18.065,IMU0,3.5925292968750004,7.376660156250001,1.2837304687500002,8.823529411764707,-218.4873949579832,-17.366946778711487
18.075,IMU0,-1.389111328125,6.399492187500001,3.0656250000000003,10.084033613445378,-247.89915966386556,-15.126050420168069
18.085,IMU0,-0.335302734375,4.6942382812500005,11.927197265625,11.27450980392157,-272.3389355742297,-19.817927170868348
18.095,IMU0,2.4333398437500002,4.186494140625,6.03544921875,4.411764705882353,-291.31652661064425,-19.047619047619047
18.105,IMU0,-6.571933593750001,4.905,3.5254687500000004,1.400560224089636,-307.00280112044817,-17.086834733893557
18.115,IMU0,4.502636718750001,4.876259765625,7.64490234375,0.4901960784313726,-324.6498599439776,-22.268907563025213
18.125,IMU0,1.657353515625,4.857099609375,5.38400390625,-3.9215686274509807,-345.7983193277311,-18.837535014005603
18.135,IMU0,-5.642666015625,4.8666796875000005,6.667734375,-4.971988795518207,-367.2268907563025,-18.417366946778714
18.145,IMU0,5.221142578125001,4.186494140625,8.353828125,-7.142857142857143,-383.8935574229692,-21.288515406162468
18.155,IMU0,-1.59029296875,4.569697265625,3.190166015625,-10.014005602240896,-397.54901960784315,-16.666666666666668
18.165,IMU0,-1.3316308593750001,3.9182519531250004,5.69056640625,-10.854341736694678,-410.0140056022409,-17.857142857142858
18.175,IMU0,4.981640625000001,3.726650390625,5.834267578125,-13.935574229691877,-418.4173669467787,-17.22689075630252
18.185,IMU0,-3.9469921875000002,3.9374121093750003,3.726650390625,-15.546218487394958,-425.0700280112045,-12.745098039215687
18.195,IMU0,2.12677734375,4.23439453125,6.0641894531250005,-16.876750700280112,-433.61344537815125,-14.005602240896359
18.205,IMU0,3.1326855468750003,4.416416015625,5.69056640625,-19.11764705882353,-443.4873949579832,-10.784313725490197
18.215,IMU0,-1.868115234375,4.972060546875,6.792275390625001,-19.95798319327731,-453.2913165266107,-7.843137254901961
18.225,IMU0,4.339775390625,5.1732421875000005,7.127578125,-20.938375350140056,-460.6442577030813,-7.913165266106443
18.235,IMU0,0.814306640625,5.125341796875,6.99345703125,-21.35854341736695,-467.57703081232495,-2.9411764705882355
18.245,IMU0,-0.143701171875,4.92416015625,6.8497558593750005,-20.308123249299722,-473.3893557422969,-1.9607843137254903
18.255,IMU0,5.1732421875000005,5.144501953125,7.185058593750001,-22.268907563025213,-478.5714285714286,0.4901960784313726
18.265,IMU0,0.143701171875,5.1061816406250005,4.655917968750001,-21.288515406162468,-483.1932773109244,5.46218487394958
18.275,IMU0,2.117197265625,4.665498046875,7.3191796875,-20.098039215686274,-486.764705882353,6.0924369747899165
18.285,IMU0,4.196074218750001,5.4031640625,5.3456835937500005,-21.218487394957982,-487.7450980392157,9.73389355742297
18.295,IMU0,-1.4082714843750002,5.795947265625,5.795947265625,-20.028011204481793,-486.764705882353,13.935574229691877
18.305,IMU0,5.518125,6.4569726562500005,6.964716796875001,-18.137254901960784,-483.82352941176475,14.355742296918768
18.315,IMU0,4.4068359375,6.878496093750001,6.926396484375,-17.296918767507005,-478.01120448179273,18.837535014005603
18.325,IMU0,2.212998046875,7.309599609375001,5.949228515625,-14.355742296918768,-470.1680672268908,21.288515406162468
18.335,IMU0,6.80185546875,7.050937500000001,6.447392578125,-12.605042016806724,-461.48459383753504,22.899159663865547
18.345,IMU0,3.7553906250000004,7.711962890625,6.7060546875,-10.854341736694678,-450.91036414565826,27.66106442577031
18.355,IMU0,3.6212695312500003,8.047265625,5.8246875000000005,-10.434173669467787,-439.9859943977591,28.991596638655462
18.365,IMU0,8.689130859375,8.085585937500001,6.619833984375,-7.983193277310924,-426.40056022408965,31.092436974789916
18.375,IMU0,4.014052734375,8.507109375,6.332431640625001,-5.46218487394958,-410.5042016806723,35.15406162464986
18.385,IMU0,4.44515625,8.823251953125,5.604345703125,-5.112044817927171,-395.5182072829132,36.20448179271709
18.395,IMU0,8.123906250000001,9.263935546875,5.872587890625001,-1.8907563025210086,-380.1120448179272,37.254901960784316
18.405,IMU0,7.91314453125,8.602910156250001,7.3191796875,1.1204481792717087,-363.09523809523813,40.33613445378151
18.415,IMU0,2.8261230468750003,8.746611328125,4.77087890625,3.151260504201681,-351.5406162464986,41.596638655462186
18.425,IMU0,4.972060546875,8.555009765625,5.03912109375,3.151260504201681,-341.2464985994398,41.87675070028011
18.435,IMU0,3.0656250000000003,8.344248046875,5.36484375,6.792717086834735,-327.17086834733897,43.90756302521009
18.445,IMU0,2.3375390625000003,7.8939843750000005,4.952900390625,7.072829131652662,-313.30532212885157,43.27731092436975
18.455,IMU0,3.7937109375,7.49162109375,2.6441015625000004,7.212885154061625,-300.21008403361344,42.226890756302524
18.465,IMU0,1.0538085937500001,7.271279296875001,4.972060546875,9.243697478991598,-290.26610644257704,43.417366946778714
18.475,IMU0,0.11496093750000001,6.658154296875001,5.2594628906250005,11.134453781512606,-275.5602240896359,42.016806722689076
18.485,IMU0,3.2284863281250002,7.1658984375,2.538720703125,9.593837535014005,-267.8571428571429,40.54621848739496
18.495,IMU0,1.657353515625,5.99712890625,6.332431640625001,10.434173669467787,-262.46498599439775,40.89635854341737
18.505,IMU0,2.3375390625000003,6.868916015625,6.418652343750001,14.775910364145659,-252.8011204481793,37.39495798319328
18.515,IMU0,3.4392480468750004,6.715634765625,2.9794042968750003,16.596638655462186,-237.67507002801122,37.885154061624654
18.525,IMU0,-0.21076171875000002,5.566025390625001,6.600673828125,12.53501400560224,-242.3669467787115,36.5546218487395
18.535,IMU0,2.8069628906250004,5.987548828125,3.2763867187500004,10.154061624649861,-243.9075630252101,33.19327731092437
18.545,IMU0,0.48858398437500006,6.437812500000001,0.6610253906250001,7.913165266106443,-247.19887955182074,32.35294117647059
18.555,IMU0,-3.8703515625000002,6.64857421875,7.117998046875001,11.414565826330533,-248.24929971988797,30.32212885154062
18.565,IMU0,6.399492187500001,6.80185546875,5.240302734375001,8.61344537815126,-240.47619047619048,26.820728291316527
18.575,IMU0,-0.8813671875000001,7.10841796875,3.7170703125,8.123249299719888,-236.55462184873952,28.43137254901961
18.585,IMU0,2.35669921875,6.80185546875,9.302255859375,8.61344537815126,-242.15686274509804,23.459383753501402
18.595,IMU0,6.1695703125,7.117998046875001,5.8630078125,3.8515406162464987,-244.39775910364148,22.899159663865547
18.605,IMU0,-4.033212890625,7.223378906250001,3.5254687500000004,3.9215686274509807,-244.6778711484594,23.669467787114847
18.615,IMU0,5.949228515625,6.916816406250001,9.71419921875,0.5602240896358543,-244.88795518207283,17.22689075630252
18.625,IMU0,6.792275390625001,6.591093750000001,2.24173828125,-0.700280112044818,-239.56582633053222,20.518207282913167
18.635,IMU0,-4.75171875,6.68689453125,5.087021484375001,-0.9103641456582633,-243.76750700280112,21.288515406162468
18.645,IMU0,14.418017578125001,5.029541015625,8.401728515625,-0.9103641456582633,-253.29131652661064,13.935574229691877
18.655,IMU0,0.162861328125,6.284531250000001,0.814306640625,-6.862745098039216,-262.3249299719888,22.128851540616246
18.665,IMU0,0.8047265625000001,6.313271484375001,5.2594628906250005,-4.971988795518207,-271.1484593837535,16.876750700280112
18.675,IMU0,10.7296875,7.271279296875001,4.895419921875001,-11.134453781512606,-275.7002801120448,17.296918767507005
18.685,IMU0,-2.529140625,5.72888671875,1.9351757812500001,-9.873949579831933,-279.83193277310926,20.378151260504204
18.695,IMU0,6.811435546875001,5.872587890625001,5.7384667968750005,-11.064425770308123,-285.0840336134454,15.056022408963585
18.705,IMU0,6.734794921875,5.69056640625,0.24908203125000003,-15.896358543417367,-282.91316526610643,19.677871148459385
18.715,IMU0,-2.7207421875,5.968388671875,1.542392578125,-14.42577030812325,-280.672268907563,21.988795518207283
18.725,IMU0,12.731923828125002,6.179150390625001,6.3228515625,-13.58543417366947,-281.1624649859944,17.366946778711487
18.735,IMU0,4.15775390625,6.112089843750001,0.8622070312500001,-17.857142857142858,-283.61344537815125,24.649859943977592
18.745,IMU0,-0.47900390625000006,6.34201171875,2.16509765625,-15.826330532212886,-289.3557422969188,23.179271708683473
18.755,IMU0,15.931669921875,6.3228515625,4.57927734375,-16.876750700280112,-295.0280112044818,21.35854341736695
18.765,IMU0,-3.190166015625,6.80185546875,0.335302734375,-21.708683473389357,-302.59103641456585,31.232492997198882
18.775,IMU0,5.479804687500001,7.443720703125001,6.658154296875001,-19.677871148459385,-311.1344537815126,27.030812324929972
18.785,IMU0,10.480605468750001,5.767207031250001,1.7723144531250001,-20.168067226890756,-324.85994397759106,26.47058823529412
18.795,IMU0,-0.6035449218750001,4.071533203125,2.711162109375,-19.257703081232496,-331.3025210084034,31.862745098039216
18.805,IMU0,2.529140625,5.2594628906250005,3.9086718750000005,-21.988795518207283,-335.0140056022409,33.333333333333336
18.815,IMU0,10.86380859375,9.034013671875,-0.45984375000000005,-21.708683473389357,-335.8543417366947,37.60504201680673
18.825,IMU0,0.335302734375,7.30001953125,2.6441015625000004,-17.43697478991597,-329.6218487394958,37.39495798319328
18.835,IMU0,11.745175781250001,7.347919921875,-2.596201171875,-19.46778711484594,-326.40056022408965,36.06442577030813
18.845,IMU0,3.4871484375,8.210126953125,1.868115234375,-18.207282913165265,-325.21008403361344,46.498599439775916
18.855,IMU0,1.312470703125,7.846083984375,-0.871787109375,-16.80672268907563,-316.6666666666667,45.30812324929972
18.865,IMU0,15.634687500000002,8.67955078125,-1.82021484375,-17.22689075630252,-306.02240896358546,45.58823529411765
18.875,IMU0,-3.1039453125,9.120234375,-1.7339941406250001,-14.215686274509805,-297.19887955182077,54.6218487394958
18.885,IMU0,5.6522460937500005,8.555009765625,2.77822265625,-11.27450980392157,-284.87394957983196,49.57983193277311
18.895,IMU0,12.51158203125,10.135722656250001,-5.566025390625001,-11.414565826330533,-267.7170868347339,54.97198879551821
18.905,IMU0,-4.80919921875,10.25068359375,-0.852626953125,-7.212885154061625,-249.15966386554624,61.20448179271709
18.915,IMU0,8.98611328125,10.193203125,-4.033212890625,-8.053221288515406,-229.2717086834734,55.88235294117647
18.925,IMU0,7.30001953125,10.068662109375001,-6.1312500000000005,-4.621848739495799,-208.0532212885154,62.254901960784316
18.935,IMU0,-4.799619140625,9.685458984375,1.082548828125,-4.761904761904762,-192.15686274509804,65.47619047619048
18.945,IMU0,8.8903125,11.639794921875001,-8.497529296875001,-5.882352941176471,-175.98039215686276,61.694677871148464
18.955,IMU0,4.243974609375,11.045830078125,-2.5674609375000004,-0.21008403361344538,-161.83473389355743,66.73669467787116
18.965,IMU0,-6.207890625,12.061318359375,-4.052373046875,-1.400560224089636,-145.72829131652662,67.3669467787115
18.975,IMU0,2.3375390625000003,12.214599609375,-8.871152343750001,0.8403361344537815,-122.3389355742297,64.28571428571429
18.985,IMU0,-1.753154296875,10.815908203125002,0.9771679687500001,3.081232492997199,-102.94117647058825,67.57703081232494
18.995,IMU0,2.117197265625,10.7296875,-6.351591796875001,-1.1904761904761905,-86.20448179271709,64.2156862745098
19.005,IMU0,3.2284863281250002,9.513017578125,-3.477568359375,-1.050420168067227,-71.63865546218487,64.6358543417367
19.015,IMU0,-4.608017578125001,8.48794921875,2.462080078125,0,-60.92436974789916,65.75630252100841
19.025,IMU0,0.354462890625,7.434140625,-1.5615527343750002,-4.271708683473389,-57.77310924369748,61.904761904761905
19.035,IMU0,3.4392480468750004,7.4724609375,-2.787802734375,-5.322128851540617,-57.142857142857146,61.97478991596639
19.045,IMU0,-2.366279296875,6.34201171875,2.62494140625,-5.882352941176471,-52.73109243697479,61.34453781512605
19.055,IMU0,-1.2070898437500002,7.290439453125001,-4.397255859375,-9.033613445378151,-43.69747899159664,58.26330532212885
19.065,IMU0,-2.3471191406250003,7.970625000000001,-2.12677734375,-6.162464985994398,-27.871148459383754,57.563025210084035
19.075,IMU0,-3.975732421875,6.763535156250001,3.171005859375,-8.263305322128852,-8.61344537815126,55.04201680672269
19.085,IMU0,-3.075205078125,8.813671875,-3.6787500000000004,-11.69467787114846,9.453781512605042,53.0812324929972
19.095,IMU0,-3.0464648437500004,8.4687890625,0.45026367187500005,-10.784313725490197,29.6218487394958,50.98039215686275
19.105,IMU0,-2.93150390625,7.9802050781250005,2.20341796875,-14.635854341736696,53.29131652661064,47.54901960784314
19.115,IMU0,-3.324287109375,8.708291015625,-2.366279296875,-19.047619047619047,74.71988795518207,45.51820728291317
19.125,IMU0,-7.8939843750000005,8.114326171875,2.998564453125,-18.977591036414566,97.12885154061625,42.997198879551824
19.135,IMU0,-0.09580078125000001,7.194638671875,2.6536816406250003,-23.38935574229692,119.39775910364146,38.23529411764706
19.145,IMU0,-4.205654296875,8.123906250000001,-4.742138671875001,-27.24089635854342,145.09803921568627,37.675070028011206
19.155,IMU0,-4.655917968750001,7.213798828125,4.972060546875,-25.560224089635856,167.7871148459384,33.54341736694678
19.165,IMU0,-0.6227050781250001,6.447392578125,4.837939453125,-29.901960784313726,193.34733893557424,29.411764705882355
19.175,IMU0,-0.852626953125,6.581513671875,1.9255957031250002,-29.901960784313726,193.34733893557424,29.411764705882355
19.185,IMU0,-0.852626953125,6.581513671875,1.9255957031250002,-33.4733893557423,219.46778711484595,28.36134453781513
19.195,IMU0,0.7280859375000001,6.332431640625001,6.274951171875,-35.08403361344538,240.54621848739498,23.87955182072829
19.205,IMU0,2.0213964843750003,6.1312500000000005,6.6102539062500005,-40.12605042016807,265.8263305322129,20.72829131652661
19.215,IMU0,-3.3051269531250003,5.431904296875,1.55197265625,-43.34733893557423,289.14565826330534,18.69747899159664
19.225,IMU0,0.32572265625,4.3876757812500005,7.3287597656250005,-41.9467787114846,311.8347338935574,12.324929971988796
19.235,IMU0,2.232158203125,4.703818359375,5.786367187500001,-46.21848739495798,326.6106442577031,9.523809523809524
19.245,IMU0,-1.3316308593750001,5.307363281250001,4.722978515625,-48.03921568627451,332.98319327731093,5.2521008403361344
19.255,IMU0,2.6632617187500003,5.010380859375,7.817343750000001,-47.96918767507003,336.9747899159664,-1.1204481792717087
19.265,IMU0,-2.0980371093750003,7.0221972656250005,1.6477734375000002,-48.459383753501406,345.37815126050424,-3.2913165266106446
19.275,IMU0,-4.224814453125,5.939648437500001,5.901328125,-49.85994397759104,354.6218487394958,-9.943977591036415
19.285,IMU0,3.554208984375,5.613925781250001,5.786367187500001,-46.98879551820728,361.1344537815126,-15.406162464985995
19.295,IMU0,-4.08111328125,4.837939453125,7.031777343750001,-41.45658263305322,357.00280112044817,-18.907563025210084
19.305,IMU0,-2.835703125,5.26904296875,11.400292968750001,-40.54621848739496,357.98319327731093,-25.140056022408963
19.315,IMU0,-4.090693359375,6.677314453125001,8.33466796875,-38.865546218487395,358.75350140056025,-29.20168067226891
19.325,IMU0,-8.823251953125,5.633085937500001,10.959609375000001,-35.64425770308124,366.8767507002801,-34.45378151260504
19.335,IMU0,-4.7900390625,9.992021484375,6.246210937500001,-32.63305322128852,377.4509803921569,-39.285714285714285
19.345,IMU0,-7.405400390625,8.210126953125,6.255791015625,-27.521008403361346,397.54901960784315,-45.65826330532213
19.355,IMU0,-6.6294140625,5.7097265625,8.229287109375,-20.028011204481793,406.6526610644258,-49.299719887955185
19.365,IMU0,-5.0966015625,7.271279296875001,4.129013671875001,-14.915966386554622,399.85994397759106,-52.59103641456583
19.375,IMU0,-4.205654296875,9.2351953125,3.247646484375,-6.582633053221289,396.42857142857144,-55.67226890756303
19.385,IMU0,-2.20341796875,11.112890625,2.921923828125,0.42016806722689076,393.34733893557427,-57.49299719887956
19.395,IMU0,-11.524833984375,13.172607421875,7.874824218750001,7.142857142857143,402.4509803921569,-57.563025210084035
19.405,IMU0,1.542392578125,7.1754785156250005,2.8740234375,10.784313725490197,407.21288515406167,-61.5546218487395
19.415,IMU0,5.767207031250001,7.309599609375001,-1.3316308593750001,17.717086834733895,396.07843137254906,-57.49299719887956
19.425,IMU0,-5.4031640625,11.045830078125,4.167333984375,28.291316526610647,396.7086834733894,-51.5406162464986
19.435,IMU0,0.45984375000000005,9.44595703125,6.361171875,32.63305322128852,416.8067226890756,-51.12044817927171
19.445,IMU0,-2.8740234375,8.305927734375,1.89685546875,36.34453781512605,424.5798319327731,-45.728291316526615
19.455,IMU0,6.179150390625001,6.571933593750001,9.7716796875,42.92717086834734,418.13725490196083,-42.016806722689076
19.465,IMU0,1.082548828125,9.168134765625,3.7937109375,37.04481792717087,395.7983193277311,-32.212885154061624
19.475,IMU0,-12.1475390625,12.214599609375,1.3699511718750002,47.26890756302521,393.5574229691877,-26.750700280112046
19.485,IMU0,3.3338671875,6.4569726562500005,15.328125000000002,55.602240896358545,412.2549019607843,-26.400560224089638
19.495,IMU0,-4.818779296875,8.41130859375,-9.034013671875,47.40896358543418,412.11484593837537,-15.336134453781513
19.505,IMU0,-0.44068359375000005,8.842412109375001,0.28740234375,55.392156862745104,411.6946778711485,-10.994397759103641
19.515,IMU0,-3.3721875000000003,9.90580078125,15.567626953125002,38.02521008403362,420.8683473389356,0
19.525,IMU0,-10.126142578125,13.574970703125,-3.35302734375,13.515406162464986,445.7282913165266,5.2521008403361344
19.535,IMU0,-11.716435546875001,12.272080078125,3.1422656250000003,-1.1204481792717087,435.92436974789916,18.347338935574232
19.545,IMU0,-18.06802734375,14.034814453125001,10.691367187500001,46.28851540616247,430.88235294117646,19.257703081232496
19.555,IMU0,-7.1658984375,18.297949218750002,-3.7170703125,39.845938375350144,191.31652661064427,16.03641456582633
19.565,IMU0,-0.057480468750000006,9.36931640625,9.560917968750001,49.43977591036415,94.95798319327731,35.64425770308124
19.575,IMU0,-24.362138671875,17.93390625,-4.3014550781250005,15.686274509803923,76.40056022408965,36.76470588235294
19.585,IMU0,11.084150390625,17.49322265625,8.880732421875,-10.154061624649861,31.862745098039216,26.47058823529412
19.595,IMU0,-27.858867187500003,23.432871093750002,-12.81814453125,40.406162464986,55.32212885154062,50.14005602240896
19.605,IMU0,-11.658955078125,34.670302734375,-15.050302734375,54.27170868347339,95.16806722689076,47.40896358543418
19.615,IMU0,-0.680185546875,32.390244140625,0.37362304687500003,44.187675070028014,208.96358543417367,45.79831932773109
19.625,IMU0,-27.791806640625,16.774716796875,-20.827089843750002,37.39495798319328,242.0168067226891,55.46218487394958
19.635,IMU0,27.264902343750002,14.858701171875001,-15.711328125000001,80.88235294117648,208.1232492997199,28.571428571428573
19.645,IMU0,-11.745175781250001,4.052373046875,4.3014550781250005,60.0140056022409,154.34173669467788,44.67787114845939
19.655,IMU0,1.005908203125,3.6883300781250004,-7.347919921875,36.76470588235294,180.11204481792717,35.22408963585434
19.665,IMU0,-3.4105078125,3.975732421875,8.076005859375,35.22408963585434,157.703081232493,41.9467787114846
19.675,IMU0,-9.196875,9.1585546875,3.803291015625,47.89915966386555,152.8011204481793,48.66946778711485
19.685,IMU0,3.745810546875,27.312802734375,-4.655917968750001,23.529411764705884,116.80672268907564,45.728291316526615
19.695,IMU0,-12.3008203125,21.507275390625,-55.784794921875005,23.03921568627451,49.92997198879552,49.85994397759104
19.705,IMU0,19.29427734375,-1.1879296875,73.5366796875,49.15966386554622,36.83473389355743,42.997198879551824
19.715,IMU0,-2.9602441406250004,5.594765625,-24.735761718750002,-6.512605042016807,36.484593837535016,51.05042016806723
19.725,IMU0,10.183623046875,12.981005859375001,-13.306728515625,10.084033613445378,-22.54901960784314,46.358543417366946
19.735,IMU0,8.2388671875,11.754755859375,57.250546875000005,23.249299719887958,-148.3893557422969,41.9467787114846
19.745,IMU0,-10.959609375000001,27.983408203125002,-12.061318359375,-19.047619047619047,-194.95798319327733,52.450980392156865
19.755,IMU0,-3.1422656250000003,20.625908203125,-25.205185546875,-11.134453781512606,-201.05042016806723,47.338935574229694
19.765,IMU0,1.2933105468750001,23.940615234375002,90.579638671875,22.759103641456583,-167.64705882352942,59.523809523809526
19.775,IMU0,-76.90886718750001,75.22277343750001,5.07744140625,-55.04201680672269,-20.308123249299722,58.543417366946784
19.785,IMU0,20.36724609375,47.373486328125004,51.0043359375,-51.40056022408964,493.76750700280115,36.904761904761905
19.795,IMU0,-61.235859375000004,58.275615234375,-17.5123828125,-52.73109243697479,573.8095238095239,27.801120448179272
19.805,IMU0,-53.198173828125,58.064853515625,27.906767578125002,-107.14285714285715,693.4173669467788,-9.243697478991598
19.815,IMU0,-25.483007812500002,24.802822265625,81.1241015625,-135.57422969187675,908.1932773109244,-48.66946778711485
19.825,IMU0,-21.986279296875,30.579609375,-33.990117187500005,-151.68067226890756,1006.8627450980392,-82.98319327731093
19.835,IMU0,-3.1805859375,14.149775390625,0.5269042968750001,-102.17086834733894,1105.5322128851542,-103.85154061624651
19.845,IMU0,8.64123046875,13.9869140625,50.496591796875,-73.24929971988796,1172.8991596638657,-120.86834733893558
19.855,IMU0,18.52787109375,18.096767578125,-15.816708984375001,-57.28291316526611,1210.3641456582634,-136.9047619047619
19.865,IMU0,-17.502802734375003,14.341376953125001,21.449794921875,-7.212885154061625,1194.8879551820728,-128.50140056022408
19.875,IMU0,-4.13859375,15.529306640625,24.745341796875003,20.168067226890756,1190.8963585434174,-133.33333333333334
19.885,IMU0,14.42759765625,15.807128906250002,1.1112890625,43.977591036414566,1188.655462184874,-125.84033613445379
19.895,IMU0,-16.592695312500002,14.331796875,19.236796875,81.79271708683474,1177.3809523809525,-98.73949579831933
19.905,IMU0,4.014052734375,15.318544921875,17.081279296875,106.65266106442577,1167.0868347338935,-88.16526610644259
19.915,IMU0,5.8246875000000005,16.650175781250002,12.693603515625,128.0812324929972,1166.5966386554621,-59.173669467787114
19.925,IMU0,-16.410673828125002,23.0305078125,13.613291015625,148.94957983193277,1150.7002801120448,-27.801120448179272
19.935,IMU0,7.577841796875001,12.846884765625001,30.043125000000003,137.11484593837537,1100,-8.263305322128852
19.945,IMU0,-8.650810546875,20.02236328125,25.84705078125,131.09243697478993,1115.1960784313726,25.140056022408963
19.955,IMU0,7.558681640625,26.441015625000002,6.6964746093750005,116.5266106442577,1046.778711484594,48.03921568627451
19.965,IMU0,-3.73623046875,13.871953125000001,42.947490234375,108.8935574229692,928.641456582633,67.78711484593838
19.975,IMU0,-3.7649707031250004,30.205986328125,11.831396484375,78.22128851540617,866.7366946778712,74.01960784313725
19.985,IMU0,-33.12791015625,41.021894531250005,26.680517578125002,78.15126050420169,870.1680672268908,78.36134453781513
19.995,IMU0,-37.285664062500004,33.836835937500005,13.479169921875,-14.495798319327731,797.0588235294118,38.72549019607843
20.005,IMU0,-17.22498046875,20.86541015625,30.205986328125,-202.10084033613447,-18.27731092436975,-230.46218487394958
20.015,IMU0,-35.063085937500006,23.959775390625,7.232958984375,-220.3781512605042,-72.40896358543418,-284.87394957983196
20.025,IMU0,-15.203583984375001,2.2704785156250002,26.076972656250003,-69.95798319327731,-82.56302521008404,-131.23249299719888
20.035,IMU0,24.54416015625,1.2645703125,41.357197265625004,4.831932773109244,241.03641456582633,-42.64705882352941
20.045,IMU0,-24.898623046875002,2.136357421875,-1.101708984375,14.635854341736696,492.99719887955183,-6.162464985994398
20.055,IMU0,-7.117998046875001,0.5460644531250001,29.056376953125003,-12.394957983193278,920.5882352941177,-13.025210084033613
20.065,IMU0,-0.536484375,0.55564453125,32.03578125,-50.98039215686275,1246.8487394957983,30.182072829131656
20.075,IMU0,-5.144501953125,3.23806640625,-5.048701171875,-53.641456582633054,1395.3081232492998,48.03921568627451
20.085,IMU0,-13.009746093750001,0.67060546875,32.351923828125,-33.333333333333336,1403.3613445378153,38.37535014005602
20.095,IMU0,-3.3817675781250003,1.9543359375000002,19.936142578125,-45.65826330532213,1384.2436974789916,24.859943977591037
20.105,IMU0,6.466552734375,3.1518457031250002,6.485712890625001,-38.93557422969188,1362.3949579831933,21.288515406162468
20.115,IMU0,-15.404765625000001,1.8872753906250002,25.856630859375002,-24.439775910364148,1340.3361344537816,21.708683473389357
20.125,IMU0,3.4105078125,4.15775390625,22.580244140625002,-13.23529411764706,1320.7983193277312,7.703081232492997
20.135,IMU0,-4.512216796875,11.218271484375,16.544794921875003,-19.817927170868348,1278.1512605042017,13.725490196078432
20.145,IMU0,-19.073935546875003,14.964082031250001,14.56171875,-29.341736694677873,1225.3501400560224,12.675070028011206
20.155,IMU0,0.11496093750000001,19.658320312500003,19.792441406250003,-21.008403361344538,1140.966386554622,6.582633053221289
20.165,IMU0,-25.856630859375002,16.583115234375,10.260263671875,7.142857142857143,1065.4761904761906,4.901960784313726
20.175,IMU0,-8.430468750000001,18.700312500000003,-4.368515625000001,15.056022408963585,959.4537815126051,-3.781512605042017
20.185,IMU0,-11.86013671875,12.569062500000001,17.6656640625,16.456582633053223,625.9803921568628,-6.0924369747899165
20.195,IMU0,-23.710693359375,15.759228515625,-10.86380859375,-2.170868347338936,593.3473389355743,-9.593837535014005
20.205,IMU0,-1.89685546875,15.797548828125,0.01916015625,13.025210084033613,592.296918767507,-13.515406162464986
20.215,IMU0,-13.766572265625001,16.1328515625,-6.428232421875,0.6302521008403361,477.03081232492997,-10.854341736694678
20.225,IMU0,-6.07376953125,20.127744140625,-29.1234375,1.7507002801120448,437.04481792717087,-22.408963585434176
20.235,IMU0,-5.3456835937500005,20.415146484375,-8.5454296875,15.966386554621849,343.5574229691877,-24.439775910364148
20.245,IMU0,-19.466718750000002,24.448359375000003,-33.022529296875,37.46498599439776,225.14005602240897,-30.04201680672269
20.255,IMU0,-7.941884765625001,36.4809375,-51.406699218750006,34.103641456582636,6.23249299719888,-47.61904761904762
20.265,IMU0,-12.904365234375001,47.430966796875005,-47.76626953125,66.59663865546219,-255.32212885154064,-63.30532212885154
20.275,IMU0,-14.398857421875,55.612353515625,-63.70751953125001,63.655462184873954,-607.843137254902,-75.21008403361346
20.285,IMU0,-8.593330078125,56.7523828125,-65.50857421875,72.6890756302521,-988.3053221288516,-99.29971988795519
20.295,IMU0,-3.3913476562500002,32.141162109375,11.218271484375,68.20728291316527,-1344.5378151260504,-96.70868347338936
20.305,IMU0,-71.63024414062501,3.50630859375,32.026201171875,45.58823529411765,-1515.8963585434174,-93.69747899159664
20.315,IMU0,-13.919853515625,2.0980371093750003,15.222744140625,10.784313725490197,-1547.5490196078433,-147.47899159663865
20.325,IMU0,47.488447265625005,3.017724609375,38.023330078125,-1.1904761904761905,-1517.9271708683475,-136.2044817927171
20.335,IMU0,-43.234892578125006,1.5232324218750002,34.7565234375,-27.17086834733894,-1482.4929971988797,-100.14005602240897
20.345,IMU0,17.32078125,7.309599609375001,3.0464648437500004,-54.34173669467788,-1460.15406162465,-107.77310924369749
20.355,IMU0,3.08478515625,7.309599609375001,24.419619140625002,-54.34173669467788,-1460.15406162465,-107.77310924369749
20.365,IMU0,3.08478515625,9.110654296875001,24.419619140625002,-55.46218487394958,-1437.324929971989,-70.72829131652661
20.375,IMU0,-14.877861328125,1.6094531250000002,52.958671875,-62.39495798319328,-1426.7507002801121,-47.61904761904762
20.385,IMU0,1.2454101562500002,5.815107421875,-0.795146484375,-75.35014005602241,-1407.142857142857,-33.26330532212885
20.395,IMU0,1.657353515625,3.9086718750000005,26.95833984375,-52.73109243697479,-1382.142857142857,-12.605042016806724
20.405,IMU0,-6.514453125,4.11943359375,25.626708984375,-50.70028011204482,-1347.96918767507,5.112044817927171
20.415,IMU0,-18.365009765625,4.75171875,2.6441015625000004,-37.11484593837535,-1309.8039215686274,14.145658263305323
20.425,IMU0,28.433671875,7.874824218750001,35.1397265625,-31.1624649859944,-1303.2212885154063,18.977591036414566
20.435,IMU0,61.9639453125,8.861572265625,-13.43126953125,-55.46218487394958,-1159.1736694677872,53.71148459383754
20.445,IMU0,-73.84324218750001,51.6941015625,-56.73322265625001,138.16526610644257,-246.6386554621849,-246.77871148459386
20.455,IMU0,147.97388671875,2.787802734375,-6.1695703125,71.07843137254902,74.85994397759104,-36.34453781512605
20.465,IMU0,102.46851562500001,18.384169921875,20.242705078125002,31.092436974789916,-102.52100840336135,-113.37535014005603
20.475,IMU0,-264.879580078125,26.99666015625,65.66185546875,-30.742296918767508,-190.0560224089636,-88.93557422969188