# Time (s),X (m),Y (m),Z (m),e0,e1,e2,e3,ω1 (rad/s),ω2 (rad/s),ω3 (rad/s),Latitude (°),Longitude (°),Altitude AGL (m),Wind Velocity X (East) (m/s),Wind Velocity Y (North) (m/s),Speed - Velocity Magnitude (m/s),acceleration Magnitude (m/s²),Reynolds Number,Aerodynamic Lift Force (N),Aerodynamic Drag Force (N),Aerodynamic Bending Moment (Nm),Aerodynamic Spin Moment (Nm),Thrust Power (W),Drag Power (W),Stability Margin (c)
0.000000,0.000000,0.000000,191.000000,0.349727,0.021703,0.047624,-0.935389,0.000000,0.000000,0.000000,39.232465,-8.172108,0.000000,-1.613474,-0.825223,0.000000,75.513028,15145.937966,0.352225,0.011589,0.308057,0.000000,0.000000,0.000000,5.543940
0.004703,-0.000012,-0.000174,191.001659,0.349727,0.021703,0.047624,-0.935389,-0.000000,0.000000,-0.000000,39.232465,-8.172108,0.001659,-1.613478,-0.825224,0.354623,75.399529,15275.429954,0.315248,0.017521,0.275639,0.000000,751.363982,-0.006213,5.544037
0.009406,-0.000036,-0.000521,191.004974,0.349727,0.021703,0.047624,-0.935389,0.000000,-0.000000,-0.000000,39.232465,-8.172108,0.004974,-1.613487,-0.825228,0.708711,75.285934,15962.492506,0.299814,0.019133,0.262176,-0.000000,1499.307151,-0.013560,5.544135
0.018813,-0.000109,-0.001563,191.014911,0.349727,0.021703,0.047624,-0.935389,-0.000000,0.000000,-0.000000,39.232465,-8.172108,0.014911,-1.613512,-0.825240,1.415818,75.058473,18710.291145,0.311489,0.025879,0.272618,0.000000,2986.075872,-0.036640,5.544336
0.028219,-0.000231,-0.003298,191.031454,0.349727,0.021703,0.047624,-0.935389,0.000000,-0.000000,0.000000,39.232465,-8.172108,0.031454,-1.613553,-0.825259,2.120784,74.830669,22684.665961,0.355113,0.036799,0.311069,0.000000,4459.207823,-0.078042,5.544544
0.037626,-0.000400,-0.005723,191.054581,0.349727,0.021703,0.047624,-0.935389,0.000000,0.000000,-0.000000,39.232465,-8.172108,0.054581,-1.613611,-0.825285,2.823605,74.602535,27344.532193,0.414492,0.051608,0.363303,0.000000,5918.737866,-0.145720,5.544760
0.131691,-0.004719,-0.067489,191.643686,0.349727,0.021703,0.047624,-0.935389,-0.000000,-0.000000,0.000000,39.232464,-8.172108,0.643686,-1.615090,-0.825965,9.733252,72.304129,81934.461781,1.180540,0.383946,1.036067,0.000000,19773.805415,-3.737045,5.547337
0.144398,-0.005664,-0.080993,191.772482,0.349727,0.021703,0.047624,-0.935389,0.000000,0.000000,0.000000,39.232464,-8.172108,0.772482,-1.615413,-0.826113,10.650036,71.991390,89475.045293,1.288266,0.451103,1.130657,-0.000000,21543.390820,-4.804265,5.547745
0.157105,-0.006693,-0.095710,191.912847,0.349727,0.021703,0.047624,-0.935389,0.000000,0.000000,0.000000,39.232464,-8.172108,0.912847,-1.615765,-0.826275,11.564205,71.892560,97012.707115,1.396116,0.524092,1.225360,0.000000,23353.059473,-6.060704,5.548165
0.169812,-0.007807,-0.111639,192.064764,0.349727,0.021703,0.047624,-0.935389,-0.000000,-0.000000,0.000000,39.232464,-8.172108,1.064764,-1.616146,-0.826450,12.478191,71.962656,104563.338435,1.504302,0.601048,1.320364,-0.000000,25208.300857,-7.499996,5.548600
0.193014,-0.010059,-0.143849,192.371975,0.349727,0.021703,0.047624,-0.935389,0.000000,-0.000000,0.000000,39.232464,-8.172108,1.371975,-1.616917,-0.826804,14.148835,72.090096,118392.948793,1.702819,0.759836,1.494704,-0.000000,28603.014430,-10.750793,5.549430
0.216217,-0.012594,-0.180105,192.717773,0.349727,0.021703,0.047624,-0.935389,-0.000000,0.000000,0.000000,39.232463,-8.172108,1.717773,-1.617785,-0.827203,15.822977,72.217258,132277.898580,1.902585,0.931483,1.670165,0.000000,32009.455247,-14.738832,5.550307
0.239419,-0.015413,-0.220416,193.102238,0.349727,0.021703,0.047624,-0.935389,-0.000000,-0.000000,-0.000000,39.232463,-8.172108,2.102238,-1.618750,-0.827646,17.500064,72.343957,146205.846592,2.103426,1.120496,1.846597,-0.000000,35426.520021,-19.608753,5.551231
0.262622,-0.018516,-0.264787,193.525435,0.349727,0.021703,0.047624,-0.935389,-0.000000,-0.000000,-0.000000,39.232463,-8.172108,2.525435,-1.619812,-0.828134,19.180086,72.470280,160171.570019,2.305283,1.324699,2.023952,0.000000,38854.200296,-25.407846,5.552202
0.412957,-0.045538,-0.651217,197.211042,0.349727,0.021703,0.047624,-0.935389,0.000000,-0.000000,0.000000,39.232459,-8.172109,6.211042,-1.629062,-0.832383,30.143536,73.400626,251461.637583,3.638156,3.065456,3.196050,-0.000000,61426.184292,-92.403689,5.559669
0.504583,-0.067930,-0.971441,200.265212,0.349727,0.021703,0.047624,-0.935389,-0.000000,0.000000,-0.000000,39.232456,-8.172109,9.265212,-1.636728,-0.835904,36.897795,74.043890,307741.441591,4.474043,4.468921,3.932258,0.000000,75536.650811,-164.893349,5.565242
0.508124,-0.068892,-0.985178,200.396098,0.349728,0.021702,0.047624,-0.935389,-0.000195,-0.000771,0.000000,39.232456,-8.172109,9.396098,-1.637056,-0.836055,37.160119,74.076146,309926.151452,4.498824,4.528453,3.950164,-0.000000,76088.591511,-168.277847,5.565473
0.511666,-0.069864,-0.999025,200.527907,0.349728,0.021699,0.047623,-0.935389,-0.000392,-0.001546,0.000000,39.232456,-8.172109,9.527907,-1.637387,-0.836207,37.422536,74.102422,312111.633803,4.523261,4.588339,3.967694,-0.000000,76640.934232,-171.707269,5.565705
0.518749,-0.071826,-1.026941,200.793372,0.349728,0.021691,0.047622,-0.935389,-0.000790,-0.003102,0.000000,39.232456,-8.172109,9.793372,-1.638053,-0.836513,37.947557,74.155062,316484.156967,4.571322,4.709149,4.001840,-0.000000,77746.636120,-178.700692,5.566174
0.525833,-0.073826,-1.055299,201.062530,0.349729,0.021677,0.047621,-0.935389,-0.001198,-0.004670,0.000000,39.232456,-8.172109,10.062530,-1.638729,-0.836824,38.472953,74.207585,320859.758252,4.617894,4.831365,4.034384,-0.000000,78853.947653,-185.876873,5.566647
0.532916,-0.075864,-1.084100,201.335385,0.349730,0.021657,0.047619,-0.935389,-0.001614,-0.006249,0.000000,39.232455,-8.172109,10.335385,-1.639413,-0.837138,38.998722,74.260103,325238.426114,4.662895,4.954980,4.065255,-0.000000,79962.868839,-193.237872,5.567125
0.583530,-0.091516,-1.302785,203.392890,0.349746,0.021345,0.047588,-0.935392,-0.004840,-0.017800,-0.000000,39.232453,-8.172109,12.392890,-1.644577,-0.839510,42.766481,74.634402,356614.787592,4.931111,5.880162,4.230528,0.000000,87933.590272,-251.473838,5.570683
0.634144,-0.109005,-1.544107,205.640199,0.349778,0.020726,0.047535,-0.935396,-0.008481,-0.029591,-0.000000,39.232451,-8.172109,14.640199,-1.650217,-0.842101,46.551079,74.905335,388126.227378,5.081539,6.904326,4.278110,0.000000,95865.699665,-321.403810,5.574489
0.684758,-0.128117,-1.808025,208.078060,0.349826,0.019795,0.047469,-0.935402,-0.012472,-0.041238,-0.000000,39.232449,-8.172109,17.078060,-1.656336,-0.844912,50.347874,75.121671,419731.899368,5.078436,7.994685,4.178423,0.000000,103786.621020,-402.515414,5.578545
0.735373,-0.148501,-2.094421,210.707056,0.349889,0.018558,0.047400,-0.935407,-0.016711,-0.052276,-0.000000,39.232446,-8.172110,19.707056,-1.662934,-0.847943,54.155397,75.336103,451417.724199,4.886910,9.148799,3.904149,0.000000,111745.053815,-495.456828,5.582852
0.758438,-0.158080,-2.232343,211.968672,0.349923,0.017897,0.047370,-0.935409,-0.018687,-0.056957,-0.000000,39.232445,-8.172110,20.968672,-1.666100,-0.849397,55.894468,75.463708,465886.621901,4.728779,9.711061,3.715286,0.000000,115432.211264,-542.794593,5.584899
0.781503,-0.167765,-2.374879,213.270178,0.349959,0.017180,0.047344,-0.935410,-0.020669,-0.061344,0.000000,39.232444,-8.172110,22.270178,-1.669367,-0.850898,57.637218,75.655315,480383.767491,4.523052,10.289023,3.484478,-0.000000,119217.425827,-593.030676,5.587000
0.804569,-0.177494,-2.522009,214.611670,0.349998,0.016409,0.047322,-0.935410,-0.022638,-0.065381,0.000000,39.232442,-8.172110,23.611670,-1.672734,-0.852445,59.384378,75.846672,494915.092608,4.268166,10.882819,3.211226,-0.000000,123023.029512,-646.269446,5.589157
0.838111,-0.191592,-2.744136,216.634065,0.350058,0.015200,0.047299,-0.935409,-0.025444,-0.070519,0.000000,39.232440,-8.172110,25.634065,-1.677809,-0.854776,61.933003,76.124364,516107.517064,3.807804,11.774374,2.738864,-0.000000,128593.695631,-729.222321,5.592392
0.871654,-0.205402,-2.975873,218.741575,0.350122,0.013903,0.047293,-0.935406,-0.028113,-0.074608,0.000000,39.232438,-8.172110,27.741575,-1.683099,-0.857206,64.490880,76.401541,537370.809821,3.245137,12.698842,2.187487,-0.000000,134207.552031,-818.959484,5.595746
0.905196,-0.218675,-3.217151,220.934511,0.350189,0.012536,0.047307,-0.935400,-0.030577,-0.077476,0.000000,39.232436,-8.172111,29.934511,-1.688602,-0.859734,67.057977,76.678828,558704.197524,2.594234,13.669946,1.587369,-0.000000,139866.984874,-916.678910,5.599220
0.938738,-0.231136,-3.467896,223.213194,0.350258,0.011121,0.047344,-0.935390,-0.032757,-0.078957,0.000000,39.232434,-8.172111,32.213194,-1.694321,-0.862361,69.634371,76.963289,580107.814088,1.898877,14.683242,1.051221,-0.000000,145583.301143,-1022.458344,5.602816
0.972281,-0.242495,-3.728032,225.577949,0.350326,0.009683,0.047408,-0.935377,-0.034576,-0.078904,0.000000,39.232432,-8.172111,34.577949,-1.700256,-0.865088,72.220188,77.247076,601582.163749,1.308934,15.735541,0.969997,-0.000000,151344.711533,-1136.423726,5.606535
1.005823,-0.252449,-3.997487,228.029103,0.350394,0.008249,0.047502,-0.935361,-0.035956,-0.077200,0.000000,39.232429,-8.172111,37.029103,-1.706408,-0.867914,74.815376,77.531534,623126.275557,1.261499,16.796024,1.540067,-0.000000,157151.250420,-1256.600838,5.610378
1.039366,-0.260688,-4.276192,230.566977,0.350459,0.006849,0.047629,-0.935341,-0.036823,-0.073762,0.000000,39.232427,-8.172111,39.566977,-1.712777,-0.870840,77.419922,77.815081,644739.440925,1.918282,17.899731,2.371019,-0.000000,163003.023429,-1385.795759,5.614347
1.083507,-0.268396,-4.656949,234.039368,0.350538,0.005109,0.047849,-0.935311,-0.037073,-0.066550,0.000000,39.232423,-8.172111,43.039368,-1.721492,-0.874843,80.854440,77.793722,673225.533115,3.190289,19.436004,3.563451,-0.000000,169981.013759,-1571.487213,5.619757
1.127649,-0.271925,-5.053439,237.662488,0.350607,0.003551,0.048130,-0.935278,-0.036206,-0.056361,0.000000,39.232420,-8.172111,46.662488,-1.730585,-0.879020,84.283620,77.629706,701649.215791,4.547776,21.057967,4.729217,-0.000000,176669.351409,-1774.841714,5.625365
1.171791,-0.270658,-5.465501,241.436011,0.350662,0.002243,0.048470,-0.935244,-0.034155,-0.043472,0.000000,39.232416,-8.172111,50.436011,-1.740056,-0.883371,87.704735,77.465155,729986.435262,5.820480,22.686678,5.761330,-0.000000,183298.450204,-1989.729117,5.631169
1.215932,-0.264055,-5.893029,245.359660,0.350702,0.001244,0.048864,-0.935210,-0.030928,-0.028383,0.000000,39.232412,-8.172111,54.359660,-1.749903,-0.887894,91.122589,77.530841,758275.862904,6.883049,24.364361,6.561298,-0.000000,190410.793178,-2220.143672,5.637174
1.243244,-0.257094,-6.165292,247.862555,0.350719,0.000804,0.049131,-0.935191,-0.028373,-0.018246,0.000000,39.232410,-8.172111,56.862555,-1.756185,-0.890780,93.242442,77.848650,775811.127945,7.384786,25.462023,6.899085,-0.000000,195417.698624,-2374.141192,5.640999
1.270556,-0.247828,-6.443500,250.423153,0.350728,0.000508,0.049413,-0.935173,-0.025438,-0.007751,0.000000,39.232407,-8.172111,59.423153,-1.762611,-0.893732,95.371507,78.165940,793414.312072,7.737865,26.591170,7.093355,-0.000000,200470.213879,-2536.039973,5.644915
1.297868,-0.236187,-6.727699,253.041703,0.350729,0.000363,0.049706,-0.935157,-0.022172,0.002865,0.000000,39.232405,-8.172111,62.041703,-1.769183,-0.896751,97.509251,78.484722,811080.585324,7.920003,27.706522,7.127202,-0.000000,205567.388122,-2701.642189,5.648924
1.325180,-0.222122,-7.017940,255.718435,0.350724,0.000369,0.050005,-0.935143,-0.018642,0.013341,0.000000,39.232402,-8.172111,64.718435,-1.775901,-0.899837,99.655723,78.802650,828809.955933,7.912548,28.857181,6.987504,-0.000000,210709.484739,-2875.783229,5.653026
1.374182,-0.190748,-7.554029,260.667470,0.350697,0.000748,0.050548,-0.935124,-0.011899,0.030910,0.000000,39.232397,-8.172110,69.667470,-1.788322,-0.905543,103.524994,79.165430,860745.236625,7.383215,31.043756,6.278932,-0.000000,219523.057513,-3213.804627,5.660618
1.423185,-0.151563,-8.110174,265.805364,0.350649,0.001558,0.051073,-0.935112,-0.005099,0.045505,0.000000,39.232392,-8.172110,74.805364,-1.801217,-0.911466,107.406459,79.299573,892747.935188,6.175697,33.308879,4.994960,-0.000000,227858.902927,-3577.588701,5.668495
1.472187,-0.104872,-8.686806,271.132449,0.350585,0.002710,0.051555,-0.935107,0.001143,0.055591,0.000000,39.232387,-8.172109,80.132449,-1.814587,-0.917608,111.293407,79.431144,924760.403770,4.361924,35.648104,3.250623,-0.000000,236213.995693,-3967.398890,5.676653
1.521190,-0.051185,-9.284401,276.648935,0.350511,0.004079,0.051968,-0.935107,0.006197,0.059951,0.000000,39.232382,-8.172109,85.648935,-1.828432,-0.923968,115.187082,79.531087,956791.402990,2.223745,38.061521,1.538702,-0.000000,244509.631768,-4384.195536,5.685094
1.570192,0.008848,-9.903453,282.355080,0.350434,0.005511,0.052296,-0.935110,0.009504,0.057904,0.000000,39.232376,-8.172108,91.355080,-1.842753,-0.930547,119.084961,79.587207,988818.610099,1.637750,40.546860,2.152245,-0.000000,252705.920791,-4828.521221,5.693819
1.619195,0.074499,-10.544422,288.250994,0.350362,0.006841,0.052526,-0.935115,0.010657,0.049483,0.000000,39.232370,-8.172107,97.250994,-1.857550,-0.937344,122.985516,79.640399,1020828.281966,3.788778,43.102343,4.148647,-0.000000,260902.794236,-5300.963838,5.702828
1.668197,0.145060,-11.207701,294.336808,0.350305,0.007914,0.052659,-0.935121,0.009490,0.035552,0.000000,39.232364,-8.172106,103.336808,-1.872824,-0.944360,126.891143,79.814603,1052839.502406,5.936293,45.728790,5.883033,-0.000000,269490.171823,-5802.578487,5.712129
1.717200,0.219936,-11.893612,300.612928,0.350269,0.008600,0.052707,-0.935126,0.006137,0.017802,0.000000,39.232358,-8.172105,109.612928,-1.888575,-0.951596,130.810542,80.214152,1084923.818235,7.416064,48.431650,6.924336,-0.000000,278797.025985,-6335.370405,5.721740
1.766202,0.298730,-12.602396,307.080212,0.350257,0.008821,0.052692,-0.935129,0.001054,-0.001388,0.000000,39.232352,-8.172105,116.080212,-1.904807,-0.959052,134.751080,80.608810,1117141.684581,7.912331,51.272885,7.033424,-0.000000,288207.990227,-6909.076611,5.731681
1.815205,0.381298,-13.334171,313.739655,0.350271,0.008563,0.052646,-0.935128,-0.005007,-0.019246,0.000000,39.232345,-8.172104,122.739655,-1.921520,-0.966730,138.708598,80.900516,1149457.905968,7.271610,54.231469,6.120473,-0.000000,297377.173730,-7522.371063,5.741951
1.864207,0.467768,-14.088891,320.591900,0.350307,0.007884,0.052603,-0.935123,-0.011086,-0.033016,0.000000,39.232338,-8.172103,129.591900,-1.938718,-0.974630,142.675116,80.949039,1181805.623405,5.539708,57.253619,4.282951,-0.000000,305834.377562,-8168.666743,5.752540
1.877077,0.491169,-14.290891,322.423562,0.350319,0.007651,0.052597,-0.935121,-0.012555,-0.035651,0.000000,39.232337,-8.172102,131.423562,-1.943315,-0.976742,143.716884,80.960233,1190294.203617,4.935443,58.083788,3.684358,-0.000000,308055.151519,-8347.621046,5.755372
1.889947,0.514873,-14.494456,324.268537,0.350332,0.007400,0.052593,-0.935118,-0.013936,-0.037815,0.000000,39.232335,-8.172102,133.268537,-1.947945,-0.978869,144.758824,80.971370,1198781.162774,4.285198,58.914327,3.056553,-0.000000,310276.113965,-8528.368739,5.758225
1.902817,0.538893,-14.699581,326.126829,0.350346,0.007134,0.052594,-0.935115,-0.015214,-0.039483,0.000000,39.232333,-8.172102,135.126829,-1.952609,-0.981011,145.800909,80.984076,1207266.277105,3.602077,59.709963,2.417580,-0.000000,312497.211510,-8705.766946,5.761099
1.915687,0.563239,-14.906261,327.998441,0.350361,0.006857,0.052599,-0.935112,-0.016370,-0.040633,0.000000,39.232331,-8.172101,136.998441,-1.957306,-0.983169,146.843153,80.996584,1215749.619758,2.905731,60.510179,1.801567,-0.000000,314718.467992,-8885.505437,5.763995
1.946834,0.623583,-15.412866,332.583151,0.350396,0.006162,0.052629,-0.935102,-0.018587,-0.041222,0.000000,39.232327,-8.172101,141.583151,-1.968813,-0.988455,149.366134,81.024366,1236272.648792,1.477612,62.509577,1.145842,-0.000000,320094.778100,-9336.813877,5.771093
1.977981,0.686085,-15.928489,337.245935,0.350431,0.005471,0.052691,-0.935089,-0.019851,-0.038700,0.000000,39.232322,-8.172100,146.245935,-1.980515,-0.993831,151.891182,81.150153,1256794.309958,1.901336,64.615527,2.386136,-0.000000,325842.801704,-9814.528725,5.778321
2.009127,0.750931,-16.453079,341.986891,0.350462,0.004833,0.052785,-0.935076,-0.020065,-0.033282,0.000000,39.232317,-8.172099,150.986891,-1.992414,-0.999297,154.420567,81.294431,1277332.991828,3.466466,66.666058,3.863915,-0.000000,331653.714048,-10294.610481,5.785685
2.040274,0.818297,-16.986602,346.806164,0.350488,0.004295,0.052911,-0.935062,-0.019213,-0.025421,0.000000,39.232312,-8.172099,155.806164,-2.004509,-1.004853,156.954407,81.438053,1297889.197182,4.944568,68.744947,5.097398,-0.000000,337486.811394,-10789.822415,5.793187
2.050486,0.840960,-17.163464,348.403289,0.350495,0.004147,0.052959,-0.935057,-0.018711,-0.022418,0.000000,39.232311,-8.172098,157.403289,-2.008517,-1.006694,157.786103,81.483538,1304632.334200,5.355132,69.466091,5.418678,-0.000000,339404.047528,-10960.783810,5.795677
2.060698,0.863917,-17.341285,350.008851,0.350501,0.004015,0.053009,-0.935053,-0.018106,-0.019253,0.000000,39.232309,-8.172098,159.008851,-2.012547,-1.008545,158.618257,81.528906,1311377.097787,5.723302,70.191251,5.685383,-0.000000,341323.625714,-11133.613883,5.798182
2.070910,0.887171,-17.520063,351.622856,0.350506,0.003899,0.053063,-0.935048,-0.017404,-0.015960,0.000000,39.232308,-8.172098,160.622856,-2.015216,-1.009444,159.450867,81.574194,1318134.462015,6.045997,70.920822,5.892230,-0.000000,343245.546364,-11308.386551,5.800703
2.087406,0.925373,-17.810882,354.247910,0.350512,0.003749,0.053154,-0.935041,-0.016085,-0.010435,0.000000,39.232305,-8.172097,163.247910,-2.016587,-1.008836,160.796799,81.646940,1329077.576304,6.482254,72.108715,6.166383,-0.000000,346355.095800,-11594.850510,5.804809
2.103902,0.964375,-18.104205,356.895025,0.350516,0.003646,0.053250,-0.935035,-0.014558,-0.004735,0.000000,39.232302,-8.172097,165.895025,-2.017969,-1.008224,162.143895,81.716768,1340025.544773,6.781611,73.307144,6.324123,-0.000000,349458.055064,-11886.305958,5.808954
2.120398,1.004189,-18.400038,359.564218,0.350517,0.003592,0.053350,-0.935029,-0.012861,0.001010,0.000000,39.232300,-8.172096,168.564218,-2.019362,-1.007607,163.492037,81.774444,1350977.299678,6.914578,74.516011,6.326937,-0.000000,352525.432910,-12182.774394,5.813140
2.131582,1.031647,-18.602041,361.386481,0.350517,0.003583,0.053420,-0.935025,-0.011633,0.004862,0.000000,39.232298,-8.172096,170.386481,-2.020314,-1.007185,164.406613,81.814510,1358404.227515,6.906789,75.313598,6.239366,-0.000000,354607.789141,-12382.053586,5.816000
2.142766,1.059483,-18.805202,363.218904,0.350515,0.003597,0.053491,-0.935022,-0.010361,0.008624,0.000000,39.232296,-8.172096,172.218904,-2.021270,-1.006761,165.321644,81.855522,1365832.619189,6.819215,76.091338,6.080242,-0.000000,356692.352211,-12579.545002,5.818878
2.153950,1.087697,-19.009525,365.061494,0.350512,0.003632,0.053562,-0.935018,-0.009059,0.012250,0.000000,39.232294,-8.172095,174.061494,-2.022232,-1.006335,166.237134,81.896422,1373262.501928,6.652466,76.872684,5.851231,-0.000000,358779.136205,-12779.094699,5.821775
2.162669,1.109954,-19.169615,366.504963,0.350509,0.003675,0.053617,-0.935016,-0.008034,0.014956,0.000000,39.232293,-8.172095,175.504963,-2.022986,-1.006001,166.951136,81.928253,1379055.585053,6.468455,77.484289,5.625751,-0.000000,360407.457349,-12936.090096,5.824046
2.171388,1.132440,-19.330414,367.954615,0.350505,0.003730,0.053673,-0.935014,-0.007008,0.017533,0.000000,39.232291,-8.172095,176.954615,-2.023743,-1.005665,167.665417,81.959988,1384849.551248,6.238549,78.098077,5.361065,-0.000000,362037.129575,-13094.346605,5.826328
2.180106,1.155154,-19.491924,369.410453,0.350501,0.003796,0.053728,-0.935012,-0.005988,0.019964,0.000000,39.232290,-8.172095,178.410453,-2.024503,-1.005329,168.379971,81.989858,1390644.324020,5.964426,78.754745,5.059276,-0.000000,363668.136062,-13260.721719,5.828622
2.199322,1.206012,-19.850400,372.640866,0.350490,0.003980,0.053847,-0.935009,-0.003806,0.024705,0.000000,39.232287,-8.172094,181.640866,-2.026190,-1.004581,169.955724,82.055141,1403418.129805,5.217971,80.215669,4.279071,-0.000000,367267.404201,-13633.112117,5.833716
2.218537,1.257957,-20.212359,375.901356,0.350476,0.004210,0.053962,-0.935007,-0.001770,0.028486,0.000000,39.232283,-8.172093,184.901356,-2.027892,-1.003827,171.532748,82.119944,1416195.302959,4.298423,81.690621,3.367915,-0.000000,370873.055921,-14012.616676,5.838866
2.237753,1.310966,-20.577823,379.191945,0.350460,0.004475,0.054070,-0.935005,0.000047,0.031175,0.000000,39.232280,-8.172093,188.191945,-2.029610,-1.003066,173.111039,82.184264,1428975.691422,3.247811,83.179600,2.380339,-0.000000,374485.081445,-14399.307013,5.844071
2.265599,1.389627,-21.113704,384.014041,0.350436,0.004901,0.054213,-0.935004,0.002176,0.032978,0.000000,39.232275,-8.172092,193.014041,-2.032128,-1.001950,175.400786,82.302512,1447504.574649,1.637075,85.362580,1.114152,-0.000000,379840.917267,-14972.663585,5.851714
2.293446,1.470377,-21.657067,388.899486,0.350411,0.005342,0.054335,-0.935003,0.003543,0.032177,0.000000,39.232270,-8.172091,197.899486,-2.034678,-1.000820,177.694194,82.443000,1466048.046534,1.007720,87.576057,1.509769,-0.000000,385302.247239,-15561.756973,5.859477
2.321293,1.553120,-22.207982,393.848378,0.350387,0.005762,0.054434,-0.935004,0.004062,0.028903,0.000000,39.232266,-8.172090,202.848378,-2.037262,-0.999675,179.991599,82.582337,1484608.658331,2.378407,89.820435,2.845133,-0.000000,390785.026034,-16166.923677,5.867364
2.349139,1.637760,-22.766513,398.860825,0.350367,0.006124,0.054511,-0.935005,0.003707,0.023484,0.000000,39.232260,-8.172089,207.860825,-2.039879,-0.998515,182.292905,82.720650,1503185.444878,3.819443,92.095699,4.048044,-0.000000,396289.082750,-16788.392464,5.875375
2.356777,1.661294,-22.921040,400.246702,0.350362,0.006210,0.054529,-0.935005,0.003462,0.021688,0.000000,39.232259,-8.172089,209.246702,-2.040603,-0.998194,182.924758,82.758406,1508283.239817,4.163963,92.725135,4.321447,-0.000000,397802.385061,-16961.722960,5.877595
2.364414,1.684962,-23.076145,401.637370,0.350358,0.006288,0.054545,-0.935005,0.003158,0.019783,0.000000,39.232258,-8.172088,210.637370,-2.041329,-0.997873,183.556901,82.796018,1513382.204579,4.479731,93.356899,4.565359,-0.000000,399317.282680,-17136.303096,5.879823
2.372051,1.708763,-23.231828,403.032831,0.350354,0.006359,0.054559,-0.935005,0.002796,0.017783,0.000000,39.232256,-8.172088,212.032831,-2.042057,-0.997550,184.189333,82.833598,1518482.329390,4.764053,93.990991,4.777723,-0.000000,400833.774421,-17312.137906,5.882061
2.388752,1.761267,-23.574278,406.100942,0.350347,0.006487,0.054586,-0.935006,0.001826,0.013162,0.000000,39.232253,-8.172088,215.100942,-2.043659,-0.996840,185.573249,82.915401,1529638.571665,5.264740,95.385650,5.123755,-0.000000,404155.376812,-17701.025016,5.886988
2.405452,1.814390,-23.919506,409.192001,0.350342,0.006574,0.054608,-0.935006,0.000637,0.008320,0.000000,39.232250,-8.172087,218.192001,-2.045273,-0.996125,186.958299,82.968589,1540798.275389,5.585697,96.791209,5.297665,-0.000000,407341.357721,-18095.919852,5.891961
2.422153,1.868126,-24.267516,412.306020,0.350339,0.006620,0.054626,-0.935005,-0.000725,0.003424,0.000000,39.232247,-8.172086,221.306020,-2.046899,-0.995404,188.343603,82.945369,1551954.175205,5.714988,98.206765,5.292396,-0.000000,410233.815397,-18496.615959,5.896976
2.432947,1.903180,-24.493924,414.330893,0.350339,0.006627,0.054635,-0.935005,-0.001676,0.000305,0.000000,39.232245,-8.172086,223.330893,-2.047956,-0.994936,189.238749,82.930154,1559159.633145,5.693684,99.126627,5.192735,-0.000000,412101.841912,-18758.598988,5.900239
2.443741,1.938488,-24.721495,416.365355,0.350339,0.006617,0.054644,-0.935004,-0.002663,-0.002720,0.000000,39.232243,-8.172086,225.365355,-2.049018,-0.994465,190.133731,82.914701,1566361.256293,5.590373,100.050372,5.019203,-0.000000,413968.737216,-19022.950549,5.903520
2.454535,1.974049,-24.950227,418.409403,0.350340,0.006590,0.054652,-0.935003,-0.003672,-0.005607,0.000000,39.232241,-8.172085,227.409403,-2.050086,-0.993992,191.028546,82.899012,1573559.015899,5.406880,100.977990,4.774568,-0.000000,415834.495208,-19289.678612,5.906818
2.462129,1.999223,-25.111863,419.853370,0.350342,0.006561,0.054658,-0.935003,-0.004386,-0.007534,0.000000,39.232239,-8.172085,228.853370,-2.050839,-0.993658,191.658049,82.887925,1578621.133959,5.231184,101.632992,4.561715,-0.000000,417146.585066,-19478.781010,5.909150
2.469724,2.024524,-25.274072,421.302081,0.350344,0.006525,0.054663,-0.935002,-0.005097,-0.009358,0.000000,39.232238,-8.172085,230.302081,-2.051596,-0.993323,192.287467,82.876682,1583681.319178,5.018821,102.289905,4.317329,-0.000000,418458.107933,-19669.066771,5.911489
2.477319,2.049951,-25.436856,422.755536,0.350346,0.006482,0.054669,-0.935001,-0.005801,-0.011066,0.000000,39.232236,-8.172084,231.755536,-2.052355,-0.992987,192.916799,82.865312,1588739.559521,4.771671,102.948725,4.043493,-0.000000,419769.061248,-19860.538551,5.913838
2.496661,2.115292,-25.854007,426.478503,0.350353,0.006342,0.054685,-0.934998,-0.007511,-0.014802,0.000000,39.232233,-8.172083,235.478503,-2.054298,-0.992125,194.519138,82.835990,1601612.637505,4.005455,104.635148,3.234482,-0.000000,423105.108122,-20353.538793,5.919858
2.516002,2.181482,-26.274867,430.232225,0.350362,0.006168,0.054705,-0.934995,-0.009049,-0.017549,0.000000,39.232229,-8.172083,239.232225,-2.056258,-0.991257,196.120899,82.806060,1614472.883592,3.079404,106.333869,2.303812,-0.000000,426437.420057,-20854.293950,5.925934
2.535344,2.248544,-26.699425,434.016690,0.350373,0.005969,0.054731,-0.934991,-0.010339,-0.019192,0.000000,39.232225,-8.172082,243.016690,-2.058234,-0.990381,197.722069,82.775576,1627320.134555,2.069553,108.044834,1.341054,-0.000000,429765.967923,-21362.848173,5.932067
2.564054,2.349751,-27.336422,439.690920,0.350389,0.005650,0.054781,-0.934984,-0.011681,-0.019496,0.000000,39.232219,-8.172081,248.690920,-2.061197,-0.989069,200.097266,82.693951,1646362.502326,0.938322,110.606547,0.857112,-0.000000,434530.137009,-22132.067734,5.941275
2.592765,2.453031,-27.981500,445.432797,0.350404,0.005340,0.054849,-0.934976,-0.012197,-0.017270,0.000000,39.232214,-8.172080,254.432797,-2.064195,-0.987740,202.469487,82.569246,1665362.135736,1.828736,113.193137,2.114170,-0.000000,439100.341635,-22918.156443,5.950604
2.621475,2.558478,-28.634622,451.242226,0.350417,0.005074,0.054934,-0.934968,-0.011853,-0.012874,0.000000,39.232208,-8.172078,260.242226,-2.067228,-0.986396,204.837976,82.443250,1684312.590882,3.149699,115.803549,3.288831,-0.000000,443648.842208,-23720.964597,5.960053
2.650185,2.666175,-29.295758,457.119099,0.350426,0.004883,0.055036,-0.934959,-0.010714,-0.006912,0.000000,39.232202,-8.172077,266.119099,-2.070296,-0.985037,207.202762,82.312943,1703213.847923,4.125349,118.505705,4.056084,-0.000000,448175.733742,-24554.709437,5.969623
2.657442,2.693759,-29.464121,458.615093,0.350428,0.004849,0.055064,-0.934957,-0.010316,-0.005249,0.000000,39.232200,-8.172077,267.615093,-2.071077,-0.984690,207.799836,82.278177,1707982.999023,4.292285,119.229202,4.169549,-0.000000,449316.408130,-24775.808721,5.972061
2.664698,2.721491,-29.632994,460.115386,0.350429,0.004821,0.055093,-0.934955,-0.009882,-0.003550,0.000000,39.232199,-8.172076,269.115386,-2.071860,-0.984343,208.396656,82.243218,1712748.839160,4.423559,119.954756,4.248381,-0.000000,450455.666500,-24998.169997,5.974506
2.671954,2.749373,-29.802378,461.619977,0.350429,0.004799,0.055122,-0.934953,-0.009414,-0.001832,0.000000,39.232197,-8.172076,270.619977,-2.072646,-0.983995,208.993221,82.208205,1717511.357981,4.518210,120.682363,4.292187,-0.000000,451593.507952,-25221.795632,5.976960
2.678993,2.776564,-29.967184,463.083662,0.350430,0.004785,0.055151,-0.934952,-0.008933,-0.000159,0.000000,39.232196,-8.172076,272.083662,-2.073410,-0.983657,209.571695,82.174161,1722128.222738,4.574278,121.390161,4.300952,-0.000000,452695.956167,-25439.941926,5.979347
2.686033,2.803896,-30.132469,464.551388,0.350430,0.004776,0.055180,-0.934950,-0.008428,0.001506,0.000000,39.232194,-8.172075,273.551388,-2.074176,-0.983317,210.149929,82.139985,1726741.946705,4.594725,122.099887,4.276540,-0.000000,453797.070307,-25659.282587,5.981741
2.693072,2.831370,-30.298236,466.023153,0.350429,0.004774,0.055210,-0.934948,-0.007905,0.003150,0.000000,39.232193,-8.172075,275.023153,-2.074945,-0.982977,210.727929,82.107919,1731352.584546,4.579462,122.763019,4.219280,-0.000000,454896.866368,-25869.596793,5.984143
2.699500,2.856582,-30.450027,467.370631,0.350429,0.004777,0.055237,-0.934947,-0.007413,0.004622,0.000000,39.232191,-8.172075,276.370631,-2.075648,-0.982665,211.255537,82.078716,1735560.173216,4.534499,123.365305,4.138797,-0.000000,455900.015639,-26061.603644,5.986343
2.705928,2.881911,-30.602219,468.721475,0.350428,0.004785,0.055265,-0.934946,-0.006912,0.006056,0.000000,39.232190,-8.172075,277.721475,-2.076354,-0.982352,211.783092,82.091695,1739766.353548,4.460334,123.968901,4.032109,-0.000000,457136.713122,-26254.517086,5.988549
2.712356,2.907359,-30.754813,470.075684,0.350427,0.004798,0.055293,-0.934944,-0.006406,0.007442,0.000000,39.232189,-8.172074,279.075684,-2.077061,-0.982039,212.310769,82.116528,1743972.550276,4.357580,124.574009,3.900094,-0.000000,458393.986478,-26448.403732,5.990762
2.719563,2.936035,-30.926399,471.598199,0.350425,0.004818,0.055323,-0.934943,-0.005835,0.008930,0.000000,39.232187,-8.172074,280.598199,-2.077856,-0.981687,212.902657,82.144281,1748689.453993,4.209418,125.254386,3.723316,-0.000000,459804.909379,-26666.991531,5.993253
2.726771,2.964858,-31.098492,473.124949,0.350423,0.004843,0.055354,-0.934942,-0.005267,0.010334,0.000000,39.232186,-8.172074,282.124949,-2.078653,-0.981334,213.494746,82.171993,1753406.757853,4.027822,125.936720,3.517867,-0.000000,461217.005036,-26886.828023,5.995753
2.733979,2.993830,-31.271091,474.655936,0.350421,0.004874,0.055385,-0.934941,-0.004704,0.011645,0.000000,39.232184,-8.172073,283.655936,-2.079452,-0.980979,214.087035,82.199608,1758124.453770,3.814577,126.621012,3.285875,-0.000000,462630.273163,-27107.917028,5.998262
2.751931,3.066627,-31.703189,478.487536,0.350415,0.004971,0.055460,-0.934938,-0.003368,0.014429,0.000000,39.232180,-8.172072,287.487536,-2.081453,-0.980093,215.563097,82.268210,1769876.311024,3.163965,128.333865,2.613185,-0.000000,466155.347289,-27664.045500,6.004551
2.769883,3.140328,-32.138451,482.345445,0.350407,0.005091,0.055532,-0.934936,-0.002169,0.016442,0.000000,39.232176,-8.172072,291.345445,-2.083467,-0.979200,217.040395,82.336291,1781630.428555,2.373464,130.058861,1.843366,-0.000000,469687.687816,-28228.026517,6.010899
2.787835,3.214920,-32.576892,486.229683,0.350399,0.005229,0.055599,-0.934934,-0.001165,0.017597,0.000000,39.232172,-8.172071,295.229683,-2.085495,-0.978302,218.518902,82.401913,1793386.520736,1.501602,131.841197,1.069176,-0.000000,473227.245412,-28809.793700,6.017305
2.816843,3.337295,-33.292085,492.561641,0.350385,0.005468,0.055697,-0.934932,-0.000062,0.017576,0.000000,39.232166,-8.172069,301.561641,-2.088801,-0.976837,220.910334,82.499290,1812385.195410,0.541991,134.917255,0.898259,-0.000000,478961.527127,-29804.615897,6.027779
2.845851,3.461885,-34.015670,498.962477,0.350371,0.005694,0.055779,-0.934931,0.000274,0.015299,0.000000,39.232159,-8.172068,307.962477,-2.092143,-0.975356,223.304651,82.601950,1831386.322137,1.700190,137.881424,2.022781,-0.000000,484714.096134,-30789.563229,6.038408
2.874858,3.588620,-34.747695,505.432258,0.350360,0.005877,0.055846,-0.934930,-0.000158,0.011208,0.000000,39.232153,-8.172066,314.432258,-2.095521,-0.973859,225.700963,82.620513,1850382.369235,2.823430,140.783489,2.944528,-0.000000,490034.194719,-31774.969055,6.049191
2.903866,3.717440,-35.488196,511.971012,0.350353,0.005991,0.055899,-0.934929,-0.001258,0.005991,0.000000,39.232146,-8.172065,320.971012,-2.098934,-0.972346,228.097387,82.619281,1869357.699642,3.490867,143.713477,3.405572,-0.000000,495281.337988,-32780.668617,6.060121
2.912568,3.756485,-35.712002,513.946082,0.350352,0.006010,0.055913,-0.934928,-0.001689,0.004334,0.000000,39.232144,-8.172064,322.946082,-2.099966,-0.971889,228.816291,82.618629,1875045.873531,3.582064,144.597850,3.438718,-0.000000,496855.612681,-33086.343841,6.063429
2.921271,3.795714,-35.936572,515.927359,0.350351,0.006021,0.055926,-0.934928,-0.002156,0.002678,0.000000,39.232142,-8.172064,324.927359,-2.101000,-0.971431,229.535190,82.617850,1880732.038101,3.620622,145.484707,3.422301,-0.000000,498429.958883,-33393.859821,6.066751
2.929973,3.835126,-36.161907,517.914842,0.350351,0.006025,0.055939,-0.934927,-0.002648,0.001048,0.000000,39.232140,-8.172064,326.914842,-2.102038,-0.970971,230.254070,82.614038,1886416.075544,3.606842,146.438421,3.357288,-0.000000,500004.346390,-33718.042426,6.070086
2.936170,3.863306,-36.322850,519.334057,0.350351,0.006024,0.055948,-0.934927,-0.003012,-0.000085,0.000000,39.232139,-8.172063,328.334057,-2.102779,-0.970643,230.766014,82.610721,1890462.707047,3.565422,147.130206,3.281976,-0.000000,501125.584624,-33952.651195,6.072469
2.942368,3.891578,-36.484182,520.756419,0.350351,0.006018,0.055956,-0.934926,-0.003381,-0.001185,0.000000,39.232137,-8.172063,329.756419,-2.103521,-0.970314,231.277938,82.607290,1894508.166888,3.498319,147.823717,3.183380,-0.000000,502246.820117,-34188.364344,6.074860
2.948565,3.919943,-36.645901,522.181929,0.350352,0.006010,0.055965,-0.934926,-0.003755,-0.002243,0.000000,39.232136,-8.172063,331.181929,-2.104266,-0.969984,231.789840,82.603829,1898552.449513,3.406282,148.518953,3.062421,-0.000000,503368.051778,-34425.184343,6.077257
2.955155,3.950203,-36.818265,523.700978,0.350352,0.005996,0.055974,-0.934925,-0.004153,-0.003315,0.000000,39.232134,-8.172062,332.700978,-2.105059,-0.969632,232.334068,82.599999,1902851.017259,3.282179,149.260018,2.910556,-0.000000,504560.135391,-34678.187169,6.079813
2.961744,3.980569,-36.991067,525.223585,0.350353,0.005980,0.055983,-0.934924,-0.004549,-0.004322,0.000000,39.232133,-8.172062,334.223585,-2.105854,-0.969280,232.878271,82.596129,1907148.239634,3.132404,150.003032,2.736239,-0.000000,505752.211708,-34932.446813,6.082377
2.968333,4.011040,-37.164308,526.749750,0.350354,0.005959,0.055992,-0.934923,-0.004938,-0.005258,0.000000,39.232131,-8.172061,335.749750,-2.106651,-0.968927,233.422449,82.592146,1911444.110027,2.958650,150.747806,2.541279,-0.000000,506944.279468,-35187.921941,6.084948
2.986334,4.094829,-37.639815,530.937235,0.350357,0.005889,0.056017,-0.934921,-0.005939,-0.007387,0.000000,39.232127,-8.172061,339.937235,-2.108837,-0.967958,234.909025,82.588551,1923173.669049,2.382687,152.622560,1.924936,-0.000000,510200.999672,-35852.416750,6.092014
3.004335,4.179422,-38.118585,535.151272,0.350362,0.005801,0.056046,-0.934918,-0.006807,-0.008817,0.000000,39.232123,-8.172060,344.151272,-2.111037,-0.966983,236.395613,82.593834,1934894.767828,1.698854,154.507919,1.227122,-0.000000,513519.590560,-36524.994274,6.099139
3.022336,4.264832,-38.600612,539.391864,0.350367,0.005701,0.056077,-0.934915,-0.007488,-0.009482,0.000000,39.232118,-8.172059,348.391864,-2.113251,-0.966002,237.882615,82.634868,1946610.633266,1.004074,156.488188,0.572072,-0.000000,517035.263224,-37225.819388,6.106326
3.053082,4.412640,-39.431434,546.696182,0.350376,0.005524,0.056139,-0.934909,-0.008125,-0.008831,0.000000,39.232111,-8.172057,355.696182,-2.117065,-0.964312,240.423850,82.696540,1966613.015134,0.894970,160.060438,1.039761,-0.000000,523051.409282,-38482.346771,6.118746
3.083827,4.562956,-40.271734,554.078054,0.350383,0.005371,0.056215,-0.934903,-0.008003,-0.006135,0.000000,39.232103,-8.172055,363.078054,-2.120919,-0.962604,242.967063,82.757290,1986605.960422,1.926251,163.658053,2.036598,-0.000000,529082.277309,-39763.516445,6.131352
3.114573,4.715853,-41.121506,561.537538,0.350387,0.005269,0.056302,-0.934896,-0.007188,-0.002060,0.000000,39.232096,-8.172053,370.537538,-2.124813,-0.960879,245.512137,82.819212,2006588.163106,2.648225,167.237412,2.615100,-0.000000,535127.629652,-41058.814350,6.144147
3.145318,4.871382,-41.980758,569.074691,0.350387,0.005235,0.056398,-0.934891,-0.005879,0.002483,0.000000,39.232088,-8.172052,378.074691,-2.128749,-0.959135,248.059225,82.890413,2026560.467367,2.816579,170.621514,2.641750,-0.000000,541187.808441,-42324.240576,6.157134
3.160408,4.948686,-42.405936,572.802213,0.350386,0.005245,0.056446,-0.934888,-0.005143,0.004580,0.000000,39.232084,-8.172051,381.802213,-2.130695,-0.958273,249.309586,82.857454,2036355.174761,2.679617,172.366858,2.449810,-0.000000,543785.935998,-42972.709993,6.163577
3.175497,5.026629,-42.833406,576.548447,0.350384,0.005272,0.056494,-0.934886,-0.004396,0.006446,0.000000,39.232080,-8.172050,385.548447,-2.132651,-0.957406,250.559131,82.782111,2046136.723584,2.409635,174.209019,2.139429,-0.000000,546208.940354,-43649.660357,6.170061
3.190587,5.105211,-43.263169,580.313379,0.350381,0.005312,0.056541,-0.934884,-0.003680,0.007989,0.000000,39.232076,-8.172049,389.313379,-2.134605,-0.956220,251.807537,82.706224,2055907.872023,2.025944,176.060442,1.733402,-0.000000,548626.445538,-44333.346080,6.176586
3.204364,5.177513,-43.657571,583.767287,0.350378,0.005359,0.056584,-0.934882,-0.003083,0.009058,0.000000,39.232073,-8.172048,392.767287,-2.136395,-0.955065,252.946401,82.636720,2064816.816907,1.595773,177.753537,1.304113,-0.000000,550828.954163,-44962.117469,6.182580
3.218141,5.250339,-44.053890,587.236755,0.350374,0.005412,0.056625,-0.934881,-0.002570,0.009761,0.000000,39.232069,-8.172047,396.236755,-2.138193,-0.953904,254.084310,82.567156,2073712.546773,1.112226,179.446265,0.852909,-0.000000,553026.872778,-45594.480609,6.188608
3.231919,5.323685,-44.452127,590.721768,0.350371,0.005471,0.056664,-0.934880,-0.002159,0.010077,0.000000,39.232066,-8.172046,399.721768,-2.139999,-0.952739,255.221261,82.497160,2082595.013906,0.608729,181.146030,0.470308,-0.000000,555220.197839,-46232.318237,6.194670
3.265375,5.503920,-45.427167,599.249090,0.350361,0.005614,0.056751,-0.934877,-0.001656,0.009271,0.000000,39.232057,-8.172044,408.249090,-2.144419,-0.949887,257.978095,82.324706,2104108.698918,0.750849,185.318953,1.022308,-0.000000,560527.071939,-47808.230370,6.209533
3.298830,5.687108,-46.413559,607.867803,0.350354,0.005730,0.056825,-0.934875,-0.001918,0.006545,0.000000,39.232048,-8.172042,416.867803,-2.148886,-0.947004,260.729119,82.148952,2125542.507422,1.719807,189.549068,1.828819,-0.000000,565806.581327,-49420.961455,6.224602
3.332286,5.873183,-47.411317,616.577713,0.350350,0.005791,0.056889,-0.934872,-0.002808,0.002766,0.000000,39.232039,-8.172040,425.577713,-2.153400,-0.944091,263.474093,81.960880,2146894.274479,2.171781,193.820596,2.115756,-0.000000,571001.543198,-51066.705738,6.239876
3.365742,6.062110,-48.420438,625.378610,0.350349,0.005786,0.056947,-0.934869,-0.004021,-0.000934,0.000000,39.232030,-8.172038,434.378610,-2.157962,-0.941148,266.212702,81.769524,2168161.232521,1.996862,198.132720,1.804295,-0.000000,576164.775357,-52745.446670,6.255357
3.379096,6.138316,-48.826407,628.916935,0.350350,0.005767,0.056970,-0.934867,-0.004510,-0.002136,0.000000,39.232026,-8.172037,437.916935,-2.159796,-0.939964,267.304049,81.692475,2176626.284256,1.765917,199.865183,1.533060,-0.000000,578217.411912,-53424.772703,6.261594
3.392451,6.214977,-49.234181,632.469709,0.350351,0.005739,0.056994,-0.934865,-0.004965,-0.003103,0.000000,39.232023,-8.172036,441.469709,-2.161637,-0.938776,268.394366,81.615322,2185077.654551,1.463528,201.596160,1.199035,-0.000000,580265.295123,-54107.273668,6.267865
3.405805,6.292097,-49.643758,636.036918,0.350352,0.005706,0.057018,-0.934863,-0.005365,-0.003795,0.000000,39.232019,-8.172035,445.036918,-2.163486,-0.937583,269.483652,81.538091,2193515.317216,1.114578,203.327621,0.825911,-0.000000,582308.425001,-54793.469838,6.274170
3.436791,6.472825,-50.601054,644.369659,0.350357,0.005614,0.057078,-0.934859,-0.005995,-0.004251,0.000000,39.232010,-8.172033,453.369659,-2.167805,-0.934796,272.007185,81.357322,2213040.633882,0.442080,207.370998,0.302876,-0.000000,587030.875295,-56406.401339,6.288929
3.467778,6.656081,-51.568007,652.779848,0.350361,0.005526,0.057145,-0.934854,-0.006089,-0.003104,0.000000,39.232002,-8.172031,461.779848,-2.172164,-0.931983,274.523229,81.031511,2232476.145084,0.973308,211.474293,1.052348,-0.000000,590845.140323,-58054.605709,6.303862
3.498765,6.841907,-52.544578,661.267196,0.350363,0.005464,0.057220,-0.934849,-0.005657,-0.000782,0.000000,39.231993,-8.172029,470.267196,-2.176563,-0.929145,277.027229,80.584732,2251784.632692,1.540842,215.599885,1.552524,-0.000000,593945.295785,-59727.038629,6.310020
3.523398,6.991484,-53.327752,668.069123,0.350363,0.005444,0.057283,-0.934845,-0.005038,0.001418,0.000000,39.231986,-8.172027,477.069123,-2.180088,-0.926870,279.007924,80.228042,2267032.881918,1.699531,218.892807,1.637171,-0.000000,596359.131026,-61072.827803,6.312234
3.543022,7.111822,-53.955986,673.522451,0.350362,0.005448,0.057334,-0.934842,-0.004448,0.003115,-0.000000,39.231980,-8.172026,482.522451,-2.182915,-0.925046,280.579302,79.933040,2279113.930195,1.609002,221.735761,1.495194,0.000000,598249.536109,-62214.464970,6.314008
3.562646,7.233202,-54.588039,679.006307,0.350360,0.005468,0.057386,-0.934840,-0.003847,0.004552,-0.000000,39.231975,-8.172024,488.006307,-2.185757,-0.923212,282.144824,79.634911,2291135.583304,1.341816,224.633379,1.194021,0.000000,600111.042457,-63379.145142,6.315792
3.582270,7.355617,-55.223907,684.520577,0.350357,0.005502,0.057436,-0.934837,-0.003305,0.005573,-0.000000,39.231969,-8.172023,493.520577,-2.188615,-0.921368,283.704540,79.341723,2303098.202122,0.934795,227.414457,0.781773,0.000000,601943.843034,-64518.513933,6.317586
3.601894,7.479057,-55.863583,690.065150,0.350354,0.005546,0.057485,-0.934835,-0.002880,0.006078,-0.000000,39.231963,-8.172021,499.065150,-2.191489,-0.919513,285.258770,79.074879,2315004.370429,0.442228,230.049531,0.354941,0.000000,603986.487599,-65623.646368,6.319389
3.625099,7.626327,-56.624870,696.660231,0.350350,0.005601,0.057539,-0.934833,-0.002586,0.005957,-0.000000,39.231956,-8.172020,505.660231,-2.194907,-0.917308,287.094774,79.214606,2329052.824803,0.195468,233.190459,0.425785,0.000000,609028.619841,-66947.762066,6.321534
3.648303,7.775001,-57.391491,703.297556,0.350347,0.005652,0.057589,-0.934831,-0.002553,0.005113,0.000000,39.231949,-8.172018,512.297556,-2.198347,-0.915088,288.933022,79.337499,2343102.652317,0.733918,236.693759,0.869549,-0.000000,614090.289730,-68388.643001,6.323693
3.671507,7.925066,-58.163466,709.977199,0.350344,0.005690,0.057636,-0.934829,-0.002767,0.003740,0.000000,39.231943,-8.172016,518.977199,-2.201809,-0.912854,290.775002,79.458882,2357165.790314,1.121244,240.233848,1.173090,-0.000000,619174.695268,-69853.997646,6.325865
3.694711,8.076513,-58.940815,716.699274,0.350342,0.005710,0.057680,-0.934827,-0.003168,0.002116,0.000000,39.231936,-8.172014,525.699274,-2.205293,-0.910606,292.620478,79.594073,2371240.164844,1.290759,243.486638,1.261206,-0.000000,624281.374865,-71249.176227,6.328051
3.717915,8.229341,-59.723553,723.463868,0.350342,0.005710,0.057722,-0.934824,-0.003669,0.000545,0.000000,39.231928,-8.172013,532.463868,-2.208799,-0.908343,294.468991,79.728174,2385321.929732,1.229108,246.768188,1.127637,-0.000000,629409.393341,-72665.579409,6.330251
3.743823,8.401610,-60.603863,731.066896,0.350342,0.005690,0.057769,-0.934821,-0.004227,-0.000824,-0.000000,39.231921,-8.172011,540.066896,-2.212740,-0.905800,296.536114,79.858900,2401050.086519,0.928836,250.839336,0.763970,0.000000,635159.380738,-74382.921951,6.332724
3.769730,8.575616,-61.490901,738.723019,0.350343,0.005654,0.057817,-0.934818,-0.004660,-0.001533,-0.000000,39.231913,-8.172009,547.723019,-2.216708,-0.903240,298.602530,79.667105,2416750.724475,0.504079,254.950038,0.281575,0.000000,638805.473729,-76128.726301,6.335214
3.795638,8.751374,-62.384658,746.432165,0.350345,0.005613,0.057868,-0.934815,-0.004879,-0.001478,-0.000000,39.231905,-8.172007,555.432165,-2.220704,-0.900662,300.663059,79.352190,2432381.783000,0.356979,259.087737,0.299958,0.000000,641759.565751,-77898.111348,6.337721
3.821545,8.928899,-63.285110,754.194157,0.350346,0.005576,0.057922,-0.934811,-0.004845,-0.000733,-0.000000,39.231897,-8.172004,563.194157,-2.224727,-0.898066,302.714918,79.028127,2447920.682126,0.685678,263.401435,0.699142,0.000000,644675.265297,-79735.543789,6.340246
3.847453,9.108202,-64.192231,762.008749,0.350347,0.005552,0.057979,-0.934808,-0.004582,0.000478,-0.000000,39.231888,-8.172002,571.008749,-2.228777,-0.895452,304.757583,78.691060,2463363.130385,0.937789,267.972988,0.921779,0.000000,647551.583894,-81666.799995,6.342788
3.873361,9.289289,-65.105996,769.875698,0.350346,0.005546,0.058037,-0.934804,-0.004164,0.001836,-0.000000,39.231880,-8.172000,578.875698,-2.232854,-0.892821,306.791532,78.364703,2478712.931797,0.974063,272.302413,0.916383,0.000000,650389.666443,-83540.074497,6.345348
3.899268,9.472159,-66.026388,777.794781,0.350344,0.005558,0.058096,-0.934801,-0.003697,0.003006,-0.000000,39.231872,-8.171998,586.794781,-2.236959,-0.890172,308.817233,78.045634,2493973.818982,0.785763,276.462582,0.700211,0.000000,653190.632706,-85376.409725,6.347926
3.925176,9.656803,-66.953393,785.765797,0.350342,0.005584,0.058153,-0.934798,-0.003292,0.003723,-0.000000,39.231864,-8.171996,594.765797,-2.241090,-0.887506,310.835099,77.749847,2509149.050678,0.428084,280.442789,0.351676,0.000000,656059.811088,-87171.462321,6.350521
3.962304,9.924484,-68.293408,797.279325,0.350338,0.005631,0.058232,-0.934794,-0.002980,0.003722,-0.000000,39.231852,-8.171993,606.279325,-2.247058,-0.883656,313.713657,77.330597,2530750.551849,0.200829,286.053584,0.320691,0.000000,660116.458835,-89738.916132,6.354271
3.989878,10.125585,-69.297333,805.898285,0.350336,0.005661,0.058287,-0.934792,-0.003022,0.002974,0.000000,39.231842,-8.171991,614.898285,-2.251525,-0.880773,315.841141,76.999231,2546680.001335,0.573108,290.617137,0.619800,-0.000000,663083.573565,-91788.848231,6.357080
4.017452,10.328629,-70.308707,814.575287,0.350334,0.005678,0.058339,-0.934789,-0.003267,0.001871,0.000000,39.231833,-8.171988,623.575287,-2.256046,-0.877436,317.959643,76.675180,2562508.861485,0.753536,295.008115,0.731556,-0.000000,666011.537690,-93800.674963,6.359910
4.045025,10.533601,-71.327512,823.310083,0.350333,0.005679,0.058390,-0.934786,-0.003624,0.000775,0.000000,39.231824,-8.171986,632.310083,-2.260606,-0.873941,320.069276,76.361369,2578239.699575,0.707086,299.167571,0.620026,-0.000000,668900.716124,-95754.347897,6.362759
4.072599,10.740496,-72.353725,832.102462,0.350333,0.005664,0.058440,-0.934783,-0.003976,0.000016,0.000000,39.231815,-8.171983,641.102462,-2.265195,-0.870424,322.172119,76.191869,2593889.995195,0.487069,303.343020,0.337722,-0.000000,672774.866882,-97728.663549,6.365630
4.100172,10.949321,-73.387328,840.952245,0.350334,0.005642,0.058493,-0.934780,-0.004212,-0.000201,-0.000000,39.231806,-8.171981,649.952245,-2.269815,-0.866883,324.270514,76.060765,2609478.536517,0.285858,307.539058,0.087363,0.000000,676858.790984,-99725.848470,6.368521
4.127746,11.160087,-74.428308,849.859319,0.350334,0.005619,0.058547,-0.934776,-0.004263,0.000138,-0.000000,39.231796,-8.171979,658.859319,-2.274464,-0.863320,326.365255,75.907525,2625011.582618,0.403654,312.187301,0.358022,0.000000,680931.231606,-101887.087966,6.371432
4.155320,11.372808,-75.476655,858.823603,0.350334,0.005605,0.058604,-0.934773,-0.004126,0.000874,-0.000000,39.231787,-8.171976,667.823603,-2.279143,-0.859733,328.456056,75.750978,2640486.709625,0.566939,316.896322,0.531962,0.000000,684991.606043,-104086.516070,6.374365
4.182893,11.587492,-76.532363,867.844994,0.350333,0.005602,0.058662,-0.934770,-0.003856,0.001733,-0.000000,39.231777,-8.171974,676.844994,-2.283852,-0.856124,330.542502,75.592570,2655900.437652,0.577097,321.635865,0.525940,0.000000,689039.058580,-106314.323493,6.377318
4.213333,11.826773,-77.706339,877.870213,0.350332,0.005613,0.058726,-0.934766,-0.003517,0.002474,-0.000000,39.231767,-8.171971,686.870213,-2.289085,-0.852114,332.840306,75.399546,2672841.203275,0.392924,326.902130,0.334762,0.000000,693372.939198,-108806.204924,6.380602
4.243772,12.068439,-78.889270,887.964668,0.350330,0.005634,0.058788,-0.934763,-0.003268,0.002723,-0.000000,39.231756,-8.171968,696.964668,-2.294354,-0.848075,335.131756,75.180982,2689698.412324,0.111656,332.202442,0.114882,0.000000,697534.411870,-111331.587706,6.383912
4.274212,12.312471,-80.081149,898.128158,0.350328,0.005654,0.058847,-0.934760,-0.003193,0.002434,-0.000000,39.231746,-8.171965,707.128158,-2.299659,-0.844009,337.416498,74.960100,2706469.099939,0.237822,337.535557,0.269260,0.000000,701673.566897,-113890.065579,6.387248
4.304651,12.558851,-81.281967,908.360476,0.350326,0.005667,0.058904,-0.934757,-0.003288,0.001809,-0.000000,39.231735,-8.171962,717.360476,-2.305000,-0.839916,339.694480,74.736959,2723152.719304,0.393510,342.900935,0.374072,0.000000,705790.329708,-116481.555061,6.390609
4.335091,12.807567,-82.491712,918.661424,0.350325,0.005669,0.058960,-0.934754,-0.003474,0.001168,-0.000000,39.231724,-8.171959,727.661424,-2.310377,-0.835795,341.965704,74.511563,2739749.183192,0.389142,348.298175,0.316687,0.000000,709884.742356,-119106.030681,6.393997
4.365530,13.058617,-83.710364,929.030794,0.350324,0.005662,0.059016,-0.934750,-0.003649,0.000775,-0.000000,39.231713,-8.171957,738.030794,-2.315790,-0.831646,344.229884,74.268880,2756256.098902,0.285562,354.424806,0.149314,0.000000,714098.809660,-122003.610097,6.397411
4.400224,13.347600,-85.110146,940.932341,0.350324,0.005651,0.059081,-0.934746,-0.003747,0.000758,-0.000000,39.231700,-8.171953,749.932341,-2.322002,-0.826885,346.801527,73.989519,2774957.605985,0.226523,361.928160,0.076501,0.000000,719032.582984,-125517.238688,6.401333
4.428867,13.588487,-86.274528,950.825182,0.350324,0.005643,0.059135,-0.934743,-0.003721,0.001019,-0.000000,39.231690,-8.171950,759.825182,-2.327166,-0.822927,348.917310,73.755645,2790305.864357,0.274096,368.174345,0.194029,0.000000,723086.145766,-128462.401909,6.404598
4.457511,13.831451,-87.446741,960.777991,0.350323,0.005641,0.059191,-0.934740,-0.003618,0.001385,-0.000000,39.231679,-8.171948,769.777991,-2.332361,-0.818945,351.026285,73.518881,2805569.978444,0.289780,374.466093,0.223422,0.000000,727121.567695,-131447.441489,6.407885
4.486155,14.076489,-88.626767,970.790572,0.350322,0.005644,0.059246,-0.934737,-0.003481,0.001707,-0.000000,39.231669,-8.171945,779.790572,-2.337587,-0.814940,353.128424,73.279277,2820749.623035,0.237744,380.802823,0.169889,0.000000,731138.806699,-134472.300780,6.411197
4.514799,14.323595,-89.814592,980.862708,0.350321,0.005652,0.059301,-0.934734,-0.003358,0.001872,-0.000000,39.231658,-8.171942,789.862708,-2.342845,-0.810910,355.222382,72.943318,2835833.995708,0.155282,387.328350,0.079810,0.000000,734469.235424,-137587.699157,6.414532
4.543443,14.572760,-91.010195,990.994140,0.350319,0.005660,0.059355,-0.934731,-0.003289,0.001836,-0.000000,39.231647,-8.171939,799.994140,-2.348133,-0.806857,357.305633,72.512674,2850802.871490,0.148982,393.885953,0.096680,0.000000,737139.096109,-140737.669838,6.417890
4.580737,14.900241,-92.578500,1004.273784,0.350318,0.005669,0.059423,-0.934727,-0.003298,0.001546,-0.000000,39.231633,-8.171935,813.273784,-2.355065,-0.801544,360.000642,71.992800,2870108.581329,0.231418,401.558384,0.174202,0.000000,740550.851131,-144561.276164,6.422299
4.618032,15.231165,-94.159877,1017.652686,0.350317,0.005672,0.059490,-0.934723,-0.003391,0.001176,-0.000000,39.231619,-8.171931,826.652686,-2.362048,-0.796192,362.676335,71.520392,2889209.272546,0.249259,408.230129,0.147244,0.000000,743890.824877,-148055.407203,6.426749
4.655327,15.565511,-95.754259,1031.130155,0.350316,0.005668,0.059557,-0.934719,-0.003496,0.000962,-0.000000,39.231605,-8.171927,840.130155,-2.369083,-0.790800,365.335145,71.111123,2908124.349307,0.213251,414.499743,0.025751,0.000000,747566.522163,-151431.323465,6.431239
4.692622,15.903275,-97.361598,1044.705692,0.350315,0.005662,0.059625,-0.934715,-0.003530,0.001028,-0.000000,39.231590,-8.171924,853.705692,-2.375979,-0.785147,367.984764,71.036403,2926922.224765,0.228606,420.793662,0.107698,0.000000,753628.751344,-154845.656608,6.435770
4.723414,16.184727,-98.698433,1055.987933,0.350314,0.005659,0.059681,-0.934712,-0.003476,0.001300,-0.000000,39.231578,-8.171920,864.987933,-2.380540,-0.779095,370.170138,70.969855,2942430.283142,0.293145,426.084319,0.199346,0.000000,758636.294407,-157723.691474,6.439542
4.754206,16.468519,-100.044090,1067.336818,0.350313,0.005661,0.059739,-0.934709,-0.003373,0.001657,-0.000000,39.231566,-8.171917,876.336818,-2.385129,-0.773007,372.354193,70.902934,2957893.362387,0.292921,431.378523,0.192095,0.000000,763647.411438,-160625.601634,6.443343
4.784998,16.754656,-101.398574,1078.752329,0.350312,0.005669,0.059796,-0.934705,-0.003271,0.001928,-0.000000,39.231554,-8.171914,887.752329,-2.389745,-0.766882,374.536421,70.836166,2973307.222385,0.221113,436.665858,0.094448,0.000000,768661.058470,-163547.267866,6.447172
4.815790,17.043134,-102.761886,1090.234383,0.350310,0.005680,0.059854,-0.934702,-0.003220,0.001977,-0.000000,39.231542,-8.171910,899.234383,-2.394387,-0.760723,376.715111,70.679254,2988658.063297,0.176158,441.477548,0.068788,0.000000,772761.640115,-166311.263538,6.604788
4.846582,17.333943,-104.134019,1101.782820,0.350309,0.005691,0.059910,-0.934699,-0.003240,0.001779,-0.000000,39.231530,-8.171907,910.782820,-2.399056,-0.754527,378.887300,70.406282,3003922.249245,0.229189,446.157167,0.178032,0.000000,775973.034818,-169043.284266,6.592497
4.882611,17.677159,-105.750698,1115.379345,0.350307,0.005698,0.059975,-0.934695,-0.003325,0.001387,-0.000000,39.231515,-8.171903,924.379345,-2.404554,-0.747233,381.418428,70.085934,3021654.577567,0.258988,451.629446,0.192061,0.000000,779691.034455,-172259.793221,6.578251
4.918640,18.023537,-107.379398,1129.066023,0.350306,0.005698,0.060040,-0.934692,-0.003408,0.001083,-0.000000,39.231500,-8.171899,938.066023,-2.410088,-0.739891,383.937945,69.794962,3039246.571893,0.205710,456.492155,0.074520,0.000000,783365.888291,-175264.659663,6.564154
4.954669,18.373073,-109.020080,1142.842434,0.350306,0.005694,0.060104,-0.934688,-0.003418,0.001070,-0.000000,39.231486,-8.171895,951.842434,-2.415658,-0.732500,386.446556,69.500454,3056703.737805,0.213802,461.453883,0.098513,0.000000,787023.225964,-178327.264004,6.550199
4.990698,18.725768,-110.672707,1156.708190,0.350305,0.005691,0.060168,-0.934684,-0.003334,0.001345,-0.000000,39.231471,-8.171891,965.708190,-2.421264,-0.725061,388.944688,69.203622,3074029.343832,0.281077,466.870971,0.196561,0.000000,790802.922834,-181586.984515,6.536383
5.026727,19.081621,-112.337247,1170.662934,0.350303,0.005696,0.060233,-0.934680,-0.003201,0.001707,-0.000000,39.231456,-8.171887,979.662934,-2.426907,-0.717575,391.432960,68.943705,3091228.150648,0.260099,471.535575,0.158521,0.000000,794545.802620,-184574.565890,6.522701
5.062756,19.440627,-114.013671,1184.706315,0.350302,0.005706,0.060298,-0.934677,-0.003100,0.001895,-0.000000,39.231441,-8.171883,993.706315,-2.432585,-0.710041,393.911403,68.660592,3108300.284491,0.182570,476.640756,0.036613,0.000000,798252.032138,-187754.229257,6.509151
5.098785,19.802770,-115.701953,1198.837977,0.350300,0.005718,0.060361,-0.934673,-0.003094,0.001774,-0.000000,39.231426,-8.171878,1007.837977,-2.438299,-0.702460,396.379659,68.370571,3125242.776016,0.223151,481.860852,0.153384,0.000000,801920.981367,-190999.840252,6.495737
5.134815,20.168033,-117.402067,1213.057562,0.350299,0.005727,0.060424,-0.934670,-0.003183,0.001427,-0.000000,39.231410,-8.171874,1022.057562,-2.444048,-0.694831,398.838159,68.121466,3142058.926901,0.279125,486.479026,0.201510,0.000000,805646.196053,-194026.399322,6.482454
5.170844,20.536401,-119.113987,1227.364715,0.350298,0.005728,0.060487,-0.934666,-0.003298,0.001098,-0.000000,39.231395,-8.171870,1036.364715,-2.449833,-0.687156,401.286950,67.840868,3158749.000670,0.240201,491.713077,0.110970,0.000000,809339.685197,-197318.041186,6.469302
5.206873,20.907867,-120.837681,1241.759081,0.350297,0.005724,0.060549,-0.934662,-0.003349,0.001015,-0.000000,39.231379,-8.171866,1050.759081,-2.455653,-0.679434,403.725644,67.550990,3175309.842697,0.210038,497.108260,0.058195,0.000000,812997.548320,-200695.352300,6.456282
5.242902,21.282433,-122.573114,1256.240294,0.350296,0.005721,0.060612,-0.934658,-0.003286,0.001230,-0.000000,39.231364,-8.171861,1065.240294,-2.461508,-0.671665,406.153900,67.260473,3191738.682196,0.269859,502.495710,0.183848,0.000000,816619.195422,-204090.592431,6.443398
5.278931,21.660099,-124.320249,1270.807969,0.350295,0.005724,0.060675,-0.934655,-0.003137,0.001591,-0.000000,39.231348,-8.171857,1079.807969,-2.467398,-0.663850,408.571060,66.937961,3208030.257985,0.268034,506.994811,0.177793,0.000000,819572.984934,-207143.407300,6.430652
5.314960,22.040859,-126.079049,1285.461692,0.350293,0.005733,0.060738,-0.934651,-0.003001,0.001828,-0.000000,39.231332,-8.171852,1094.461692,-2.473012,-0.655806,410.976297,66.595094,3224187.466893,0.189315,511.440353,0.056060,0.000000,822324.775319,-210189.862411,6.418050
5.350989,22.424696,-127.849477,1300.201027,0.350292,0.005746,0.060800,-0.934648,-0.002978,0.001814,-0.000000,39.231317,-8.171848,1109.201027,-2.477144,-0.646827,413.369131,66.250991,3240243.624361,0.195667,515.884243,0.098159,0.000000,825027.545751,-213250.621187,6.405593
5.388062,22.822842,-129.683281,1315.456163,0.350290,0.005756,0.060863,-0.934644,-0.003072,0.001576,-0.000000,39.231300,-8.171843,1124.456163,-2.481420,-0.637533,415.818173,65.893876,3256610.560228,0.242820,520.489803,0.157065,0.000000,827757.328989,-216429.118902,6.392929
5.425134,23.224205,-131.529313,1330.800972,0.350289,0.005761,0.060926,-0.934640,-0.003179,0.001295,-0.000000,39.231283,-8.171839,1139.800972,-2.485721,-0.628185,418.253870,65.532205,3272820.539116,0.221859,524.995831,0.099734,0.000000,830365.110592,-219581.537953,6.380421
5.462207,23.628772,-133.387526,1346.234958,0.350288,0.005762,0.060990,-0.934637,-0.003187,0.001183,-0.000000,39.231267,-8.171834,1155.234958,-2.490047,-0.618782,420.676093,65.165355,3288872.549152,0.204352,529.489321,0.045592,0.000000,832886.632323,-222743.498584,6.368071
5.499280,24.036538,-135.257868,1361.757623,0.350286,0.005763,0.061052,-0.934633,-0.003086,0.001327,-0.000000,39.231250,-8.171829,1170.757623,-2.494398,-0.609326,423.084695,64.796294,3304765.455021,0.268282,533.997699,0.148704,0.000000,835354.920598,-225926.253435,6.355878
5.536352,24.447499,-137.140289,1377.368465,0.350285,0.005768,0.061114,-0.934629,-0.002967,0.001628,-0.000000,39.231233,-8.171824,1186.368465,-2.498774,-0.599815,425.479687,64.431929,3320499.335651,0.289055,538.387409,0.144006,0.000000,837770.217142,-229072.906130,6.343842
5.570825,24.832498,-138.901507,1391.963327,0.350284,0.005778,0.061172,-0.934626,-0.002914,0.001850,-0.000000,39.231217,-8.171820,1200.963327,-2.502865,-0.590924,427.695498,64.141813,3334994.827010,0.247167,542.965645,0.041895,0.000000,840623.876443,-232223.961973,6.332784
5.605298,25.220237,-140.673099,1406.633667,0.350282,0.005790,0.061230,-0.934623,-0.002943,0.001862,-0.000000,39.231201,-8.171816,1215.633667,-2.506977,-0.581986,429.901897,63.892379,3349371.153194,0.230912,547.810857,0.088098,0.000000,843873.694051,-235504.926778,6.321845
5.639771,25.610702,-142.455041,1421.379184,0.350280,0.005800,0.061289,-0.934620,-0.003025,0.001652,-0.000000,39.231185,-8.171811,1230.379184,-2.511111,-0.573003,432.100295,63.681027,3363639.242972,0.261095,551.907865,0.176372,0.000000,847096.669743,-238479.551110,6.311015
5.674244,26.003882,-144.247315,1436.199606,0.350279,0.005807,0.061347,-0.934616,-0.003105,0.001338,-0.000000,39.231169,-8.171806,1245.199606,-2.515265,-0.563974,434.291384,63.472156,3377804.407617,0.248427,555.942587,0.166538,0.000000,850294.220616,-241441.075692,6.300289
5.710522,26.420564,-146.144537,1451.876381,0.350278,0.005809,0.061408,-0.934613,-0.003131,0.001089,-0.000000,39.231152,-8.171802,1260.876381,-2.519659,-0.554424,436.588258,63.191716,3392591.923521,0.184034,560.118384,0.062823,0.000000,853047.912954,-244541.109890,6.289120
5.746799,26.840235,-148.053138,1467.635395,0.350277,0.005808,0.061468,-0.934609,-0.003071,0.001085,-0.000000,39.231135,-8.171797,1276.635395,-2.524077,-0.544823,438.871782,62.734975,3407224.482829,0.224265,564.257999,0.120127,0.000000,854325.450082,-247636.913488,6.278102
5.783076,27.262891,-149.973068,1483.476171,0.350276,0.005809,0.061527,-0.934606,-0.002956,0.001346,-0.000000,39.231118,-8.171792,1292.476171,-2.528517,-0.535173,441.139366,62.275593,3421682.049791,0.319171,568.414137,0.207187,0.000000,855538.938385,-250749.851820,6.267253
5.819354,27.688522,-151.904265,1499.398118,0.350275,0.005815,0.061586,-0.934602,-0.002849,0.001716,-0.000000,39.231100,-8.171787,1308.398118,-2.532980,-0.525473,443.390128,61.815522,3435957.905451,0.320260,572.549879,0.169519,0.000000,856687.020452,-253862.964337,6.256578
5.852581,28.080957,-153.682887,1514.051796,0.350273,0.005826,0.061640,-0.934599,-0.002813,0.001926,-0.000000,39.231084,-8.171782,1323.051796,-2.537087,-0.516546,445.437030,61.409538,3448875.285980,0.247076,576.224289,0.030094,0.000000,857827.422490,-256671.635792,6.246952
5.885807,28.475857,-155.470865,1528.772638,0.350272,0.005839,0.061695,-0.934596,-0.002854,0.001868,-0.000000,39.231068,-8.171778,1337.772638,-2.540841,-0.507307,447.473662,61.189659,3461670.925176,0.236377,580.345416,0.134909,0.000000,860659.265456,-259689.288830,6.237446
5.919034,28.873209,-157.268171,1543.560326,0.350270,0.005850,0.061750,-0.934593,-0.002935,0.001712,-0.000000,39.231052,-8.171773,1352.560326,-2.539477,-0.494301,449.501884,60.946634,3474368.909527,0.241620,584.888902,0.091113,0.000000,863465.028326,-262908.663726,6.228054
5.952261,29.273004,-159.074784,1558.414598,0.350269,0.005859,0.061806,-0.934590,-0.002987,0.001631,-0.000000,39.231036,-8.171769,1367.414598,-2.538106,-0.481237,451.522903,60.741488,3486968.260149,0.249276,588.700752,0.003340,0.000000,866247.087466,-265811.872762,6.218760
5.983240,29.647959,-160.767580,1572.324030,0.350267,0.005868,0.061858,-0.934587,-0.002982,0.001691,-0.000000,39.231021,-8.171764,1381.324030,-2.536822,-0.469003,453.401384,60.560383,3498631.503781,0.275734,592.050416,0.075007,0.000000,868820.901449,-268436.478352,6.210178
6.014220,30.025034,-162.468436,1586.290992,0.350266,0.005877,0.061911,-0.934584,-0.002931,0.001829,0.000000,39.231006,-8.171760,1395.290992,-2.535533,-0.456719,455.275565,60.440705,3510224.018715,0.296919,595.383710,0.113022,-0.000000,871939.025790,-271063.654911,6.201668
6.045199,30.404230,-164.177351,1600.315404,0.350264,0.005889,0.061963,-0.934581,-0.002860,0.001979,0.000000,39.230990,-8.171755,1409.315404,-2.534239,-0.444384,457.147529,60.402904,3521761.757999,0.286716,598.704986,0.101549,-0.000000,875713.022611,-273696.505170,6.193215
6.080478,30.838630,-166.133240,1616.356025,0.350262,0.005905,0.062022,-0.934577,-0.002781,0.002106,0.000000,39.230973,-8.171750,1425.356025,-2.532758,-0.430276,459.277013,60.360477,3534837.089599,0.244563,602.473246,0.045818,-0.000000,880008.305142,-276702.113024,6.183655
6.115757,31.275775,-168.099576,1632.470967,0.350260,0.005922,0.062080,-0.934574,-0.002748,0.002104,0.000000,39.230955,-8.171745,1441.470967,-2.531271,-0.416102,461.403982,60.271531,3547843.726062,0.216512,607.109301,0.062210,-0.000000,884300.770751,-280122.648994,6.174168
6.151036,31.715658,-170.076360,1648.660123,0.350258,0.005939,0.062139,-0.934571,-0.002778,0.001971,0.000000,39.230937,-8.171740,1457.660123,-2.529777,-0.401863,463.528263,60.187054,3560780.118263,0.229480,611.641622,0.118659,-0.000000,888516.429780,-283513.178333,6.164754
6.186315,32.158269,-172.063580,1664.923311,0.350257,0.005953,0.062197,-0.934568,-0.002845,0.001780,0.000000,39.230919,-8.171735,1473.923311,-2.528276,-0.387559,465.644924,59.856313,3573608.219225,0.239235,615.364650,0.108105,-0.000000,890273.917013,-286541.425546,6.155447
6.221594,32.603598,-174.061212,1681.260239,0.350255,0.005964,0.062255,-0.934564,-0.002905,0.001638,0.000000,39.230901,-8.171730,1490.260239,-2.526769,-0.373191,467.750868,59.526111,3586304.216403,0.239083,619.053627,0.033391,-0.000000,891990.057277,-289562.870949,6.146268
6.256873,33.051636,-176.069218,1697.670514,0.350253,0.005973,0.062313,-0.934561,-0.002912,0.001641,0.000000,39.230883,-8.171725,1506.670514,-2.525254,-0.358757,469.845014,59.195626,3598859.874674,0.270385,622.724888,0.067711,-0.000000,893662.956771,-292584.183848,6.137224
6.292152,33.502374,-178.087552,1714.153703,0.350252,0.005983,0.062371,-0.934558,-0.002848,0.001796,0.000000,39.230865,-8.171719,1523.153703,-2.523733,-0.344260,471.927177,58.861809,3611273.827816,0.312065,626.433777,0.128427,-0.000000,895292.435861,-295631.123937,6.128316
6.324717,33.920820,-179.959716,1729.432951,0.350250,0.005996,0.062424,-0.934555,-0.002759,0.001993,0.000000,39.230848,-8.171715,1538.432951,-2.522323,-0.330822,473.833913,58.291819,3622571.863414,0.301391,629.772815,0.108721,-0.000000,894329.065904,-298407.717076,6.120246
6.357281,34.341542,-181.840575,1744.773330,0.350248,0.006011,0.062477,-0.934552,-0.002692,0.002116,0.000000,39.230831,-8.171710,1553.773330,-2.520907,-0.317329,475.721270,57.626609,3633679.373823,0.251319,633.015174,0.035652,-0.000000,892520.872445,-301138.782155,6.112355
6.389846,34.764515,-183.730058,1760.174195,0.350247,0.006028,0.062530,-0.934549,-0.002682,0.002091,0.000000,39.230815,-8.171705,1569.174195,-2.519486,-0.303784,477.587180,56.962127,3644580.896062,0.225670,636.200639,0.075834,-0.000000,890630.071539,-303841.269276,6.104656
6.422411,35.189713,-185.628090,1775.634843,0.350245,0.006043,0.062583,-0.934546,-0.002728,0.001938,0.000000,39.230797,-8.171700,1584.634843,-2.518059,-0.290186,479.431174,56.298418,3655273.229818,0.238565,639.328055,0.125346,-0.000000,888656.518163,-306513.800112,6.097152
6.427837,35.260782,-185.945206,1778.216982,0.350245,0.006045,0.062592,-0.934545,-0.002750,0.001890,0.000000,39.230795,-8.171699,1587.216982,-2.516282,-0.287870,479.736311,56.187979,3657021.892587,0.215416,639.842586,0.201150,-0.000000,888319.618188,-306955.722027,6.095924
6.433264,35.331913,-186.262556,1780.800758,0.350244,0.006047,0.062600,-0.934545,-0.002765,0.001851,0.000000,39.230792,-8.171698,1589.800758,-2.506414,-0.285314,480.040846,56.077809,3658698.119407,0.215786,640.350603,0.134599,-0.000000,887980.457895,-307394.445564,6.094722
6.438690,35.403105,-186.580140,1783.386167,0.350244,0.006049,0.062609,-0.934544,-0.002746,0.001853,0.000000,39.230789,-8.171697,1592.386167,-2.496541,-0.282757,480.344782,55.967694,3660368.482250,0.401020,640.857013,0.122708,-0.000000,887639.044254,-307832.322545,6.093525
6.449544,35.545674,-187.216011,1788.561868,0.350243,0.006054,0.062626,-0.934543,-0.002585,0.002013,0.000000,39.230783,-8.171696,1597.561868,-2.476775,-0.277639,480.950860,55.747542,3663691.650866,0.867975,641.865018,0.533722,-0.000000,886949.476394,-308705.532147,6.091147
6.460397,35.688491,-187.852815,1793.744065,0.350243,0.006061,0.062643,-0.934542,-0.002278,0.002357,0.000000,39.230777,-8.171694,1602.744065,-2.456984,-0.272513,481.554891,55.575401,3666994.068618,1.293511,642.867360,0.885251,-0.000000,886718.870117,-309575.921502,6.088789
6.471250,35.831557,-188.490551,1798.932739,0.350242,0.006071,0.062658,-0.934542,-0.001855,0.002852,0.000000,39.230772,-8.171692,1607.932739,-2.437169,-0.267382,482.157046,55.410472,3670277.031319,1.633756,643.864403,1.147743,-0.000000,886501.977835,-310443.758711,6.086448
6.489860,36.077460,-189.586256,1807.844936,0.350240,0.006095,0.062681,-0.934541,-0.000949,0.003940,0.000000,39.230762,-8.171690,1616.844936,-2.403134,-0.258568,483.185260,55.127847,3675861.537386,1.970008,645.561822,1.361028,-0.000000,886114.437297,-311925.957074,6.082476
6.508471,36.324102,-190.684682,1816.776022,0.350237,0.006132,0.062700,-0.934540,-0.000002,0.005106,0.000000,39.230752,-8.171687,1625.776022,-2.369026,-0.249735,484.208193,54.845319,3681390.713883,1.949773,647.244145,1.254880,-0.000000,885707.541352,-313400.917549,6.078556
6.527081,36.571479,-191.785816,1825.725893,0.350234,0.006182,0.062715,-0.934540,0.000770,0.006081,0.000000,39.230742,-8.171684,1634.725893,-2.334847,-0.240883,485.225920,54.562959,3686865.183921,1.596729,648.911515,0.869425,-0.000000,885281.503714,-314868.686716,6.074686
6.545691,36.819580,-192.889649,1834.694450,0.350230,0.006240,0.062728,-0.934540,0.001212,0.006664,0.000000,39.230732,-8.171681,1643.694450,-2.300596,-0.232013,486.238417,54.279122,3692284.799341,1.020260,650.593859,0.310610,-0.000000,884836.351653,-316343.728171,6.070867
6.566602,37.099190,-194.133105,1844.793557,0.350226,0.006311,0.062740,-0.934540,0.001215,0.006716,0.000000,39.230721,-8.171678,1653.793557,-2.262028,-0.222025,487.369766,53.959416,3698308.532298,0.351795,652.486212,0.356772,-0.000000,884313.405931,-318002.052558,6.066637
6.587512,37.379672,-195.379940,1854.915998,0.350222,0.006378,0.062754,-0.934541,0.000731,0.006155,0.000000,39.230710,-8.171675,1663.915998,-2.223371,-0.212014,488.494449,53.640088,3704262.682925,0.495926,654.359528,0.873974,-0.000000,883766.414128,-319650.997134,6.062472
6.608422,37.661003,-196.630140,1865.061631,0.350218,0.006436,0.062771,-0.934541,-0.000053,0.005202,0.000000,39.230699,-8.171671,1674.061631,-2.184625,-0.201980,489.612192,53.295226,3710145.269671,0.788250,656.188334,1.089732,-0.000000,882920.085446,-321277.808457,6.058373
6.629332,37.943165,-197.883688,1875.230308,0.350215,0.006481,0.062792,-0.934540,-0.000869,0.004181,0.000000,39.230687,-8.171668,1684.230308,-2.145791,-0.191923,490.722282,52.903137,3715951.001905,0.724740,657.967172,0.962267,-0.000000,881638.354831,-322879.152192,6.054346
6.650243,38.226153,-199.140568,1885.421865,0.350212,0.006513,0.062818,-0.934539,-0.001467,0.003408,0.000000,39.230676,-8.171665,1694.421865,-2.106870,-0.181844,491.824206,52.511435,3721676.118956,0.366943,659.723531,0.564941,-0.000000,880327.151968,-324468.002017,6.050393
6.675371,38.567328,-200.655404,1897.699598,0.350210,0.006543,0.062851,-0.934537,-0.001693,0.003072,-0.000000,39.230662,-8.171661,1706.699598,-2.059982,-0.169701,493.137481,52.041239,3728448.601811,0.465735,661.804137,0.076020,0.000000,878712.369051,-326360.424747,6.045742
6.700500,38.909709,-202.174989,1910.009827,0.350208,0.006573,0.062884,-0.934536,-0.001355,0.003438,-0.000000,39.230649,-8.171657,1719.009827,-2.012970,-0.157526,494.438857,51.571500,3735104.263285,1.076611,663.852021,0.592343,0.000000,877055.359380,-328234.234334,6.041199
6.725629,39.253306,-203.699288,1922.352252,0.350205,0.006613,0.062913,-0.934535,-0.000646,0.004284,-0.000000,39.230635,-8.171653,1731.352252,-1.965834,-0.145320,495.728447,51.102183,3741644.148293,1.399000,665.867411,0.808982,0.000000,875356.607159,-330089.417330,6.036765
6.750758,39.598118,-205.228268,1934.726579,0.350201,0.006667,0.062937,-0.934534,0.000107,0.005214,-0.000000,39.230621,-8.171649,1743.726579,-1.918577,-0.133082,497.006249,50.630149,3748068.450232,1.307974,667.850293,0.657037,0.000000,873721.912369,-331925.769316,6.032437
6.775887,39.944134,-206.761901,1947.132563,0.350197,0.006733,0.062957,-0.934534,0.000586,0.005830,-0.000000,39.230608,-8.171645,1756.132563,-1.871199,-0.120812,498.276955,50.550684,3754412.685766,0.884980,669.810868,0.233635,0.000000,875454.927465,-333751.319610,6.028186
6.801016,40.291333,-208.300176,1959.570087,0.350192,0.006805,0.062976,-0.934534,0.000618,0.005900,0.000000,39.230594,-8.171641,1768.570087,-1.823701,-0.108511,499.544860,50.468988,3760709.272727,0.383387,671.807314,0.260291,-0.000000,877180.471919,-335597.890956,6.023982
6.826145,40.639691,-209.843090,1972.039100,0.350187,0.006875,0.062995,-0.934534,0.000231,0.005445,0.000000,39.230580,-8.171637,1781.039100,-1.776082,-0.096179,500.811478,50.386836,3766969.560243,0.310606,673.808753,0.612021,-0.000000,878901.207643,-337451.157321,6.019815
6.851274,40.989188,-211.390644,1984.539565,0.350183,0.006935,0.063018,-0.934533,-0.000373,0.004700,0.000000,39.230566,-8.171633,1793.539565,-1.728343,-0.083816,502.076533,50.305230,3773191.427928,0.406378,675.797495,0.686643,-0.000000,880616.654674,-339302.063201,6.015687
6.876403,41.339810,-212.942834,1997.071440,0.350180,0.006983,0.063045,-0.934532,-0.000921,0.004004,0.000000,39.230552,-8.171629,1806.071440,-1.680484,-0.071422,503.339543,50.227491,3779371.233851,0.274195,677.714136,0.477034,-0.000000,882325.976178,-341120.323652,6.011601
6.901532,41.691559,-214.499661,2009.634678,0.350177,0.007023,0.063074,-0.934531,-0.001184,0.003645,0.000000,39.230538,-8.171625,1818.634678,-1.632506,-0.058997,504.600357,50.146804,3785507.795447,0.366868,679.618907,0.099102,-0.000000,883946.466255,-342935.942789,6.007558
6.926661,42.044443,-216.061116,2022.229208,0.350174,0.007061,0.063104,-0.934530,-0.001075,0.003742,-0.000000,39.230524,-8.171620,1831.229208,-1.584408,-0.046541,505.857290,49.920512,3791588.478686,0.773136,681.508109,0.285391,0.000000,884283.956748,-344745.845202,6.003570
6.951790,42.398470,-217.627188,2034.854911,0.350171,0.007103,0.063132,-0.934529,-0.000680,0.004232,-0.000000,39.230510,-8.171616,1843.854911,-1.535805,-0.035319,507.108829,49.694976,3797512.095344,1.060709,683.371818,0.491522,0.000000,884602.771882,-346543.882428,5.999673
6.976918,42.753646,-219.197865,2047.511642,0.350167,0.007154,0.063157,-0.934528,-0.000046,0.004804,-0.000000,39.230496,-8.171612,1856.511642,-1.484168,-0.033644,508.354476,49.472994,3802682.545610,1.131644,685.165371,0.561229,0.000000,884902.105303,-348306.882576,5.996040
7.002047,43.109967,-220.773135,2060.199250,0.350164,0.007214,0.063175,-0.934528,0.000686,0.005138,-0.000000,39.230482,-8.171608,1869.199250,-1.432404,-0.031964,509.594365,49.251318,3807777.974637,0.962228,686.938720,0.460659,0.000000,885182.256130,-350060.100513,5.992475
7.027176,43.467420,-222.352990,2072.917592,0.350159,0.007279,0.063186,-0.934528,0.001264,0.005073,-0.000000,39.230468,-8.171604,1881.917592,-1.380515,-0.030280,510.828704,49.029869,3812800.011882,0.614054,688.692291,0.328479,0.000000,885443.646886,-351803.790380,5.988978
7.052305,43.825985,-223.937418,2085.666534,0.350155,0.007343,0.063191,-0.934529,0.001459,0.004664,-0.000000,39.230453,-8.171600,1894.666534,-1.328501,-0.028592,512.057723,48.822259,3817750.457113,0.216006,690.426561,0.377598,0.000000,885899.207070,-353538.252949,5.985547
7.077434,44.185641,-225.526407,2098.445980,0.350152,0.007401,0.063194,-0.934530,0.001209,0.004123,-0.000000,39.230439,-8.171596,1907.445980,-1.276363,-0.026901,513.284453,48.855834,3822651.954370,0.136120,692.148063,0.475970,0.000000,888451.487671,-355268.840373,5.982162
7.102563,44.546375,-227.119948,2111.255903,0.350148,0.007452,0.063200,-0.934530,0.000656,0.003702,-0.000000,39.230425,-8.171591,1920.255903,-1.224100,-0.025205,514.511594,48.889963,3827524.558928,0.356546,693.862588,0.455941,0.000000,891006.534376,-357000.346466,5.978804
7.127692,44.908184,-228.718037,2124.096325,0.350146,0.007496,0.063211,-0.934530,0.000072,0.003577,-0.000000,39.230410,-8.171587,1933.096325,-1.171713,-0.023505,515.740050,48.921770,3832374.878951,0.531820,695.623772,0.323571,0.000000,893565.914099,-358761.038771,5.975469
7.152821,45.271073,-230.320677,2136.967283,0.350143,0.007538,0.063229,-0.934530,-0.000276,0.003781,-0.000000,39.230396,-8.171583,1945.967283,-1.119201,-0.021801,516.969608,48.953543,3837201.205553,0.724476,697.391181,0.235917,0.000000,896129.263253,-360530.045534,5.972156
7.177950,45.635051,-231.927872,2149.868805,0.350140,0.007583,0.063250,-0.934529,-0.000251,0.004196,-0.000000,39.230382,-8.171579,1958.868805,-1.066565,-0.020093,518.199933,48.985897,3842000.916142,0.891694,699.152695,0.313604,0.000000,898696.002466,-362300.879540,5.968869
7.203079,46.000127,-233.539632,2162.800907,0.350136,0.007634,0.063271,-0.934528,0.000107,0.004622,-0.000000,39.230367,-8.171575,1971.800907,-1.013804,-0.018381,519.430857,49.011806,3846772.641475,0.940091,700.846621,0.363134,0.000000,901127.248886,-364041.361101,5.965610
7.228208,46.366301,-235.155966,2175.763583,0.350132,0.007691,0.063288,-0.934528,0.000610,0.004869,-0.000000,39.230353,-8.171570,1984.763583,-0.960918,-0.016665,520.661017,48.925044,3851506.184140,0.824431,702.528059,0.306790,0.000000,902563.580216,-365778.973728,5.962386
7.253336,46.733567,-236.776879,2188.756800,0.350128,0.007752,0.063300,-0.934528,0.001021,0.004842,-0.000000,39.230338,-8.171566,1997.756800,-0.907908,-0.014945,521.889212,48.838550,3856192.599498,0.579517,704.197051,0.223726,0.000000,903993.210331,-367512.844294,5.959207
7.278465,47.101910,-238.402367,2201.780504,0.350124,0.007813,0.063307,-0.934529,0.001166,0.004574,-0.000000,39.230323,-8.171562,2010.780504,-0.854773,-0.013220,523.115032,48.752403,3860828.829918,0.307129,705.852676,0.260717,0.000000,905415.437108,-369242.145034,5.956074
7.303594,47.471314,-240.032424,2214.834633,0.350121,0.007870,0.063313,-0.934529,0.001007,0.004203,-0.000000,39.230309,-8.171557,2023.834633,-0.801514,-0.011492,524.338565,48.666671,3865415.519018,0.197007,707.495088,0.328851,0.000000,906830.424570,-370966.959446,5.952988
7.328723,47.841769,-241.667039,2227.919132,0.350117,0.007921,0.063321,-0.934530,0.000644,0.003901,-0.000000,39.230294,-8.171553,2036.919132,-0.748131,-0.009760,525.559970,48.581492,3869953.808241,0.321021,709.124588,0.311121,0.000000,908238.453719,-372687.497380,5.949948
7.353852,48.213269,-243.306203,2241.033947,0.350114,0.007968,0.063333,-0.934530,0.000261,0.003796,-0.000000,39.230279,-8.171549,2050.033947,-0.694624,-0.008024,526.779248,48.492508,3874443.685359,0.485662,710.741141,0.212563,0.000000,909585.422616,-374403.683889,5.946953
7.378981,48.585813,-244.949906,2254.179023,0.350111,0.008013,0.063348,-0.934529,0.000035,0.003919,-0.000000,39.230265,-8.171545,2063.179023,-0.640994,-0.006283,527.995924,48.370240,3878881.651064,0.656500,712.343698,0.149595,0.000000,910624.811152,-376114.569447,5.944007
7.409252,49.035987,-246.936000,2270.054224,0.350107,0.008071,0.063369,-0.934529,0.000076,0.004257,-0.000000,39.230247,-8.171539,2079.054224,-0.576226,-0.004182,529.457642,48.223789,3884155.283224,0.812300,714.254527,0.228414,0.000000,911863.616559,-378167.517991,5.940526
7.439524,49.487683,-248.928666,2285.973103,0.350103,0.008134,0.063390,-0.934528,0.000399,0.004593,-0.000000,39.230229,-8.171534,2094.973103,-0.511279,-0.002074,530.914806,48.078073,3889347.862728,0.824493,716.143277,0.251197,0.000000,913087.509971,-380211.069299,5.937122
7.469795,49.940889,-250.927898,2301.935523,0.350099,0.008201,0.063407,-0.934528,0.000669,0.004558,-0.000000,39.230211,-8.171529,2110.935523,-0.472689,-0.001539,532.367453,47.931940,3894582.790546,0.099721,718.026436,0.226350,0.000000,914296.588825,-382253.904995,5.933774
7.494206,50.307430,-252.544875,2314.839384,0.350095,0.008251,0.063419,-0.934528,0.000288,0.003693,-0.000000,39.230196,-8.171525,2123.839384,-0.472532,-0.002952,533.535665,47.813245,3898890.969782,1.243332,719.548514,1.215054,0.000000,915260.959216,-383904.794761,5.931106
7.518617,50.674888,-254.166113,2327.771395,0.350093,0.008285,0.063433,-0.934528,-0.000851,0.002000,-0.000000,39.230182,-8.171520,2136.771395,-0.472375,-0.004368,534.700534,47.654304,3903145.164494,2.048912,721.055585,1.755531,0.000000,915816.850581,-385548.806597,5.928490
7.543028,51.043229,-255.791602,2340.731471,0.350092,0.008292,0.063455,-0.934527,-0.002386,0.000023,0.000000,39.230167,-8.171516,2149.731471,-0.472217,-0.005787,535.861432,47.480233,3907340.818036,2.027008,722.546295,1.585391,-0.000000,916235.479892,-387184.692063,5.925930
7.547911,51.117000,-256.117209,2343.326845,0.350092,0.008290,0.063460,-0.934526,-0.002671,-0.000321,0.000000,39.230164,-8.171515,2152.326845,-0.472186,-0.006071,536.093081,47.445488,3908172.538971,1.904549,722.842359,1.456770,-0.000000,916317.483694,-387510.787340,5.925425
7.552793,51.190806,-256.442985,2345.923337,0.350093,0.008286,0.063466,-0.934526,-0.002933,-0.000631,0.000000,39.230161,-8.171514,2154.923337,-0.472154,-0.006355,536.324559,47.410797,3909001.827656,1.751036,723.137741,1.304766,-0.000000,916398.922717,-387836.529749,5.924922
7.557675,51.264648,-256.768930,2348.520946,0.350093,0.008282,0.063473,-0.934525,-0.003168,-0.000901,0.000000,39.230158,-8.171513,2157.520946,-0.472123,-0.006640,536.555867,47.376159,3909828.701462,1.572416,723.432445,1.134527,-0.000000,916479.801228,-388161.922948,5.924422
7.562557,51.338524,-257.095044,2351.119671,0.350093,0.008277,0.063479,-0.934525,-0.003374,-0.001128,0.000000,39.230155,-8.171513,2160.119671,-0.472091,-0.006924,536.787007,47.341547,3910653.165102,1.373574,723.726473,0.950198,-0.000000,916560.120523,-388486.967367,5.923924
7.572322,51.486385,-257.747779,2356.320465,0.350094,0.008265,0.063493,-0.934524,-0.003688,-0.001446,0.000000,39.230150,-8.171511,2165.320465,-0.472028,-0.007494,537.248780,47.272410,3912294.859978,0.934299,724.312499,0.554543,-0.000000,916719.081794,-389136.006283,5.922935
7.582086,51.634390,-258.401189,2361.525714,0.350094,0.008251,0.063508,-0.934523,-0.003862,-0.001574,0.000000,39.230144,-8.171509,2170.525714,-0.471964,-0.008064,537.709871,47.202215,3913926.875660,0.487316,724.916215,0.165206,-0.000000,916875.799502,-389794.604402,5.921956
7.591851,51.782544,-259.055273,2366.735409,0.350095,0.008237,0.063523,-0.934522,-0.003890,-0.001512,0.000000,39.230138,-8.171507,2175.735409,-0.471901,-0.008634,538.170276,47.131812,3915549.178377,0.271868,725.522288,0.285334,-0.000000,917030.267312,-390454.529889,5.920986
7.601615,51.930848,-259.710029,2371.949545,0.350095,0.008224,0.063538,-0.934521,-0.003780,-0.001275,0.000000,39.230132,-8.171506,2180.949545,-0.471837,-0.009205,538.629993,47.061522,3917161.758655,0.589022,726.125654,0.634809,-0.000000,917182.484608,-391113.056289,5.920025
7.628928,52.346495,-261.545073,2386.557995,0.350096,0.008198,0.063579,-0.934518,-0.002916,0.000036,0.000000,39.230115,-8.171501,2195.557995,-0.471660,-0.010805,539.912265,46.865329,3921620.917851,1.463407,727.799027,1.292909,-0.000000,917596.350843,-392947.621015,5.917390
7.648079,52.638664,-262.834874,2396.821573,0.350096,0.008195,0.063603,-0.934516,-0.002004,0.001254,0.000000,39.230104,-8.171498,2205.821573,-0.471535,-0.011929,540.808146,46.727665,3924702.254146,1.623444,728.959707,1.340882,-0.000000,917876.086115,-394227.347824,5.915588
7.667230,52.931441,-264.127247,2407.102092,0.350095,0.008205,0.063623,-0.934515,-0.001112,0.002358,0.000000,39.230092,-8.171494,2216.102092,-0.471410,-0.013054,541.701880,46.637131,3927749.880390,1.367170,730.061164,1.051680,-0.000000,918583.629755,-395475.504989,5.913821
7.686381,53.224821,-265.422192,2417.399510,0.350094,0.008226,0.063640,-0.934514,-0.000459,0.003082,0.000000,39.230081,-8.171491,2226.399510,-0.471284,-0.014182,542.593868,46.554703,3930766.717192,0.776096,731.153881,0.516675,-0.000000,919334.184424,-396719.612387,5.912084
7.705532,53.518794,-266.719705,2427.713794,0.350092,0.008254,0.063653,-0.934514,-0.000196,0.003266,0.000000,39.230069,-8.171487,2236.713794,-0.471159,-0.015311,543.484278,46.472513,3933753.985166,0.035777,732.238308,0.159246,-0.000000,920079.562756,-397960.008080,5.910376
7.728425,53.870962,-268.274121,2440.065576,0.350090,0.008286,0.063668,-0.934513,-0.000458,0.002748,0.000000,39.230055,-8.171483,2249.065576,-0.471009,-0.016664,544.546687,46.375238,3937286.769924,0.841510,733.523915,0.799752,-0.000000,920963.946543,-399438.018093,5.908370
7.751318,54.223923,-269.832203,2452.441374,0.350088,0.008308,0.063686,-0.934513,-0.001241,0.001625,0.000000,39.230041,-8.171479,2261.441374,-0.470858,-0.018019,545.606939,46.278801,3940778.000221,1.333152,734.797847,1.116725,-0.000000,921841.117802,-400910.804538,5.906405
7.754984,54.280521,-270.082070,2454.425585,0.350088,0.008310,0.063689,-0.934512,-0.001390,0.001426,0.000000,39.230039,-8.171479,2263.425585,-0.470834,-0.018236,545.776525,46.263402,3941333.164912,1.355968,735.000754,1.120111,-0.000000,921980.905114,-401146.157380,5.906094
7.758651,54.337139,-270.332030,2456.410410,0.350088,0.008311,0.063692,-0.934512,-0.001538,0.001230,0.000000,39.230037,-8.171478,2265.410410,-0.470810,-0.018453,545.946053,46.248022,3941887.251088,1.364731,735.203357,1.112161,-0.000000,922120.504747,-401381.371263,5.905784
7.762317,54.393776,-270.582085,2458.395849,0.350088,0.008312,0.063696,-0.934512,-0.001685,0.001038,0.000000,39.230034,-8.171477,2267.395849,-0.470786,-0.018671,546.115526,46.232640,3942440.264095,1.360291,735.405658,1.093617,-0.000000,922259.917997,-401616.447358,5.905476
7.765983,54.450434,-270.832234,2460.381903,0.350087,0.008313,0.063699,-0.934512,-0.001830,0.000852,0.000000,39.230032,-8.171477,2269.381903,-0.470761,-0.018888,546.284942,46.217277,3942992.205230,1.343121,735.607657,1.064945,-0.000000,922399.145212,-401851.385779,5.905168
7.773316,54.563807,-271.332812,2464.355851,0.350087,0.008313,0.063707,-0.934511,-0.002107,0.000502,0.000000,39.230028,-8.171475,2273.355851,-0.470713,-0.019323,546.623605,46.186589,3944092.871283,1.273325,736.010749,0.980024,-0.000000,922677.041537,-402320.848524,5.904557
7.780649,54.677260,-271.833765,2468.332252,0.350087,0.008311,0.063715,-0.934511,-0.002361,0.000191,0.000000,39.230023,-8.171474,2277.332252,-0.470665,-0.019759,546.962043,46.155954,3945189.251246,1.160510,736.412633,0.862290,-0.000000,922954.194534,-402789.758218,5.903950
7.787981,54.790793,-272.335092,2472.311105,0.350087,0.008308,0.063724,-0.934510,-0.002583,-0.000071,0.000000,39.230019,-8.171473,2281.311105,-0.470616,-0.020194,547.300257,46.125364,3946281.346493,1.011171,736.813309,0.717476,-0.000000,923230.604871,-403258.113426,5.903349
7.803690,55.034286,-273.410355,2480.843319,0.350088,0.008299,0.063743,-0.934509,-0.002921,-0.000435,0.000000,39.230009,-8.171470,2289.843319,-0.470513,-0.021129,548.024484,46.099995,3948609.570360,0.621909,737.668502,0.359928,-0.000000,924333.300894,-404260.399789,5.902073
7.819399,55.278154,-274.487339,2489.386795,0.350088,0.008288,0.063763,-0.934507,-0.003054,-0.000523,0.000000,39.229999,-8.171467,2298.386795,-0.470409,-0.022064,548.750263,46.267620,3950936.707122,0.246654,738.523568,0.061622,-0.000000,927109.089084,-405265.002063,5.900802
7.835108,55.522403,-275.566046,2497.941560,0.350089,0.008277,0.063784,-0.934506,-0.002985,-0.000350,0.000000,39.229990,-8.171464,2306.941560,-0.470304,-0.023001,549.478316,46.435521,3953267.903055,0.369805,739.380008,0.374292,-0.000000,929892.831902,-406273.282029,5.899531
7.850817,55.767041,-276.646481,2506.507649,0.350089,0.008268,0.063805,-0.934504,-0.002745,0.000031,0.000000,39.229980,-8.171461,2315.507649,-0.470200,-0.023939,550.208889,46.603633,3955604.835793,0.683740,740.238306,0.629572,-0.000000,932684.960836,-407285.695785,5.898257
7.866526,56.012072,-277.728649,2515.085103,0.350089,0.008264,0.063824,-0.934503,-0.002384,0.000542,-0.000000,39.229970,-8.171458,2324.085103,-0.470096,-0.024878,550.942062,46.771932,3957948.027062,0.889077,741.098611,0.767804,0.000000,935485.638525,-408302.397181,5.896978
7.882235,56.257502,-278.812557,2523.673960,0.350088,0.008264,0.063842,-0.934502,-0.001970,0.001093,-0.000000,39.229960,-8.171456,2332.673960,-0.469991,-0.025818,551.677872,46.940887,3960297.649893,0.945981,741.960969,0.777620,0.000000,938294.946568,-409323.448854,5.895694
7.902473,56.574299,-280.211609,2534.756490,0.350088,0.008271,0.063863,-0.934501,-0.001481,0.001701,-0.000000,39.229948,-8.171452,2343.756490,-0.469857,-0.027032,552.629813,47.161264,3963334.595317,0.804407,743.075107,0.620163,0.000000,941927.236180,-410645.457600,5.894031
7.922712,56.891759,-281.613570,2545.858108,0.350087,0.008284,0.063882,-0.934500,-0.001137,0.002083,-0.000000,39.229935,-8.171448,2354.858108,-0.469721,-0.028247,553.586210,47.381916,3966382.486789,0.492949,744.192716,0.339928,0.000000,945574.073608,-411974.825031,5.892365
7.939542,57.156250,-282.781619,2555.104433,0.350086,0.008298,0.063897,-0.934499,-0.000997,0.002195,-0.000000,39.229925,-8.171445,2364.104433,-0.469609,-0.029260,554.384919,47.565616,3968925.282588,0.178112,745.124698,0.081533,0.000000,948617.788013,-413085.895678,5.890983
7.956372,57.421194,-283.951694,2564.364054,0.350084,0.008311,0.063911,-0.934498,-0.000992,0.002109,-0.000000,39.229914,-8.171442,2373.364054,-0.469496,-0.030274,555.185241,47.617434,3971464.925347,0.197276,746.055937,0.193352,0.000000,950206.852007,-414199.245031,5.889619
7.973202,57.686584,-285.123794,2573.636960,0.350084,0.008323,0.063926,-0.934498,-0.001242,0.001866,-0.000000,39.229904,-8.171439,2382.636960,-0.477000,-0.020912,555.983485,47.383989,3974093.114508,0.682112,747.003286,0.482885,0.000000,949389.716314,-415321.489917,5.888292
7.990032,57.952413,-286.297911,2582.923109,0.350083,0.008332,0.063943,-0.934497,-0.001760,0.001532,-0.000000,39.229893,-8.171436,2391.923109,-0.484624,-0.011387,556.778407,47.149329,3976685.084531,1.075832,747.940057,0.744990,0.000000,948560.652343,-416436.873502,5.887016
8.006862,58.218675,-287.474035,2592.222445,0.350082,0.008336,0.063964,-0.934495,-0.002453,0.001177,-0.000000,39.229883,-8.171433,2401.222445,-0.492259,-0.001848,557.569595,46.915062,3979236.232612,1.288027,748.865044,0.859731,0.000000,947718.998870,-417544.379760,5.885787
8.023692,58.485366,-288.652158,2601.534908,0.350082,0.008336,0.063990,-0.934494,-0.003194,0.000864,-0.000000,39.229872,-8.171430,2410.534908,-0.499905,0.007704,558.356916,46.681210,3981745.654796,1.305898,749.777977,0.817800,0.000000,946864.571451,-418643.718456,5.884599
8.046050,58.840322,-290.220346,2613.926495,0.350082,0.008329,0.064030,-0.934491,-0.004022,0.000594,-0.000000,39.229858,-8.171426,2422.926495,-0.510080,0.020415,559.396804,46.371672,3985014.468647,1.080973,750.972026,0.572395,0.000000,945709.691796,-420091.351659,5.883075
8.068408,59.196037,-291.792030,2626.340980,0.350082,0.008319,0.064077,-0.934488,-0.004500,0.000528,-0.000000,39.229844,-8.171422,2435.340980,-0.520273,0.033149,560.429791,46.063315,3988209.363411,0.690600,752.190785,0.216501,0.000000,944532.330302,-421550.124849,5.881602
8.086362,59.482226,-293.056592,2636.326109,0.350082,0.008310,0.064116,-0.934485,-0.004584,0.000618,-0.000000,39.229832,-8.171418,2445.326109,-0.528471,0.043392,561.254262,45.815432,3990721.354761,0.395417,753.165846,0.172152,0.000000,943570.714790,-422717.540775,5.880454
8.104315,59.768912,-294.323395,2646.325830,0.350081,0.008303,0.064155,-0.934483,-0.004384,0.000810,-0.000000,39.229821,-8.171415,2455.325830,-0.536681,0.053649,562.074468,45.583794,3993187.170131,0.351932,754.127505,0.415436,0.000000,942789.069129,-423875.816098,5.879335
8.122268,60.056099,-295.592434,2656.340079,0.350081,0.008298,0.064193,-0.934480,-0.003954,0.001060,-0.000000,39.229810,-8.171412,2465.340079,-0.544904,0.063921,562.891315,45.422302,3995613.297808,0.485506,755.077697,0.578485,0.000000,942609.646278,-425026.677566,5.878240
8.122606,60.061501,-295.616305,2656.528417,0.350081,0.008298,0.064193,-0.934480,-0.003944,0.001066,-0.000000,39.229809,-8.171411,2465.528417,-0.545058,0.064114,562.906633,45.419273,3995658.508269,0.487793,755.095443,0.580509,0.000000,942606.176781,-425048.233469,5.878220
8.122943,60.066904,-295.640176,2656.716761,0.350081,0.008297,0.064194,-0.934480,-0.003934,0.001071,-0.000000,39.229809,-8.171411,2465.716761,-0.545213,0.064308,562.921950,45.416240,3995703.705873,0.490042,755.113185,0.582483,0.000000,942602.703982,-425069.787056,5.878200
8.123281,60.072306,-295.664049,2656.905109,0.350081,0.008297,0.064195,-0.934480,-0.003923,0.001076,-0.000000,39.229809,-8.171411,2465.905109,-0.545368,0.064501,562.937267,45.413207,3995748.890622,0.492251,755.130924,0.584406,0.000000,942599.227880,-425091.338326,5.878179
8.123618,60.077708,-295.687922,2657.093463,0.350081,0.008297,0.064196,-0.934480,-0.003913,0.001082,-0.000000,39.229809,-8.171411,2466.093463,-0.545522,0.064694,562.952582,45.410175,3995794.062516,0.494421,755.148659,0.586278,0.000000,942595.748476,-425112.887279,5.878159
8.123955,60.083111,-295.711796,2657.281822,0.350081,0.008297,0.064196,-0.934480,-0.003903,0.001087,-0.000000,39.229809,-8.171411,2466.281822,-0.545677,0.064887,562.967896,45.407142,3995839.221556,0.496551,755.166390,0.588099,0.000000,942592.265771,-425134.433915,5.878139
8.124630,60.093917,-295.759545,2657.658550,0.350081,0.008297,0.064198,-0.934480,-0.003882,0.001097,-0.000000,39.229808,-8.171411,2466.658550,-0.545986,0.065274,562.998523,45.401077,3995929.510075,0.500740,755.201844,0.591642,0.000000,942585.292174,-425177.522466,5.878098
8.124751,60.095856,-295.768114,2657.726156,0.350081,0.008297,0.064198,-0.934480,-0.003878,0.001099,-0.000000,39.229808,-8.171411,2466.726156,-0.546042,0.065343,563.004018,45.399986,3995945.706056,0.501471,755.208204,0.592253,0.000000,942584.039274,-425185.253451,5.878091
8.124872,60.097795,-295.776683,2657.793762,0.350081,0.008297,0.064198,-0.934480,-0.003874,0.001101,-0.000000,39.229808,-8.171411,2466.793762,-0.546097,0.065412,563.009513,45.398902,3995961.900385,0.502196,755.214564,0.592857,0.000000,942582.785950,-425192.984140,5.878084
8.125114,60.101674,-295.793821,2657.928975,0.350081,0.008297,0.064199,-0.934480,-0.003866,0.001105,-0.000000,39.229808,-8.171411,2466.928975,-0.546208,0.065551,563.020503,45.396721,3995994.285229,0.503636,755.227283,0.594052,0.000000,942580.278246,-425208.444906,5.878069
8.125163,60.102449,-295.797249,2657.956018,0.350081,0.008297,0.064199,-0.934480,-0.003865,0.001106,-0.000000,39.229808,-8.171411,2466.956018,-0.546231,0.065579,563.022701,45.396283,3996000.761309,0.503921,755.229826,0.594288,0.000000,942579.776484,-425211.536893,5.878066
8.125211,60.103225,-295.800676,2657.983061,0.350081,0.008297,0.064199,-0.934480,-0.003863,0.001107,-0.000000,39.229808,-8.171411,2466.983061,-0.546253,0.065607,563.024899,45.395852,3996007.237126,0.504204,755.232370,0.594522,0.000000,942579.274653,-425214.628832,5.878063
8.125257,60.103960,-295.803923,2658.008677,0.350081,0.008297,0.064199,-0.934480,-0.003862,0.001107,-0.000000,39.229808,-8.171411,2467.008677,-0.546274,0.065633,563.026981,45.395443,3996013.370948,0.504473,755.234779,0.594743,0.000000,942578.799245,-425217.557554,5.878060
8.125264,60.104061,-295.804370,2658.012202,0.350081,0.008297,0.064199,-0.934480,-0.003862,0.001107,-0.000000,39.229808,-8.171411,2467.012202,-0.546277,0.065636,563.027268,45.395390,3996014.215193,0.504509,755.235111,0.594774,0.000000,942578.733807,-425217.960660,5.878060
8.125270,60.104162,-295.804817,2658.015728,0.350081,0.008297,0.064199,-0.934480,-0.003862,0.001107,-0.000000,39.229808,-8.171411,2467.015728,-0.546280,0.065640,563.027554,45.395326,3996015.059433,0.504546,755.235442,0.594804,0.000000,942578.668368,-425218.363764,5.878060
8.125282,60.104364,-295.805711,2658.022780,0.350081,0.008297,0.064199,-0.934480,-0.003861,0.001108,-0.000000,39.229808,-8.171411,2467.022780,-0.546285,0.065647,563.026859,55.083799,3996007.744450,0.504620,757.286682,0.594864,0.000000,0.000000,-426372.741536,5.878067
8.125299,60.104630,-295.806883,2658.032029,0.350081,0.008297,0.064199,-0.934480,-0.003861,0.001108,-0.000000,39.229808,-8.171411,2467.032029,-0.546293,0.065657,563.025946,55.083649,3995998.149626,0.504716,757.284182,0.594943,0.000000,0.000000,-426370.643057,5.878072
8.125316,60.104895,-295.808056,2658.041278,0.350081,0.008297,0.064199,-0.934480,-0.003860,0.001108,-0.000000,39.229808,-8.171411,2467.041278,-0.546301,0.065666,563.025034,55.083499,3995988.554834,0.504811,757.281682,0.595023,0.000000,0.000000,-426368.544589,5.878078
8.125481,60.107548,-295.819779,2658.133770,0.350081,0.008297,0.064199,-0.934480,-0.003855,0.001111,-0.000000,39.229808,-8.171411,2467.133770,-0.546376,0.065761,563.015911,55.082002,3995892.608555,0.505764,757.256681,0.595806,0.000000,0.000000,-426347.560523,5.878134
8.125647,60.110201,-295.831502,2658.226260,0.350081,0.008297,0.064200,-0.934480,-0.003850,0.001113,-0.000000,39.229807,-8.171411,2467.226260,-0.546452,0.065856,563.006789,55.080506,3995796.665467,0.506706,757.231682,0.596577,0.000000,-0.000000,-426326.577619,5.878190
8.125813,60.112854,-295.843225,2658.318749,0.350081,0.008297,0.064200,-0.934480,-0.003844,0.001116,-0.000000,39.229807,-8.171411,2467.318749,-0.546528,0.065951,562.997667,55.079009,3995700.725569,0.507638,757.206683,0.597336,0.000000,0.000000,-426305.595875,5.878246
8.127469,60.139381,-295.960447,2659.243554,0.350081,0.008297,0.064203,-0.934480,-0.003792,0.001142,-0.000000,39.229806,-8.171411,2468.243554,-0.547288,0.066900,562.906459,55.064042,3994741.502019,0.516341,756.956748,0.604238,0.000000,0.000000,-426095.842281,5.878806
8.129126,60.165904,-296.077652,2660.168208,0.350081,0.008297,0.064206,-0.934480,-0.003738,0.001168,-0.000000,39.229805,-8.171410,2469.168208,-0.548047,0.067848,562.815275,55.049081,3993782.597343,0.523895,756.706904,0.609893,0.000000,-0.000000,-425886.204720,5.879366
8.130782,60.192424,-296.194843,2661.092713,0.350081,0.008296,0.064210,-0.934479,-0.003684,0.001193,-0.000000,39.229804,-8.171410,2470.092713,-0.548806,0.068796,562.724117,55.034123,3992824.011407,0.530245,756.457153,0.614303,0.000000,-0.000000,-425676.683123,5.879925
8.138215,60.311365,-296.720456,2665.238906,0.350081,0.008296,0.064224,-0.934478,-0.003436,0.001304,-0.000000,39.229800,-8.171409,2474.238906,-0.552210,0.073049,562.315415,54.967065,3988526.973741,0.543099,755.337702,0.619000,0.000000,-0.000000,-424738.032876,5.882435
8.145648,60.430229,-297.245755,2669.382079,0.350081,0.008296,0.064237,-0.934478,-0.003188,0.001406,-0.000000,39.229795,-8.171407,2478.382079,-0.555612,0.077299,561.907211,54.900093,3984236.337692,0.529384,754.220095,0.599808,0.000000,0.000000,-423801.709623,5.884942
8.153081,60.549017,-297.770739,2673.522237,0.350080,0.008298,0.064249,-0.934477,-0.002950,0.001495,-0.000000,39.229790,-8.171406,2482.522237,-0.559011,0.081546,561.499504,54.833208,3979952.091041,0.489571,753.104329,0.558580,0.000000,-0.000000,-422867.707250,5.887447
8.157010,60.611786,-298.048159,2675.709821,0.350080,0.008298,0.064256,-0.934476,-0.002831,0.001536,-0.000000,39.229788,-8.171405,2484.709821,-0.560807,0.083790,561.284161,54.797883,3977689.691099,0.458565,752.515193,0.528658,0.000000,-0.000000,-422374.858531,5.888770
8.160940,60.674534,-298.325491,2677.896564,0.350080,0.008299,0.064262,-0.934476,-0.002718,0.001573,-0.000000,39.229785,-8.171404,2486.896564,-0.562603,0.086033,561.068956,54.762582,3975429.071772,0.421362,751.926571,0.493781,0.000000,0.000000,-421882.655889,5.890093
8.164869,60.737261,-298.602736,2680.082466,0.350080,0.008300,0.064268,-0.934476,-0.002612,0.001604,-0.000000,39.229783,-8.171404,2489.082466,-0.564398,0.088275,560.853890,54.727307,3973170.231261,0.378631,751.338461,0.454501,0.000000,0.000000,-421391.098423,5.891415
8.175743,60.910732,-299.369495,2686.127106,0.350079,0.008304,0.064284,-0.934475,-0.002368,0.001664,-0.000000,39.229776,-8.171402,2495.127106,-0.569361,0.094476,560.259461,54.629824,3966928.627497,0.240846,749.713664,0.329072,0.000000,0.000000,-420034.173168,5.895069
8.186617,61.084038,-300.135585,2692.165324,0.350079,0.008308,0.064299,-0.934474,-0.002205,0.001683,-0.000000,39.229769,-8.171400,2501.165324,-0.574318,0.100669,559.666090,54.532548,3960700.593906,0.117733,748.092782,0.190967,0.000000,-0.000000,-418682.162731,5.898719
8.197491,61.257179,-300.901006,2698.197130,0.350078,0.008312,0.064313,-0.934473,-0.002129,0.001661,-0.000000,39.229762,-8.171398,2507.197130,-0.579271,0.106857,559.073776,54.435490,3954486.092557,0.186122,746.475808,0.082770,0.000000,-0.000000,-417335.048175,5.902363
8.218538,61.591820,-302.380582,2709.853516,0.350078,0.008320,0.064340,-0.934471,-0.002222,0.001531,-0.000000,39.229749,-8.171394,2518.853516,-0.588841,0.118813,557.930339,54.248301,3942496.227567,0.493579,743.357220,0.242821,0.000000,0.000000,-414741.545926,5.909401
8.239585,61.925834,-303.857662,2721.486009,0.350077,0.008325,0.064369,-0.934470,-0.002564,0.001328,-0.000000,39.229735,-8.171390,2530.486009,-0.598392,0.130745,556.790829,54.062038,3930556.641942,0.720677,740.253173,0.395390,0.000000,0.000000,-412166.177532,5.916421
8.260632,62.259219,-305.332252,2733.094693,0.350076,0.008327,0.064401,-0.934468,-0.003031,0.001118,-0.000000,39.229722,-8.171386,2542.094693,-0.607924,0.142653,555.655226,53.876739,3918667.064505,0.805898,737.163602,0.428332,0.000000,-0.000000,-409608.807698,5.923421
8.278098,62.535411,-306.554102,2742.710506,0.350076,0.008325,0.064431,-0.934466,-0.003417,0.000979,-0.000000,39.229711,-8.171383,2551.710506,-0.615819,0.152517,554.715765,53.723704,3908837.901937,0.764744,734.610569,0.364873,0.000000,0.000000,-407500.063761,5.929216
8.309872,63.036743,-308.772444,2760.161203,0.350075,0.008320,0.064489,-0.934462,-0.003858,0.000882,-0.000000,39.229691,-8.171377,2569.161203,-0.630147,0.170417,553.014937,53.383394,3891054.131563,0.544861,728.930277,0.145887,0.000000,0.000000,-403109.331140,5.939715
8.333873,63.414514,-310.444451,2773.307787,0.350075,0.008314,0.064536,-0.934459,-0.003937,0.000928,-0.000000,39.229676,-8.171373,2582.307787,-0.640941,0.183902,551.737167,53.124121,3877703.120289,0.349356,724.601356,0.090388,0.000000,0.000000,-399789.499428,5.947610
8.357875,63.791493,-312.113281,2786.423924,0.350075,0.008309,0.064583,-0.934456,-0.003791,0.001058,-0.000000,39.229661,-8.171368,2595.423924,-0.651710,0.197356,550.464612,52.925367,3864417.206532,0.254180,721.282628,0.240278,0.000000,-0.000000,-397040.561897,5.955478
8.381876,64.167688,-313.778951,2799.509742,0.350074,0.008307,0.064629,-0.934453,-0.003490,0.001227,-0.000000,39.229646,-8.171364,2608.509742,-0.662455,0.210779,549.196956,52.727819,3851193.982612,0.254063,717.984956,0.318063,0.000000,0.000000,-394315.152625,5.963322
8.410171,64.610182,-315.738565,2814.897767,0.350073,0.008308,0.064679,-0.934450,-0.003045,0.001422,-0.000000,39.229629,-8.171359,2623.897767,-0.675089,0.226563,547.708858,52.487854,3835685.712638,0.216425,713.980962,0.290510,0.000000,0.000000,-391053.696970,5.972539
8.438467,65.051600,-317.693830,2830.243995,0.350072,0.008313,0.064725,-0.934447,-0.002680,0.001529,-0.000000,39.229611,-8.171354,2639.243995,-0.687689,0.242305,546.227526,52.249245,3820263.658340,0.154204,710.002017,0.137521,0.000000,-0.000000,-387822.645544,5.981721
8.466762,65.491944,-319.644770,2845.548632,0.350071,0.008320,0.064767,-0.934444,-0.002568,0.001497,-0.000000,39.229594,-8.171348,2654.548632,-0.700255,0.258004,544.752898,52.012026,3804927.046767,0.345209,706.047931,0.107284,0.000000,0.000000,-384621.656699,5.990871
8.495057,65.931208,-321.591402,2860.811870,0.350070,0.008326,0.064809,-0.934442,-0.002771,0.001337,-0.000000,39.229576,-8.171343,2669.811870,-0.712787,0.273660,543.284918,51.777865,3789675.165332,0.577013,702.145019,0.277373,0.000000,-0.000000,-381464.799179,5.999988
8.523352,66.369389,-323.533742,2876.033891,0.350069,0.008328,0.064854,-0.934439,-0.003201,0.001123,-0.000000,39.229559,-8.171338,2685.033891,-0.725285,0.289275,541.823437,51.551802,3774506.667451,0.682268,698.375898,0.330024,0.000000,0.000000,-378396.429192,6.009073
8.551648,66.806487,-325.471805,2891.214875,0.350069,0.008325,0.064904,-0.934436,-0.003663,0.000961,-0.000000,39.229541,-8.171333,2700.214875,-0.737750,0.304847,540.368351,51.327177,3759420.517041,0.611119,694.628395,0.233004,0.000000,-0.000000,-375355.200386,6.018127
8.579943,67.242507,-327.405610,2906.355002,0.350068,0.008320,0.064958,-0.934432,-0.003943,0.000936,-0.000000,39.229524,-8.171328,2715.355002,-0.750181,0.320377,538.919601,51.103980,3744415.998117,0.418175,690.902370,0.066853,0.000000,0.000000,-372340.829561,6.027149
8.608238,67.677461,-329.335180,2921.454450,0.350068,0.008313,0.065015,-0.934428,-0.003909,0.001066,-0.000000,39.229507,-8.171323,2730.454450,-0.762578,0.335865,537.477242,50.875975,3729493.201245,0.269010,687.094841,0.216416,0.000000,-0.000000,-369297.840451,6.036140
8.636533,68.111364,-331.260538,2936.513398,0.350067,0.008309,0.065071,-0.934425,-0.003574,0.001295,-0.000000,39.229489,-8.171318,2745.513398,-0.774943,0.351312,536.041327,50.647648,3714652.181375,0.272532,683.282456,0.342194,0.000000,0.000000,-366267.634440,6.045099
8.664829,68.544227,-333.181710,2951.532023,0.350067,0.008311,0.065123,-0.934422,-0.003091,0.001519,-0.000000,39.229472,-8.171313,2760.532023,-0.787274,0.366718,534.611760,50.426875,3699891.971271,0.230112,679.598336,0.318944,0.000000,0.000000,-363321.262196,6.054026
8.696618,69.029306,-335.335132,2968.357189,0.350065,0.008317,0.065175,-0.934418,-0.002653,0.001633,-0.000000,39.229453,-8.171307,2777.357189,-0.801088,0.383976,533.013111,50.181804,3683404.316325,0.121047,675.511921,0.142470,0.000000,0.000000,-360056.710829,6.064019
8.728407,69.513080,-337.483326,2985.131932,0.350064,0.008326,0.065223,-0.934415,-0.002556,0.001541,-0.000000,39.229433,-8.171302,2794.131932,-0.814861,0.401183,531.422234,49.938178,3667016.196677,0.380115,671.451951,0.164256,0.000000,0.000000,-356824.496153,6.073974
8.760196,69.995542,-339.626316,3001.856513,0.350063,0.008333,0.065271,-0.934412,-0.002861,0.001292,-0.000000,39.229414,-8.171296,2810.856513,-0.828593,0.418338,529.839779,49.654983,3650731.670109,0.638233,666.731482,0.340438,0.000000,0.000000,-353260.861217,6.083886
8.791985,70.476687,-341.764127,3018.531206,0.350062,0.008334,0.065323,-0.934409,-0.003414,0.001022,-0.000000,39.229395,-8.171291,2827.531206,-0.842284,0.435443,528.266571,49.349276,3634555.973537,0.706737,661.633104,0.350906,0.000000,0.000000,-349518.650958,6.093749
8.821195,70.917640,-343.723957,3033.809379,0.350062,0.008329,0.065377,-0.934405,-0.003897,0.000891,-0.000000,39.229377,-8.171286,2842.809379,-0.854829,0.451114,526.828706,49.119349,3619785.109659,0.578274,657.796404,0.202720,0.000000,-0.000000,-346546.028167,6.102772
8.850405,71.357492,-345.679458,3049.045875,0.350061,0.008321,0.065436,-0.934402,-0.004120,0.000949,-0.000000,39.229360,-8.171280,2858.045875,-0.867339,0.466743,525.397547,48.902684,3605097.851024,0.371913,654.178501,0.117612,0.000000,0.000000,-343703.780100,6.111761
8.879615,71.796261,-347.630655,3064.240888,0.350061,0.008315,0.065496,-0.934398,-0.003957,0.001176,-0.000000,39.229342,-8.171275,2873.240888,-0.879815,0.482330,523.972754,48.687365,3590491.541651,0.288486,650.582204,0.291190,0.000000,0.000000,-340887.348987,6.120719
8.908825,72.233961,-349.577575,3079.394598,0.350060,0.008313,0.065554,-0.934394,-0.003513,0.001444,-0.000000,39.229325,-8.171270,2888.394598,-0.892257,0.497874,522.554207,48.473246,3575965.062006,0.287407,647.007256,0.359102,0.000000,0.000000,-338096.363614,6.129645
8.943245,72.748366,-351.866273,3097.198222,0.350059,0.008318,0.065616,-0.934390,-0.002941,0.001658,-0.000000,39.229304,-8.171264,2906.198222,-0.906875,0.516136,520.890640,48.222366,3558949.557958,0.162483,642.821984,0.250458,0.000000,0.000000,-334839.954682,6.140124
8.971111,73.163751,-353.714888,3111.570295,0.350057,0.008325,0.065661,-0.934387,-0.002674,0.001662,-0.000000,39.229288,-8.171260,2920.570295,-0.918675,0.530878,519.550736,47.979909,3545258.260162,0.173141,638.779545,0.088560,0.000000,-0.000000,-331878.382892,6.148572
8.998976,73.578172,-355.559676,3125.905323,0.350056,0.008333,0.065704,-0.934384,-0.002745,0.001519,-0.000000,39.229271,-8.171255,2934.905323,-0.929925,0.544957,518.217633,47.726322,3531646.921157,0.379039,634.551583,0.221604,0.000000,-0.000000,-328835.819638,6.156986
9.026842,73.991631,-357.400661,3140.203482,0.350055,0.008339,0.065746,-0.934382,-0.002658,0.001294,-0.000000,39.229254,-8.171250,2949.203482,-0.920055,0.533573,516.890799,47.524602,3518134.851714,0.174789,631.174204,0.253468,0.000000,0.000000,-326248.138576,6.165447
9.054708,74.404138,-359.237871,3154.464941,0.350054,0.008343,0.065782,-0.934380,-0.002120,0.001068,-0.000000,39.229238,-8.171245,2963.464941,-0.910210,0.522218,515.569698,47.329113,3504694.301232,0.567768,627.903224,0.541179,0.000000,0.000000,-323727.875423,6.173879
9.082574,74.815706,-361.071336,3168.689855,0.350054,0.008348,0.065809,-0.934378,-0.001232,0.000934,-0.000000,39.229221,-8.171240,2977.689855,-0.900391,0.510892,514.254070,47.134343,3491323.242135,0.734277,624.650607,0.627644,0.000000,0.000000,-321229.116828,6.182283
9.110440,75.226350,-362.901077,3182.878372,0.350053,0.008356,0.065825,-0.934377,-0.000339,0.000948,-0.000000,39.229205,-8.171236,2991.878372,-0.890596,0.499596,512.943806,46.941841,3478020.683481,0.614317,621.443008,0.473101,0.000000,0.000000,-318765.341837,6.190660
9.133385,75.563785,-364.404901,3194.533993,0.350052,0.008366,0.065831,-0.934377,0.000104,0.001063,-0.000000,39.229191,-8.171232,3003.533993,-0.882550,0.490316,511.868843,46.789589,3467117.798644,0.375134,618.909835,0.238126,0.000000,0.000000,-316800.661564,6.197538
9.151335,75.827325,-365.579581,3203.635033,0.350051,0.008376,0.065834,-0.934377,0.000201,0.001193,-0.000000,39.229181,-8.171229,3012.635033,-0.876268,0.483069,511.030344,46.670476,3458620.047269,0.239478,616.928740,0.142935,0.000000,0.000000,-315269.306381,6.202906
9.169284,76.090481,-366.752725,3212.721121,0.350051,0.008386,0.065837,-0.934377,0.000071,0.001329,-0.000000,39.229170,-8.171226,3021.721121,-0.869996,0.475835,510.194034,46.546792,3450150.225731,0.325574,614.870582,0.278909,0.000000,-0.000000,-313703.302918,6.208264
9.187234,76.353254,-367.924333,3221.792297,0.350050,0.008398,0.065842,-0.934376,-0.000250,0.001449,-0.000000,39.229160,-8.171223,3030.792297,-0.863734,0.468613,509.359926,46.423651,3441708.350525,0.476903,612.819862,0.415322,0.000000,-0.000000,-312145.879859,6.213610
9.211955,76.714534,-369.535450,3234.261446,0.350049,0.008413,0.065855,-0.934376,-0.000897,0.001559,-0.000000,39.229145,-8.171218,3043.261446,-0.855126,0.458685,508.214950,46.238504,3430128.658223,0.592079,609.732553,0.495741,0.000000,-0.000000,-309875.199063,6.220953
9.236677,77.075083,-371.143671,3246.702491,0.350048,0.008426,0.065876,-0.934375,-0.001586,0.001576,-0.000000,39.229131,-8.171214,3055.702491,-0.846538,0.448780,507.074858,46.027630,3418606.459473,0.527408,606.211260,0.418660,0.000000,0.000000,-307394.488455,6.228271
9.261398,77.434903,-372.749011,3259.115559,0.350047,0.008436,0.065903,-0.934373,-0.002084,0.001495,-0.000000,39.229117,-8.171210,3068.115559,-0.837969,0.438897,505.939769,45.828412,3407142.366833,0.299014,602.880853,0.221450,0.000000,-0.000000,-305021.399857,6.235562
9.286120,77.793998,-374.351491,3271.500767,0.350046,0.008443,0.065934,-0.934371,-0.002227,0.001348,-0.000000,39.229102,-8.171206,3080.500767,-0.829420,0.429036,504.809206,45.663600,3395732.979661,0.060562,600.123228,0.138111,0.000000,0.000000,-302947.730158,6.242829
9.310841,78.152379,-375.951134,3283.858224,0.350045,0.008449,0.065964,-0.934369,-0.001986,0.001189,-0.000000,39.229088,-8.171202,3092.858224,-0.820889,0.419197,503.682824,45.499998,3384375.818519,0.311323,597.386855,0.323927,0.000000,0.000000,-300893.498394,6.250074
9.335563,78.510055,-377.547957,3296.188027,0.350044,0.008454,0.065990,-0.934368,-0.001465,0.001075,-0.000000,39.229073,-8.171198,3105.188027,-0.812378,0.409380,502.560395,45.343543,3373069.174263,0.474087,594.773112,0.426828,0.000000,0.000000,-298909.409782,6.257300
9.360284,78.867035,-379.141978,3308.490272,0.350043,0.008461,0.066008,-0.934367,-0.000858,0.001044,-0.000000,39.229059,-8.171193,3117.490272,-0.803886,0.399585,501.441841,45.186190,3361812.383374,0.472461,592.148707,0.387548,0.000000,-0.000000,-296928.138208,6.264506
9.385006,79.223323,-380.733205,3320.765053,0.350042,0.008471,0.066021,-0.934366,-0.000390,0.001108,-0.000000,39.229045,-8.171189,3129.765053,-0.795412,0.389812,500.327224,45.023808,3350605.683824,0.331792,589.443987,0.231919,0.000000,0.000000,-294914.873643,6.271692
9.409727,79.578922,-382.321646,3333.012468,0.350042,0.008483,0.066029,-0.934366,-0.000211,0.001237,-0.000000,39.229031,-8.171185,3142.012468,-0.786958,0.380061,499.216583,44.862133,3339449.188089,0.194061,586.752721,0.103091,0.000000,-0.000000,-292916.688530,6.278858
9.434449,79.933831,-383.907307,3345.232622,0.350041,0.008497,0.066038,-0.934365,-0.000359,0.001386,-0.000000,39.229016,-8.171181,3154.232622,-0.778522,0.370331,498.110465,44.661109,3328346.388204,0.292230,583.403848,0.242752,0.000000,0.000000,-290599.561879,6.286000
9.463871,80.355317,-385.790835,3359.740809,0.350039,0.008513,0.066053,-0.934365,-0.000839,0.001519,-0.000000,39.228999,-8.171176,3168.740809,-0.768507,0.358780,496.800145,44.435467,3315203.764295,0.432789,579.641953,0.363205,0.000000,0.000000,-287966.206215,6.294467
9.493293,80.775822,-387.670452,3374.210731,0.350038,0.008529,0.066076,-0.934363,-0.001421,0.001556,-0.000000,39.228982,-8.171171,3183.210731,-0.758518,0.347259,495.495929,44.247440,3302134.639020,0.413015,576.503398,0.331382,0.000000,0.000000,-285655.086845,6.302901
9.522714,81.195349,-389.546181,3388.642557,0.350037,0.008541,0.066106,-0.934362,-0.001852,0.001490,-0.000000,39.228966,-8.171166,3197.642557,-0.748556,0.335769,494.197346,44.063618,3289135.621613,0.239705,573.431360,0.180457,0.000000,-0.000000,-283388.256624,6.311307
9.552136,81.613905,-391.418049,3403.036448,0.350035,0.008551,0.066140,-0.934360,-0.001969,0.001359,-0.000000,39.228949,-8.171162,3212.036448,-0.738620,0.324309,492.904102,43.885753,3276204.483832,0.024757,570.457380,0.099832,0.000000,0.000000,-281180.782756,6.319686
9.581558,82.031502,-393.286082,3417.392557,0.350034,0.008560,0.066172,-0.934358,-0.001754,0.001228,-0.000000,39.228932,-8.171157,3226.392557,-0.728709,0.312879,491.616077,43.708756,3263340.189742,0.220449,567.499189,0.232730,0.000000,-0.000000,-278991.724622,6.328038
9.610980,82.448150,-395.150305,3431.711038,0.350033,0.008568,0.066199,-0.934356,-0.001331,0.001155,-0.000000,39.228915,-8.171152,3240.711038,-0.718825,0.301479,490.333338,43.526048,3250542.940028,0.320082,564.448845,0.287035,0.000000,0.000000,-276768.086006,6.336363
9.640401,82.863859,-397.010741,3445.992054,0.350032,0.008578,0.066221,-0.934355,-0.000897,0.001168,-0.000000,39.228899,-8.171147,3254.992054,-0.708967,0.290108,489.056662,43.298775,3237817.626984,0.287924,560.658081,0.226632,0.000000,0.000000,-274193.569720,6.344657
9.669823,83.278638,-398.867408,3460.235788,0.350031,0.008591,0.066238,-0.934354,-0.000634,0.001256,-0.000000,39.228882,-8.171142,3269.235788,-0.699134,0.278768,487.786327,43.084042,3225165.810175,0.183504,557.079069,0.100532,0.000000,-0.000000,-271735.553102,6.352915
9.699245,83.692487,-400.720322,3474.442415,0.350030,0.008606,0.066254,-0.934353,-0.000637,0.001379,-0.000000,39.228865,-8.171137,3283.442415,-0.689328,0.267456,486.521697,42.911143,3212583.011752,0.179197,554.198820,0.117786,0.000000,0.000000,-269629.750762,6.361144
9.728667,84.105408,-402.569497,3488.612095,0.350029,0.008621,0.066272,-0.934352,-0.000883,0.001483,-0.000000,39.228849,-8.171133,3297.612095,-0.679546,0.256175,485.262302,42.739281,3200065.877037,0.266674,551.334188,0.213714,0.000000,0.000000,-267541.697244,6.369346
9.765020,84.614326,-404.849169,3506.069153,0.350027,0.008640,0.066299,-0.934350,-0.001343,0.001529,-0.000000,39.228828,-8.171127,3315.069153,-0.667495,0.242276,483.713322,42.522257,3184689.424013,0.285849,547.713020,0.226555,0.000000,-0.000000,-264936.084366,6.379444
9.801373,85.121833,-407.123190,3523.470343,0.350026,0.008656,0.066334,-0.934348,-0.001716,0.001471,-0.000000,39.228808,-8.171121,3332.470343,-0.655483,0.228421,482.173207,42.252791,3169418.141059,0.162661,543.212565,0.121611,0.000000,0.000000,-261922.544145,6.389494
9.837726,85.627939,-409.391604,3540.815974,0.350024,0.008669,0.066373,-0.934346,-0.001801,0.001356,-0.000000,39.228787,-8.171115,3349.815974,-0.643509,0.214611,480.641723,42.030467,3154250.014056,0.034614,539.497654,0.090056,0.000000,0.000000,-259305.082088,6.399498
9.874079,86.132660,-411.654458,3558.106347,0.350023,0.008681,0.066410,-0.934344,-0.001574,0.001259,-0.000000,39.228767,-8.171109,3367.106347,-0.631574,0.200844,479.118266,41.821762,3139180.602340,0.195892,536.011568,0.196183,0.000000,0.000000,-256812.932657,6.409461
9.910433,86.636014,-413.911792,3575.341747,0.350022,0.008693,0.066442,-0.934342,-0.001184,0.001237,-0.000000,39.228747,-8.171103,3384.341747,-0.619676,0.187122,477.602565,41.609125,3124207.700319,0.240711,532.463291,0.204855,0.000000,-0.000000,-254305.833840,6.419383
9.946786,87.138014,-416.163642,3592.522450,0.350020,0.008708,0.066468,-0.934341,-0.000865,0.001301,-0.000000,39.228727,-8.171097,3401.522450,-0.607816,0.173443,476.094407,41.404111,3109329.467737,0.174207,529.045651,0.109789,0.000000,0.000000,-251875.675329,6.429267
9.983139,87.638668,-418.410034,3609.648734,0.350019,0.008725,0.066491,-0.934339,-0.000796,0.001412,-0.000000,39.228706,-8.171092,3418.648734,-0.595994,0.159807,474.594063,41.180797,3094547.259948,0.147649,525.323799,0.081490,0.000000,-0.000000,-249315.556172,6.439110
10.019492,88.137980,-420.650998,3626.720898,0.350017,0.008744,0.066515,-0.934338,-0.001009,0.001506,-0.000000,39.228686,-8.171086,3435.720898,-0.584208,0.146215,473.102394,40.924963,3079866.235408,0.231926,521.057645,0.181846,0.000000,0.000000,-246513.619580,6.448906
10.055845,88.635953,-422.886563,3643.739238,0.350015,0.008762,0.066545,-0.934336,-0.001379,0.001533,-0.000000,39.228666,-8.171080,3452.739238,-0.572461,0.132665,471.618774,40.726000,3065281.864392,0.249432,517.737951,0.195776,0.000000,-0.000000,-244174.937992,6.458659
10.092198,89.132591,-425.116761,3660.704037,0.350014,0.008779,0.066580,-0.934334,-0.001697,0.001486,-0.000000,39.228646,-8.171074,3469.704037,-0.560750,0.119158,470.142601,40.529481,3050789.804873,0.155301,514.455992,0.112325,0.000000,0.000000,-241867.678224,6.468373
10.128551,89.627904,-427.341630,3677.615560,0.350012,0.008792,0.066619,-0.934332,-0.001795,0.001398,-0.000000,39.228626,-8.171069,3486.615560,-0.549076,0.105693,468.673547,40.336035,3036387.524806,0.019739,511.223930,0.059876,0.000000,-0.000000,-239597.132171,6.478051
10.164905,90.121905,-429.561207,3694.474056,0.350011,0.008804,0.066656,-0.934330,-0.001634,0.001326,-0.000000,39.228606,-8.171063,3503.474056,-0.537438,0.092270,467.211311,40.152694,3022072.689213,0.147454,508.161541,0.153412,0.000000,0.000000,-237418.819731,6.487694
10.201258,90.614609,-431.775530,3711.279791,0.350010,0.008817,0.066690,-0.934328,-0.001316,0.001311,-0.000000,39.228586,-8.171057,3520.279791,-0.525837,0.078890,465.756945,39.909560,3007851.699522,0.199952,504.103472,0.174953,0.000000,0.000000,-234789.693357,6.497295
10.235280,91.074558,-433.843114,3726.960210,0.350008,0.008833,0.066718,-0.934326,-0.001039,0.001491,-0.000000,39.228568,-8.171052,3535.960210,-0.501623,0.077899,464.403152,39.707917,2994901.963293,0.422761,500.745487,0.191446,0.000000,0.000000,-232547.782659,6.506181
10.240902,91.150464,-434.184372,3729.547207,0.350008,0.008836,0.066722,-0.934326,-0.001007,0.001575,-0.000000,39.228565,-8.171051,3538.547207,-0.493904,0.080933,464.180082,39.679078,2992845.487239,0.575352,500.267320,0.311045,0.000000,-0.000000,-232214.125663,6.507629
10.246525,91.226340,-434.525505,3732.132957,0.350008,0.008839,0.066726,-0.934326,-0.000980,0.001700,-0.000000,39.228562,-8.171050,3541.132957,-0.486188,0.083965,463.957178,39.650274,2990790.907389,0.723923,499.789638,0.433924,0.000000,-0.000000,-231880.989936,6.509076
10.252147,91.302187,-434.866514,3734.717460,0.350007,0.008843,0.066731,-0.934325,-0.000961,0.001865,-0.000000,39.228559,-8.171049,3543.717460,-0.478477,0.086995,463.734435,39.621508,2988738.205567,0.864129,499.312439,0.549846,0.000000,-0.000000,-231548.371639,6.510523
10.263392,91.453793,-435.548158,3739.882728,0.350007,0.008852,0.066740,-0.934325,-0.000941,0.002301,-0.000000,39.228552,-8.171047,3548.882728,-0.463065,0.093052,463.289435,39.564096,2984638.423988,1.109966,498.359483,0.748363,0.000000,0.000000,-230884.683399,6.513413
10.274637,91.605282,-436.229302,3745.043019,0.350006,0.008863,0.066750,-0.934324,-0.000948,0.002852,-0.000000,39.228546,-8.171046,3554.043019,-0.447668,0.099102,462.845078,39.506854,2980546.099326,1.296346,497.408443,0.890051,0.000000,0.000000,-230223.049509,6.516300
10.285883,91.756657,-436.909946,3750.198341,0.350005,0.008878,0.066761,-0.934324,-0.000981,0.003478,-0.000000,39.228540,-8.171044,3559.198341,-0.432285,0.105147,462.401360,39.449794,2976461.203863,1.412154,496.459313,0.966344,0.000000,0.000000,-229563.461466,6.519184
10.297128,91.907917,-437.590090,3755.348701,0.350003,0.008896,0.066774,-0.934323,-0.001035,0.004133,-0.000000,39.228534,-8.171042,3564.348701,-0.416918,0.111186,461.958281,39.392921,2972383.722646,1.452954,495.512089,0.975143,0.000000,0.000000,-228905.913161,6.522065
10.325451,92.288390,-439.300955,3768.298947,0.349999,0.008955,0.066813,-0.934322,-0.001238,0.005635,-0.000000,39.228519,-8.171038,3577.298947,-0.378277,0.126371,460.845122,39.250495,2962146.527169,1.245140,493.134750,0.729552,0.000000,-0.000000,-227258.743948,6.529307
10.353774,92.668138,-441.008667,3781.217881,0.349993,0.009030,0.066861,-0.934320,-0.001464,0.006492,-0.000000,39.228503,-8.171033,3590.217881,-0.339730,0.141519,459.736500,39.071555,2951959.282279,0.701816,490.141025,0.226086,0.000000,0.000000,-225335.719306,6.536526
10.382097,93.047150,-442.713258,3794.105632,0.349987,0.009110,0.066915,-0.934317,-0.001622,0.006409,-0.000000,39.228488,-8.171029,3603.105632,-0.301276,0.156630,458.632818,38.897514,2941824.414459,0.103704,487.225865,0.361039,0.000000,0.000000,-223457.771410,6.543718
10.404994,93.352998,-444.089010,3804.501520,0.349982,0.009169,0.066957,-0.934315,-0.001655,0.005709,-0.000000,39.228476,-8.171025,3613.501520,-0.270257,0.168820,457.743914,38.790965,2933667.619687,0.313459,485.440698,0.656262,0.000000,0.000000,-222207.524745,6.549515
10.427890,93.658350,-445.462763,3814.877180,0.349979,0.009219,0.066996,-0.934314,-0.001604,0.004711,-0.000000,39.228463,-8.171022,3623.877180,-0.239299,0.180986,456.857586,38.680813,2925540.697841,0.463672,483.599105,0.747101,0.000000,-0.000000,-220935.919892,6.555299
10.450787,93.963207,-446.834527,3825.232674,0.349976,0.009258,0.067029,-0.934312,-0.001493,0.003731,-0.000000,39.228451,-8.171018,3634.232674,-0.208400,0.193128,455.974057,38.539067,2917444.991011,0.377116,481.234691,0.625088,0.000000,0.000000,-219430.534472,6.561068
10.473684,94.267574,-448.204310,3835.568064,0.349973,0.009287,0.067058,-0.934310,-0.001362,0.003043,-0.000000,39.228439,-8.171015,3644.568064,-0.177562,0.205246,455.093662,38.397981,2909382.571884,0.121973,478.885298,0.348413,0.000000,-0.000000,-217937.663860,6.566821
10.496580,94.571461,-449.572113,3845.883418,0.349971,0.009313,0.067083,-0.934309,-0.001250,0.002808,-0.000000,39.228426,-8.171011,3654.883418,-0.146783,0.217342,454.216320,38.278031,2901352.835168,0.292099,476.891004,0.063548,0.000000,-0.000000,-216611.676925,6.572557
10.522904,94.920244,-451.142161,3857.717801,0.349969,0.009342,0.067111,-0.934308,-0.001184,0.003107,-0.000000,39.228412,-8.171007,3666.717801,-0.111472,0.231218,453.211065,38.150784,2892159.232336,0.681961,474.776085,0.348351,0.000000,-0.000000,-215173.774903,6.579134
10.549227,95.268423,-452.709591,3869.525894,0.349966,0.009379,0.067141,-0.934306,-0.001200,0.003846,-0.000000,39.228398,-8.171003,3678.525894,-0.076239,0.245063,452.209329,38.007818,2883005.314085,0.917469,472.396192,0.528725,0.000000,0.000000,-213621.965139,6.585694
10.575550,95.616005,-454.274407,3881.307793,0.349962,0.009425,0.067176,-0.934305,-0.001285,0.004721,-0.000000,39.228384,-8.170999,3690.307793,-0.041085,0.258878,451.211426,37.849736,2873892.961636,0.929043,469.759996,0.504366,0.000000,-0.000000,-211961.077558,6.592233
10.601873,95.962996,-455.836616,3893.063594,0.349958,0.009482,0.067216,-0.934303,-0.001404,0.005413,-0.000000,39.228370,-8.170995,3702.063594,-0.006008,0.272662,450.217340,37.716664,2864821.957277,0.736249,467.537446,0.306188,0.000000,0.000000,-210493.465228,6.598752
10.628196,96.309393,-457.396234,3904.793394,0.349953,0.009544,0.067260,-0.934301,-0.001514,0.005701,-0.000000,39.228356,-8.170991,3713.793394,0.028991,0.286416,449.226763,37.593014,2855790.222905,0.428198,465.469484,0.055737,0.000000,-0.000000,-209101.349386,6.605253
10.662137,96.755144,-459.403367,3919.879228,0.349947,0.009625,0.067318,-0.934298,-0.001592,0.005421,-0.000000,39.228338,-8.170986,3728.879228,0.074003,0.304105,447.954870,37.406531,2844203.710906,0.050548,462.350615,0.321004,0.000000,-0.000000,-207112.209315,6.613608
10.688936,97.106402,-460.985213,3931.760762,0.349942,0.009682,0.067362,-0.934296,-0.001579,0.004815,-0.000000,39.228324,-8.170982,3740.760762,0.109455,0.318036,446.955016,37.253762,2835102.805315,0.115378,459.798030,0.432409,0.000000,0.000000,-205509.035828,6.620181
10.715735,97.457035,-462.564436,3943.615670,0.349939,0.009731,0.067403,-0.934294,-0.001515,0.004137,-0.000000,39.228310,-8.170978,3752.615670,0.144828,0.331937,445.958879,37.129964,2826042.734416,0.094713,457.732670,0.381294,0.000000,0.000000,-204129.948520,6.626735
10.742535,97.807049,-464.141048,3955.444050,0.349935,0.009773,0.067439,-0.934292,-0.001429,0.003643,-0.000000,39.228296,-8.170974,3764.444050,0.180121,0.345806,444.966150,37.006568,2817021.416894,0.098440,455.677306,0.201519,0.000000,-0.000000,-202760.976598,6.633271
10.769334,98.156452,-465.715056,3967.245994,0.349932,0.009810,0.067473,-0.934290,-0.001359,0.003499,-0.000000,39.228281,-8.170970,3776.245994,0.215335,0.359644,443.977065,36.853234,2808040.240923,0.343465,453.123846,0.049410,0.000000,0.000000,-201176.595652,6.639788
10.796134,98.505257,-467.286461,3979.021601,0.349929,0.009848,0.067507,-0.934289,-0.001330,0.003728,-0.000000,39.228267,-8.170966,3788.021601,0.250471,0.373451,442.991894,36.706463,2799100.786134,0.570189,450.679883,0.235586,0.000000,0.000000,-199647.534949,6.646285
10.822933,98.853475,-468.855270,3990.770973,0.349926,0.009891,0.067542,-0.934287,-0.001351,0.004213,-0.000000,39.228253,-8.170962,3799.770973,0.285528,0.387228,442.010394,36.585254,2790201.410019,0.694269,448.661017,0.328951,0.000000,0.000000,-198312.832852,6.652762
10.849732,99.201112,-470.421487,4002.494205,0.349922,0.009941,0.067580,-0.934285,-0.001412,0.004754,-0.000000,39.228239,-8.170958,3811.494205,0.320508,0.400974,441.032240,36.463614,2781339.946545,0.681683,446.632380,0.297404,0.000000,-0.000000,-196979.279010,6.659222
10.876532,99.548172,-471.985123,4014.191391,0.349918,0.009996,0.067621,-0.934283,-0.001488,0.005157,-0.000000,39.228225,-8.170954,3823.191391,0.355409,0.414689,440.057653,36.314001,2772517.675915,0.550829,444.134140,0.165794,0.000000,-0.000000,-195444.627322,6.665663
10.912859,100.017693,-474.100548,4030.005601,0.349911,0.010076,0.067681,-0.934280,-0.001574,0.005288,-0.000000,39.228206,-8.170948,3839.005601,0.402595,0.433232,438.742342,36.133699,2760621.749432,0.284398,441.121127,0.088589,0.000000,-0.000000,-193538.516308,6.674364
10.949185,100.486151,-476.211293,4045.772356,0.349905,0.010154,0.067741,-0.934277,-0.001599,0.004927,-0.000000,39.228187,-8.170943,3854.772356,0.449640,0.451719,437.433335,35.977745,2748795.791995,0.073761,438.515121,0.257504,0.000000,0.000000,-191821.131800,6.683033
10.985512,100.953545,-478.317398,4061.491887,0.349900,0.010224,0.067798,-0.934275,-0.001558,0.004334,-0.000000,39.228168,-8.170937,3870.491887,0.496543,0.470151,436.130898,35.779789,2737041.210157,0.046444,435.211094,0.258477,0.000000,0.000000,-189809.005199,6.691666
11.021839,101.419883,-480.418895,4077.164431,0.349895,0.010284,0.067850,-0.934272,-0.001484,0.003889,0.000000,39.228149,-8.170932,3886.164431,0.543306,0.488528,434.835072,35.604904,2725357.981378,0.204182,432.296396,0.097591,-0.000000,-0.000000,-187977.634627,6.700265
11.058166,101.885182,-482.515803,4092.790217,0.349891,0.010340,0.067899,-0.934269,-0.001432,0.003868,-0.000000,39.228130,-8.170926,3901.790217,0.589930,0.506850,433.545345,35.451273,2713742.616375,0.441041,429.738746,0.125495,0.000000,0.000000,-186311.232922,6.708832
11.094507,102.349653,-484.608987,4108.375814,0.349886,0.010398,0.067949,-0.934267,-0.001440,0.004279,-0.000000,39.228112,-8.170921,3917.375814,0.636434,0.525124,432.261426,35.257946,2702191.614682,0.607251,426.517175,0.261797,0.000000,0.000000,-184366.922405,6.717368
11.130849,102.813125,-486.697607,4123.915069,0.349881,0.010466,0.068003,-0.934264,-0.001509,0.004867,-0.000000,39.228093,-8.170916,3932.915069,0.682799,0.543345,430.983727,35.099204,2690708.734277,0.600005,423.869736,0.234309,0.000000,0.000000,-182680.958240,6.725873
11.167191,103.275608,-488.781684,4139.408201,0.349875,0.010542,0.068061,-0.934261,-0.001600,0.005270,-0.000000,39.228074,-8.170910,3948.408201,0.729027,0.561511,429.711999,34.938313,2679292.177015,0.425893,421.182676,0.066263,0.000000,0.000000,-180987.249518,6.734346
11.203532,103.737102,-490.861249,4154.855433,0.349868,0.010622,0.068122,-0.934258,-0.001662,0.005247,-0.000000,39.228056,-8.170905,3963.855433,0.775118,0.579624,428.446577,34.750370,2667943.780412,0.193647,418.042013,0.152343,0.000000,0.000000,-179108.669610,6.742785
11.239874,104.197606,-492.936341,4170.256982,0.349862,0.010698,0.068183,-0.934255,-0.001660,0.004820,-0.000000,39.228037,-8.170900,3979.256982,0.821073,0.597682,427.187131,34.605532,2656661.225638,0.045317,415.622494,0.267570,0.000000,-0.000000,-177548.580862,6.751194
11.276215,104.657120,-495.006993,4185.613063,0.349857,0.010765,0.068240,-0.934252,-0.001601,0.004260,-0.000000,39.228018,-8.170894,3994.613063,0.866892,0.615688,425.933528,34.438954,2645443.441918,0.073758,412.843553,0.221193,0.000000,-0.000000,-175843.910670,6.759572
11.312557,105.115654,-497.073231,4200.923893,0.349852,0.010825,0.068293,-0.934250,-0.001528,0.003915,0.000000,39.228000,-8.170889,4009.923893,0.912576,0.633641,424.686155,34.255183,2634292.578265,0.251769,409.781171,0.045777,-0.000000,-0.000000,-174028.389681,6.767916
11.348899,105.573226,-499.135072,4216.189687,0.349848,0.010881,0.068343,-0.934247,-0.001493,0.003999,-0.000000,39.227981,-8.170884,4025.189687,0.958126,0.651540,423.444573,34.118547,2623205.657606,0.471428,407.507301,0.160655,0.000000,0.000000,-172556.755192,6.776230
11.383832,106.012181,-501.112897,4230.821772,0.349843,0.010940,0.068393,-0.934244,-0.001523,0.004444,-0.000000,39.227963,-8.170879,4039.821772,1.001785,0.668697,422.256454,33.957907,2612607.715565,0.594970,404.830649,0.258833,0.000000,0.000000,-170942.354173,6.784194
11.418766,106.450281,-503.086681,4245.412625,0.349838,0.011007,0.068447,-0.934242,-0.001602,0.004990,-0.000000,39.227946,-8.170874,4054.412625,1.045320,0.685805,421.073817,33.795570,2602069.235187,0.561446,402.122228,0.209315,0.000000,0.000000,-169323.141079,6.792130
11.453699,106.887530,-505.056446,4259.962429,0.349832,0.011081,0.068505,-0.934239,-0.001690,0.005329,-0.000000,39.227928,-8.170868,4068.962429,1.088734,0.702866,419.896346,33.663630,2591588.061905,0.391788,399.918130,0.047952,0.000000,-0.000000,-167924.161460,6.800038
11.488633,107.323931,-507.022218,4274.471364,0.349826,0.011158,0.068566,-0.934236,-0.001740,0.005276,-0.000000,39.227910,-8.170863,4083.471364,1.132025,0.719878,418.724102,33.503460,2581164.362502,0.184066,397.241175,0.149840,0.000000,0.000000,-166334.454340,6.807918
11.523567,107.759480,-508.984029,4288.939614,0.349820,0.011231,0.068626,-0.934233,-0.001729,0.004873,-0.000000,39.227893,-8.170858,4097.939614,1.175195,0.736843,417.557294,33.345379,2570799.216848,0.056140,394.600513,0.249762,0.000000,-0.000000,-164768.322576,6.815770
11.558500,108.194178,-510.941908,4303.367360,0.349815,0.011297,0.068682,-0.934230,-0.001667,0.004359,0.000000,39.227875,-8.170853,4112.367360,1.218244,0.753760,416.395562,33.215939,2560490.197653,0.080485,392.441604,0.208766,-0.000000,0.000000,-163410.942052,6.823595
11.593434,108.628034,-512.895877,4317.754778,0.349810,0.011355,0.068735,-0.934227,-0.001598,0.004031,0.000000,39.227858,-8.170848,4126.754778,1.261173,0.770629,415.238926,33.059306,2550237.226147,0.233959,389.831893,0.054249,-0.000000,0.000000,-161873.376600,6.831394
11.628367,109.061062,-514.845949,4332.102051,0.349806,0.011411,0.068785,-0.934224,-0.001569,0.004082,0.000000,39.227840,-8.170843,4141.102051,1.303982,0.787452,414.087607,32.903267,2540041.442560,0.426806,387.233386,0.128272,-0.000000,0.000000,-160348.545962,6.839163
11.667047,109.539580,-517.000609,4347.941273,0.349800,0.011477,0.068842,-0.934221,-0.001611,0.004570,0.000000,39.227821,-8.170838,4156.941273,1.351242,0.806024,412.818588,32.762714,2528816.078675,0.552165,384.892567,0.228087,-0.000000,-0.000000,-158890.806238,6.847736
11.699896,109.945188,-518.826711,4361.354351,0.349795,0.011540,0.068895,-0.934218,-0.001759,0.005110,0.000000,39.227804,-8.170833,4170.354351,1.382091,0.827790,411.745249,32.644676,2519412.201852,0.513862,382.927759,0.181815,-0.000000,0.000000,-157668.685353,6.854985
11.724223,110.245119,-520.176893,4371.265303,0.349791,0.011590,0.068940,-0.934216,-0.002132,0.005265,0.000000,39.227792,-8.170830,4180.265303,1.394362,0.850799,410.952786,32.558227,2512566.725708,0.597594,381.492616,0.387124,-0.000000,0.000000,-156775.453625,6.860330
11.748550,110.544653,-521.525202,4381.157086,0.349787,0.011639,0.068990,-0.934213,-0.002788,0.005125,0.000000,39.227780,-8.170826,4190.157086,1.406610,0.873764,410.162673,32.451260,2505746.468163,0.748158,379.711219,0.597281,-0.000000,0.000000,-155743.368637,6.865663
11.772878,110.843782,-522.871646,4391.029759,0.349784,0.011682,0.069047,-0.934210,-0.003597,0.004745,0.000000,39.227768,-8.170823,4200.029759,1.418834,0.896684,409.375132,32.341836,2498952.722175,0.812512,377.885297,0.674824,-0.000000,0.000000,-154696.843220,6.870981
11.797205,111.142503,-524.216232,4400.883382,0.349780,0.011716,0.069111,-0.934206,-0.004371,0.004247,0.000000,39.227756,-8.170819,4209.883382,1.431034,0.919560,408.590042,32.248459,2492184.692215,0.733712,376.324517,0.599605,-0.000000,0.000000,-153762.450335,6.876287
11.821532,111.440818,-525.558969,4410.718012,0.349778,0.011742,0.069181,-0.934201,-0.004931,0.003766,0.000000,39.227744,-8.170816,4219.718012,1.443211,0.942392,407.807167,32.164350,2485440.865242,0.522990,374.916677,0.400887,-0.000000,0.000000,-152893.707771,6.881581
11.845860,111.738732,-526.899865,4420.533702,0.349775,0.011762,0.069253,-0.934196,-0.005160,0.003421,0.000000,39.227732,-8.170812,4229.533702,1.455364,0.965180,407.026495,32.071377,2478721.114166,0.252628,373.360213,0.170466,-0.000000,0.000000,-151967.498806,6.886864
11.870187,112.036255,-528.238932,4430.330507,0.349773,0.011778,0.069326,-0.934192,-0.005025,0.003284,0.000000,39.227720,-8.170809,4239.330507,1.467494,0.987925,406.248247,31.964497,2472026.720150,0.213991,371.572272,0.234922,-0.000000,-0.000000,-150950.584356,6.892134
11.894514,112.333400,-529.576178,4440.108484,0.349771,0.011795,0.069395,-0.934187,-0.004587,0.003375,0.000000,39.227708,-8.170805,4249.108484,1.479601,1.010625,405.472376,31.871742,2465357.335851,0.433477,370.022275,0.426844,-0.000000,0.000000,-150033.811151,6.897392
11.918841,112.630175,-530.911610,4449.867688,0.349769,0.011817,0.069459,-0.934183,-0.003971,0.003655,0.000000,39.227696,-8.170802,4258.867688,1.491685,1.033282,404.698678,31.788866,2458711.667160,0.584135,368.640046,0.524674,-0.000000,0.000000,-149188.139269,6.902638
11.943169,112.926588,-532.245234,4459.608171,0.349766,0.011845,0.069517,-0.934179,-0.003338,0.004045,0.000000,39.227684,-8.170798,4268.608171,1.503745,1.055895,403.927124,31.698914,2452089.482799,0.617107,367.142394,0.498805,-0.000000,-0.000000,-148298.771225,6.907873
11.970092,113.254219,-533.719099,4470.366545,0.349762,0.011883,0.069576,-0.934176,-0.002800,0.004482,0.000000,39.227671,-8.170795,4279.366545,1.517065,1.080872,403.075987,31.582470,2444789.431799,0.542124,365.205059,0.347431,-0.000000,-0.000000,-147205.389563,6.913653
11.997016,113.581408,-535.190759,4481.102134,0.349759,0.011929,0.069631,-0.934172,-0.002564,0.004807,-0.000000,39.227657,-8.170791,4290.102134,1.530358,1.105796,402.227808,31.473630,2437520.021441,0.442729,363.395604,0.142748,0.000000,0.000000,-146167.817120,6.919416
12.023940,113.908150,-536.660218,4491.815013,0.349754,0.011978,0.069687,-0.934169,-0.002675,0.004942,0.000000,39.227644,-8.170787,4300.815013,1.543622,1.130667,401.382216,31.389590,2430278.923132,0.444744,361.999535,0.187416,-0.000000,0.000000,-145300.175433,6.925166
12.050864,114.234437,-538.127480,4502.505252,0.349750,0.012026,0.069746,-0.934166,-0.003076,0.004866,0.000000,39.227631,-8.170783,4311.505252,1.556858,1.155485,400.539210,31.288774,2423066.067803,0.529089,360.321154,0.353872,-0.000000,0.000000,-144322.750507,6.930902
12.086176,114.661676,-540.048535,4516.491740,0.349745,0.012083,0.069831,-0.934161,-0.003818,0.004530,0.000000,39.227614,-8.170778,4325.491740,1.574176,1.187956,399.437934,31.140102,2413651.447754,0.578530,357.841330,0.433692,-0.000000,0.000000,-142935.401767,6.938403
12.121487,115.088119,-541.965841,4530.439576,0.349741,0.012129,0.069926,-0.934155,-0.004490,0.004088,0.000000,39.227596,-8.170773,4339.439576,1.591446,1.220337,398.341167,31.025816,2404285.461947,0.465367,355.932069,0.324416,-0.000000,-0.000000,-141782.395879,6.945880
12.149483,115.425642,-543.483240,4541.470121,0.349738,0.012159,0.070005,-0.934149,-0.004778,0.003794,0.000000,39.227583,-8.170769,4350.470121,1.605103,1.245946,397.474745,30.927252,2396893.885915,0.293665,354.283902,0.147091,-0.000000,0.000000,-140818.903782,6.951792
12.177478,115.762678,-544.998308,4552.476551,0.349735,0.012184,0.070086,-0.934144,-0.004758,0.003653,0.000000,39.227569,-8.170766,4361.476551,1.618731,1.271498,396.611329,30.811977,2389533.717982,0.220586,352.356733,0.135387,-0.000000,0.000000,-139748.672256,6.957687
12.205473,116.099236,-546.511059,4563.458944,0.349732,0.012209,0.070165,-0.934139,-0.004450,0.003705,0.000000,39.227556,-8.170762,4372.458944,1.632329,1.296995,395.750929,30.707325,2382204.942748,0.343567,350.608514,0.293057,-0.000000,-0.000000,-138753.645107,6.963567
12.233468,116.435330,-548.021501,4574.417380,0.349729,0.012238,0.070239,-0.934134,-0.003963,0.003926,-0.000000,39.227542,-8.170758,4383.417380,1.645897,1.322436,394.893279,30.617422,2374905.862149,0.454157,349.109102,0.372996,0.000000,0.000000,-137860.837819,6.969432
12.269020,116.861476,-549.936297,4588.299072,0.349725,0.012283,0.070326,-0.934129,-0.003344,0.004322,-0.000000,39.227525,-8.170753,4397.299072,1.663085,1.354663,393.808157,30.488482,2365679.727168,0.471068,346.961693,0.322342,0.000000,0.000000,-136636.344900,6.976860
12.297632,117.203915,-551.474676,4599.443453,0.349721,0.012326,0.070391,-0.934125,-0.003017,0.004626,-0.000000,39.227511,-8.170749,4408.443453,1.676884,1.380536,392.938275,30.373449,2358290.295183,0.411855,345.047341,0.177029,0.000000,0.000000,-135582.307184,6.982819
12.326244,117.545878,-553.010669,4610.563081,0.349717,0.012374,0.070455,-0.934121,-0.002956,0.004812,-0.000000,39.227497,-8.170745,4419.563081,1.690652,1.406351,392.071250,30.282859,2350931.528135,0.382479,343.541525,0.082648,0.000000,0.000000,-134692.755062,6.988763
12.354856,117.887361,-554.544280,4621.658036,0.349712,0.012423,0.070519,-0.934117,-0.003174,0.004828,-0.000000,39.227483,-8.170741,4430.658036,1.704389,1.432109,391.206884,30.192740,2343602.159197,0.430067,342.042426,0.223994,0.000000,0.000000,-133809.351430,6.994694
12.383468,118.228358,-556.075517,4632.728402,0.349708,0.012470,0.070588,-0.934113,-0.003593,0.004680,-0.000000,39.227470,-8.170737,4441.728402,1.718096,1.457810,390.345451,30.079841,2336303.757491,0.484416,340.160688,0.322729,0.000000,-0.000000,-132780.177363,7.000609
12.425274,118.725707,-558.308551,4648.859248,0.349702,0.012531,0.070697,-0.934106,-0.004255,0.004315,0.000000,39.227450,-8.170731,4457.859248,1.738069,1.495260,389.092429,29.916133,2325697.602073,0.452558,337.428430,0.302928,-0.000000,0.000000,-131290.847410,7.009221
12.455470,119.084303,-559.918395,4660.478505,0.349699,0.012567,0.070781,-0.934100,-0.004599,0.004044,0.000000,39.227435,-8.170727,4469.478505,1.752455,1.522235,388.191624,29.799053,2318079.686794,0.336941,335.472172,0.173667,-0.000000,0.000000,-130227.487381,7.015418
12.485667,119.442364,-561.525636,4672.070718,0.349695,0.012598,0.070867,-0.934094,-0.004698,0.003881,0.000000,39.227421,-8.170723,4481.070718,1.766808,1.549147,387.294378,29.682860,2310497.646459,0.239785,333.530274,0.062736,-0.000000,-0.000000,-129174.399930,7.021595
12.515864,119.799900,-563.130290,4683.635991,0.349692,0.012628,0.070953,-0.934089,-0.004530,0.003877,0.000000,39.227406,-8.170719,4492.635991,1.781128,1.575997,386.400515,29.575716,2302950.324225,0.281345,331.740371,0.189106,-0.000000,0.000000,-128184.650262,7.027754
12.546061,120.156921,-564.732369,4695.174417,0.349689,0.012661,0.071036,-0.934083,-0.004166,0.004031,0.000000,39.227392,-8.170715,4504.174417,1.795414,1.602785,385.509564,29.490502,2295434.820910,0.371598,330.318709,0.280844,-0.000000,0.000000,-127341.021756,7.033898
12.590617,120.682791,-567.091576,4712.150674,0.349683,0.012717,0.071150,-0.934076,-0.003588,0.004390,-0.000000,39.227371,-8.170709,4521.150674,1.816434,1.642197,384.200677,29.330701,2284405.915931,0.405345,327.655586,0.257954,0.000000,0.000000,-125885.497730,7.042934
12.622088,121.053577,-568.754621,4724.106680,0.349679,0.012764,0.071226,-0.934071,-0.003309,0.004641,-0.000000,39.227356,-8.170704,4533.106680,1.831237,1.669954,383.280386,29.212644,2276659.664575,0.364732,325.690085,0.136426,0.000000,0.000000,-124830.621375,7.049293
12.653559,121.423820,-570.414907,4736.033891,0.349674,0.012815,0.071300,-0.934066,-0.003259,0.004786,-0.000000,39.227341,-8.170700,4545.033891,1.846005,1.697644,382.363746,29.095453,2268950.521754,0.348755,323.739326,0.061495,0.000000,0.000000,-123786.181454,7.055632
12.685030,121.793516,-572.072441,4747.932421,0.349669,0.012867,0.071375,-0.934062,-0.003453,0.004780,-0.000000,39.227326,-8.170696,4556.932421,1.860737,1.725267,381.450782,28.979202,2261278.521355,0.386925,321.803251,0.183896,0.000000,0.000000,-122752.102073,7.061951
12.716502,122.162661,-573.727235,4759.802384,0.349665,0.012917,0.071454,-0.934057,-0.003815,0.004634,-0.000000,39.227311,-8.170691,4568.802384,1.875434,1.752825,380.541401,28.868129,2253642.999916,0.420735,319.951824,0.254293,0.000000,0.000000,-121754.915587,7.068250
12.756628,122.632524,-575.833158,4774.895434,0.349659,0.012973,0.071561,-0.934050,-0.004312,0.004356,-0.000000,39.227292,-8.170686,4583.895434,1.894122,1.787865,379.386485,28.751955,2243956.572963,0.386931,318.013592,0.224600,0.000000,-0.000000,-120650.058916,7.076258
12.796754,123.101493,-577.934668,4789.942424,0.349654,0.013022,0.071674,-0.934042,-0.004633,0.004108,-0.000000,39.227273,-8.170680,4598.942424,1.912753,1.822798,378.236730,28.618372,2234325.137007,0.283922,315.782324,0.087173,0.000000,0.000000,-119440.473710,7.084238
12.836880,123.569583,-580.031795,4804.943562,0.349650,0.013066,0.071790,-0.934035,-0.004624,0.004026,-0.000000,39.227254,-8.170675,4613.943562,1.931326,1.857624,377.092461,28.475209,2224750.393852,0.254749,313.390682,0.114136,0.000000,0.000000,-118177.263637,7.092189
12.877007,124.036813,-582.124567,4819.899063,0.349645,0.013111,0.071903,-0.934027,-0.004301,0.004155,0.000000,39.227236,-8.170670,4628.899063,1.949844,1.892345,375.953858,28.333294,2215233.187159,0.335233,311.021568,0.236395,-0.000000,0.000000,-116929.758316,7.100109
12.917133,124.503202,-584.213013,4834.809154,0.349640,0.013162,0.072010,-0.934020,-0.003834,0.004432,0.000000,39.227217,-8.170664,4643.809154,1.968305,1.926960,374.820947,28.192541,2205773.452036,0.373542,308.674834,0.242662,-0.000000,-0.000000,-115697.793664,7.107997
12.957259,124.968763,-586.297156,4849.674042,0.349634,0.013221,0.072112,-0.934013,-0.003469,0.004718,0.000000,39.227198,-8.170659,4658.674042,1.986710,1.961470,373.692959,28.085977,2196366.459889,0.341169,306.902012,0.127767,-0.000000,0.000000,-114687.121034,7.115860
12.964164,125.048795,-586.655369,4852.227494,0.349633,0.013232,0.072128,-0.934012,-0.003437,0.004754,0.000000,39.227195,-8.170658,4661.227494,1.989872,1.967398,373.499293,28.067960,2194752.659561,0.333457,306.602511,0.097854,-0.000000,0.000000,-114515.821188,7.117211
12.971069,125.128803,-587.013455,4854.779614,0.349632,0.013243,0.072145,-0.934011,-0.003419,0.004784,0.000000,39.227192,-8.170657,4663.779614,1.993032,1.973323,373.305760,28.047894,2193140.342389,0.327652,306.268767,0.068556,-0.000000,0.000000,-114331.895033,7.118561
12.977974,125.208786,-587.371415,4857.330403,0.349631,0.013254,0.072162,-0.934010,-0.003413,0.004808,0.000000,39.227189,-8.170656,4666.330403,1.996190,1.979245,373.112382,28.023987,2191529.630538,0.324444,305.870838,0.044289,-0.000000,0.000000,-114124.196970,7.119910
12.991784,125.368678,-588.086953,4862.427994,0.349629,0.013277,0.072196,-0.934008,-0.003434,0.004834,0.000000,39.227182,-8.170654,4671.427994,2.002502,1.991080,372.726117,27.976295,2188313.176106,0.326581,305.076906,0.053309,-0.000000,0.000000,-113710.130516,7.122606
13.005595,125.528472,-588.801986,4867.520276,0.349627,0.013300,0.072230,-0.934006,-0.003498,0.004835,0.000000,39.227176,-8.170652,4676.520276,2.008807,2.002902,372.340503,27.928770,2185103.332159,0.338177,304.285536,0.102961,-0.000000,-0.000000,-113297.829610,7.125299
13.019405,125.688165,-589.516514,4872.607256,0.349625,0.013322,0.072264,-0.934004,-0.003598,0.004810,0.000000,39.227169,-8.170650,4681.607256,2.015105,2.014712,371.955542,27.881414,2181900.096602,0.354474,303.496722,0.148833,-0.000000,0.000000,-112887.288002,7.127987
13.058980,126.145242,-591.561319,4887.155545,0.349619,0.013384,0.072367,-0.933997,-0.004008,0.004640,0.000000,39.227151,-8.170645,4696.155545,2.033118,2.048487,370.855975,27.746653,2172757.116537,0.385619,301.250308,0.217964,-0.000000,0.000000,-111720.476534,7.135673
13.098555,126.601501,-593.602004,4901.660572,0.349614,0.013439,0.072476,-0.933990,-0.004432,0.004405,0.000000,39.227133,-8.170640,4710.660572,2.051078,2.082162,369.761721,27.613286,2163667.827887,0.349795,299.024566,0.177681,-0.000000,0.000000,-110567.837901,7.143328
13.138130,127.056949,-595.638595,4916.122552,0.349609,0.013488,0.072589,-0.933982,-0.004662,0.004225,0.000000,39.227114,-8.170635,4725.122552,2.068984,2.115737,368.672627,27.486213,2154631.134789,0.274895,296.902376,0.059414,-0.000000,0.000000,-109459.778840,7.150956
13.177705,127.511599,-597.671118,4930.541672,0.349604,0.013534,0.072704,-0.933974,-0.004589,0.004185,0.000000,39.227096,-8.170629,4739.541672,2.086837,2.149212,367.587994,27.387298,2145642.756811,0.261645,295.250912,0.087193,-0.000000,0.000000,-108530.690514,7.158561
13.217280,127.965467,-599.699595,4944.918113,0.349599,0.013582,0.072815,-0.933967,-0.004264,0.004300,0.000000,39.227078,-8.170624,4753.918113,2.104638,2.182588,366.507987,27.261274,2136703.477679,0.310663,293.148457,0.159957,-0.000000,0.000000,-107441.251168,7.166141
13.256855,128.418567,-601.724050,4959.252061,0.349594,0.013634,0.072921,-0.933960,-0.003887,0.004513,0.000000,39.227060,-8.170619,4768.252061,2.122386,2.215866,365.432904,27.132065,2127814.852368,0.339314,290.995409,0.143139,-0.000000,-0.000000,-106339.297347,7.173694
13.296430,128.870907,-603.744501,4973.543704,0.349588,0.013693,0.073024,-0.933953,-0.003695,0.004729,0.000000,39.227041,-8.170614,4782.543704,2.140081,2.249045,364.362692,27.012510,2118976.400470,0.344461,289.005172,0.074786,-0.000000,-0.000000,-105302.702754,7.181221
13.336005,129.322487,-605.760964,4987.793224,0.349582,0.013755,0.073127,-0.933946,-0.003813,0.004853,0.000000,39.227023,-8.170608,4796.793224,2.157724,2.282127,363.296768,26.916045,2110184.545488,0.353320,287.400062,0.097619,-0.000000,-0.000000,-104411.513519,7.188726
13.375580,129.773303,-607.773453,5002.000797,0.349577,0.013817,0.073234,-0.933939,-0.004172,0.004838,0.000000,39.227005,-8.170603,4811.000797,2.175315,2.315111,362.235390,26.790844,2101440.632311,0.345108,285.312102,0.140663,-0.000000,0.000000,-103350.140424,7.196207
13.415155,130.223353,-609.781988,5016.166608,0.349571,0.013875,0.073347,-0.933932,-0.004551,0.004697,0.000000,39.226987,-8.170598,4825.166608,2.192855,2.347998,361.178827,26.666085,2092746.033413,0.287658,283.228644,0.123505,-0.000000,-0.000000,-102296.189494,7.203661
13.454730,130.672641,-611.786595,5030.290844,0.349565,0.013929,0.073464,-0.933924,-0.004715,0.004502,0.000000,39.226969,-8.170593,4839.290844,2.210343,2.380789,360.127177,26.542519,2084101.137354,0.205397,281.163913,0.091364,-0.000000,0.000000,-101254.766354,7.211089
13.494305,131.121166,-613.787302,5044.373698,0.349560,0.013975,0.073581,-0.933915,-0.004794,0.004069,0.000000,39.226951,-8.170587,4853.373698,2.194037,2.417831,359.080395,26.421135,2075713.279610,0.434065,279.143710,0.290257,-0.000000,0.000000,-100235.033363,7.218444
13.524797,131.466216,-615.326161,5055.196152,0.349557,0.014001,0.073673,-0.933909,-0.005146,0.003402,0.000000,39.226937,-8.170583,4864.196152,2.168638,2.447955,358.276770,26.350610,2069359.577767,0.838336,277.975512,0.664524,-0.000000,-0.000000,-99592.168751,7.224079
13.555289,131.810790,-616.862724,5065.994226,0.349555,0.014014,0.073768,-0.933902,-0.006004,0.002519,0.000000,39.226924,-8.170579,4874.994226,2.143296,2.478012,357.475546,26.269163,2063030.593087,1.047656,276.623149,0.803374,-0.000000,0.000000,-98886.010942,7.066657
13.585781,132.154878,-618.396994,5076.768002,0.349554,0.014010,0.073873,-0.933894,-0.007227,0.001637,0.000000,39.226910,-8.170575,4885.768002,2.118011,2.508000,356.677279,26.156068,2056729.470006,1.051881,274.739527,0.748529,-0.000000,0.000000,-97993.346739,7.066657
13.616273,132.498477,-619.928977,5087.517566,0.349554,0.013989,0.073989,-0.933885,-0.008386,0.000978,0.000000,39.226896,-8.170571,4896.517566,2.092783,2.537922,355.882145,26.054937,2050457.135101,0.828482,273.051578,0.473725,-0.000000,0.000000,-97174.181415,7.066657
13.640032,132.765870,-621.121095,5095.876747,0.349555,0.013963,0.074088,-0.933878,-0.008892,0.000742,0.000000,39.226885,-8.170568,4904.876747,2.073164,2.561190,355.264664,25.985216,2045589.167866,0.553622,271.884956,0.162162,-0.000000,0.000000,-96591.117350,7.066657
13.663790,133.032983,-622.311837,5104.221327,0.349556,0.013934,0.074190,-0.933870,-0.008972,0.000789,0.000000,39.226875,-8.170565,4913.221327,2.053581,2.584417,354.648881,25.915956,2040737.425297,0.326664,270.724503,0.179574,-0.000000,0.000000,-96012.142263,7.066657
13.687549,133.299827,-623.501210,5112.551346,0.349556,0.013908,0.074292,-0.933862,-0.008676,0.001092,0.000000,39.226864,-8.170562,4921.551346,2.034031,2.607603,354.034752,25.847066,2035901.613008,0.349202,269.570123,0.454770,-0.000000,0.000000,-95437.191683,7.066657
13.711308,133.566412,-624.689220,5120.866842,0.349557,0.013887,0.074391,-0.933854,-0.008098,0.001582,0.000000,39.226853,-8.170559,4929.866842,2.014515,2.630749,353.422278,25.777101,2031081.712437,0.488140,268.398974,0.634459,-0.000000,0.000000,-94858.176942,7.066657
13.740282,133.891170,-626.136153,5130.987922,0.349556,0.013874,0.074505,-0.933845,-0.007204,0.002286,0.000000,39.226840,-8.170555,4939.987922,1.990762,2.658921,352.677903,25.674068,2025227.047599,0.558744,266.677598,0.690616,-0.000000,0.000000,-94051.296187,7.066657
13.769255,134.215558,-627.581081,5141.087545,0.349555,0.013874,0.074610,-0.933838,-0.006331,0.002934,0.000000,39.226827,-8.170552,4950.087545,1.967059,2.687034,351.936394,25.575227,2019398.272521,0.470935,265.029918,0.571496,-0.000000,0.000000,-93273.673891,7.066657
13.798229,134.539575,-629.024014,5151.165791,0.349553,0.013886,0.074708,-0.933830,-0.005689,0.003377,0.000000,39.226814,-8.170548,4960.165791,1.943406,2.715086,351.197509,25.492813,2013593.933333,0.283666,263.659915,0.322582,-0.000000,0.000000,-92596.705361,7.066657
13.827203,134.863211,-630.464957,5161.222731,0.349550,0.013904,0.074800,-0.933824,-0.005419,0.003526,0.000000,39.226801,-8.170544,4970.222731,1.919803,2.743080,350.461063,25.410820,2007812.919582,0.265520,262.298653,0.033418,-0.000000,-0.000000,-91925.464864,7.066657
13.856176,135.186453,-631.903917,5171.258436,0.349547,0.013923,0.074892,-0.933817,-0.005558,0.003369,0.000000,39.226789,-8.170540,4980.258436,1.896251,2.771014,349.726975,25.329331,2002054.711273,0.502530,260.945963,0.274114,-0.000000,0.000000,-91259.842398,7.066657
13.885150,135.509291,-633.340898,5181.272977,0.349545,0.013937,0.074986,-0.933810,-0.006045,0.002972,0.000000,39.226776,-8.170537,4990.272977,1.872747,2.798890,348.995475,25.232334,1996320.558768,0.714413,259.332850,0.470944,-0.000000,0.000000,-90505.991023,7.066657
13.914124,135.831713,-634.775908,5191.266434,0.349543,0.013942,0.075086,-0.933803,-0.006739,0.002449,0.000000,39.226763,-8.170533,5000.266434,1.849294,2.826706,348.266754,25.133463,1990611.495160,0.812445,257.686335,0.540091,-0.000000,0.000000,-89743.583334,7.066657
13.943097,136.153718,-636.208952,5201.238884,0.349542,0.013936,0.075193,-0.933794,-0.007460,0.001939,0.000000,39.226750,-8.170529,5010.238884,1.825889,2.854465,347.540607,25.052844,1984926.282057,0.778325,256.342477,0.475512,-0.000000,0.000000,-89089.420230,7.066657
13.972071,136.475307,-637.640040,5211.190396,0.349542,0.013921,0.075307,-0.933786,-0.008040,0.001562,0.000000,39.226737,-8.170525,5020.190396,1.802534,2.882165,346.816842,24.974120,1979263.757770,0.635607,255.027955,0.303964,-0.000000,-0.000000,-88447.989854,7.066657
14.001044,136.796487,-639.069180,5221.121039,0.349542,0.013899,0.075425,-0.933776,-0.008354,0.001399,0.000000,39.226724,-8.170522,5030.121039,1.779228,2.909806,346.095365,24.895991,1973623.334855,0.443166,253.721630,0.078465,-0.000000,0.000000,-87811.880004,7.066657
14.033963,137.160915,-640.690555,5232.378572,0.349542,0.013873,0.075562,-0.933766,-0.008320,0.001508,0.000000,39.226710,-8.170517,5041.378572,1.752807,2.941142,345.278573,24.795574,1967242.492020,0.287611,252.041765,0.187662,-0.000000,0.000000,-87024.621059,7.066657
14.066882,137.524847,-642.309443,5243.609357,0.349542,0.013852,0.075697,-0.933755,-0.007912,0.001876,0.000000,39.226695,-8.170513,5052.609357,1.726450,2.972403,344.465165,24.687791,1960892.472806,0.301678,250.239448,0.366270,-0.000000,-0.000000,-86198.772705,7.066657
14.099800,137.888295,-643.925861,5254.813503,0.349541,0.013840,0.075826,-0.933745,-0.007294,0.002367,0.000000,39.226681,-8.170509,5063.813503,1.700155,3.003589,343.655038,24.598574,1954572.619022,0.331943,248.749820,0.415472,-0.000000,0.000000,-85484.128655,7.066657
14.132719,138.251268,-645.539821,5265.991110,0.349539,0.013839,0.075949,-0.933736,-0.006685,0.002816,0.000000,39.226666,-8.170505,5074.991110,1.673922,3.034702,342.847908,24.512244,1948281.238314,0.282169,247.311416,0.329236,-0.000000,-0.000000,-84790.201636,7.066657
14.165638,138.613763,-647.151336,5277.142272,0.349537,0.013847,0.076066,-0.933727,-0.006280,0.003089,0.000000,39.226652,-8.170501,5086.142272,1.647751,3.065741,342.043591,24.426365,1942017.207831,0.234706,245.883037,0.147812,-0.000000,0.000000,-84102.717143,7.066657
14.211269,139.115446,-649.381187,5292.556438,0.349534,0.013865,0.076222,-0.933715,-0.006241,0.003073,0.000000,39.226631,-8.170495,5101.556438,1.611575,3.108646,340.933680,24.287534,1933381.272511,0.406868,243.573968,0.147614,-0.000000,0.000000,-83042.569374,7.066657
14.246890,139.506400,-651.118620,5304.554071,0.349531,0.013875,0.076347,-0.933706,-0.006634,0.002764,0.000000,39.226616,-8.170490,5113.554071,1.583418,3.142042,340.071740,24.172079,1926680.258664,0.561238,241.652149,0.299087,-0.000000,0.000000,-82179.066556,7.066657
14.282512,139.896755,-652.853229,5316.521162,0.349529,0.013875,0.076477,-0.933696,-0.007220,0.002344,0.000000,39.226600,-8.170486,5125.521162,1.555332,3.175352,339.213865,24.061238,1920015.316100,0.608827,239.805113,0.324385,-0.000000,-0.000000,-81345.219213,7.066657
14.318133,140.286507,-654.585029,5328.457858,0.349528,0.013864,0.076615,-0.933685,-0.007767,0.001988,0.000000,39.226585,-8.170481,5137.457858,1.527318,3.208578,338.359982,23.951651,1913385.914757,0.535168,237.976258,0.223378,-0.000000,0.000000,-80521.642295,7.066657
14.353754,140.675665,-656.314038,5340.364301,0.349528,0.013845,0.076760,-0.933674,-0.008073,0.001833,0.000000,39.226569,-8.170477,5149.364301,1.499375,3.241719,337.510023,23.841569,1906791.552326,0.393596,236.136875,0.048859,-0.000000,-0.000000,-79698.561999,7.066657
14.389375,141.064243,-658.040276,5352.240629,0.349527,0.013825,0.076906,-0.933662,-0.008046,0.001922,0.000000,39.226554,-8.170472,5161.240629,1.471502,3.274777,336.664039,23.727723,1900232.419144,0.280974,234.233688,0.133722,-0.000000,0.000000,-78858.059660,7.066657
14.424996,141.452258,-659.763762,5364.086976,0.349526,0.013809,0.077051,-0.933651,-0.007731,0.002199,0.000000,39.226538,-8.170468,5173.086976,1.443700,3.307751,335.821975,23.621508,1893708.096487,0.253717,232.458932,0.242746,-0.000000,-0.000000,-78064.817543,7.066657
14.460617,141.839722,-661.484518,5375.903484,0.349525,0.013801,0.077191,-0.933640,-0.007283,0.002542,0.000000,39.226523,-8.170463,5184.903484,1.415968,3.340643,334.983921,23.504741,1887218.992767,0.246668,230.509824,0.249377,-0.000000,0.000000,-77217.084929,7.066657
14.496238,142.226640,-663.202561,5387.690302,0.349523,0.013802,0.077325,-0.933629,-0.006891,0.002816,0.000000,39.226507,-8.170459,5196.690302,1.388305,3.373451,334.150281,23.371229,1880767.269688,0.235804,228.283102,0.161590,-0.000000,0.000000,-76280.862733,7.066657
14.535518,142.652662,-665.093944,5400.653502,0.349520,0.013809,0.077469,-0.933618,-0.006695,0.002931,0.000000,39.226490,-8.170454,5209.653502,1.357882,3.409534,333.235851,23.257531,1873694.493623,0.295948,226.390224,0.011236,-0.000000,0.000000,-75441.338917,7.066657
14.574798,143.078007,-666.982074,5413.580977,0.349518,0.013817,0.077612,-0.933607,-0.006815,0.002828,0.000000,39.226473,-8.170449,5222.580977,1.327542,3.445518,332.326118,23.141152,1866663.132710,0.411555,224.452825,0.136018,-0.000000,0.000000,-74591.535939,7.066657
14.614078,143.502662,-668.866970,5426.472908,0.349516,0.013820,0.077758,-0.933596,-0.007178,0.002580,0.000000,39.226456,-8.170444,5235.472908,1.297286,3.481402,331.420871,23.025833,1859671.862446,0.486580,222.531780,0.204445,-0.000000,0.000000,-73751.676298,7.066657
14.653358,143.926623,-670.748649,5439.329465,0.349514,0.013814,0.077910,-0.933584,-0.007611,0.002315,0.000000,39.226440,-8.170439,5248.329465,1.267113,3.517188,330.519996,22.915950,1852719.906571,0.476906,220.699306,0.176359,-0.000000,0.000000,-72945.533831,7.066657
14.692638,144.349893,-672.627131,5452.150818,0.349513,0.013801,0.078068,-0.933572,-0.007925,0.002157,0.000000,39.226423,-8.170434,5261.150818,1.237022,3.552877,329.623536,22.801612,1845807.378604,0.397906,218.790042,0.073802,-0.000000,-0.000000,-72118.347343,7.066657
14.737936,144.837181,-674.789523,5466.893366,0.349511,0.013783,0.078254,-0.933557,-0.007998,0.002179,0.000000,39.226403,-8.170428,5275.893366,1.202423,3.593912,328.595262,22.670277,1837884.803309,0.293294,216.595442,0.074108,-0.000000,0.000000,-71172.236112,7.066657
14.783235,145.323586,-676.947734,5481.589593,0.349510,0.013767,0.078440,-0.933542,-0.007759,0.002393,0.000000,39.226384,-8.170423,5290.589593,1.167932,3.634819,327.573179,22.529939,1830016.075417,0.242715,214.250762,0.167123,-0.000000,-0.000000,-70182.803364,7.066657
14.828534,145.809128,-679.101801,5496.239779,0.349508,0.013760,0.078620,-0.933528,-0.007371,0.002671,0.000000,39.226365,-8.170417,5305.239779,1.133550,3.675598,326.557408,22.392006,1822201.665044,0.230702,211.948653,0.161929,-0.000000,0.000000,-69213.402647,7.066657
14.873833,146.293813,-681.251764,5510.844203,0.349505,0.013762,0.078795,-0.933514,-0.007066,0.002859,0.000000,39.226345,-8.170412,5319.844203,1.099274,3.716249,325.547691,22.265506,1814439.937294,0.257134,209.840540,0.067589,-0.000000,0.000000,-68313.103335,7.066657
14.919132,146.777639,-683.397654,5525.403130,0.349502,0.013767,0.078966,-0.933501,-0.007021,0.002865,0.000000,39.226326,-8.170406,5334.403130,1.065106,3.756774,324.543683,22.142385,1806728.770220,0.344986,207.790525,0.060855,-0.000000,0.000000,-67437.102035,7.066657
14.968165,147.300363,-685.715864,5541.111130,0.349499,0.013771,0.079153,-0.933486,-0.007299,0.002688,0.000000,39.226305,-8.170400,5350.111130,1.028241,3.800497,323.462994,22.016546,1798436.772613,0.436993,205.695253,0.155138,-0.000000,0.000000,-66534.802328,7.066657
15.017197,147.822058,-688.029367,5556.766426,0.349496,0.013766,0.079346,-0.933470,-0.007760,0.002438,0.000000,39.226284,-8.170394,5365.766426,0.991499,3.844074,322.388584,21.885194,1790201.284443,0.445894,203.505009,0.146949,-0.000000,-0.000000,-65607.691622,7.066657
15.066230,148.342722,-690.338194,5572.369299,0.349495,0.013752,0.079547,-0.933454,-0.008100,0.002284,0.000000,39.226264,-8.170388,5381.369299,0.954881,3.887504,321.319841,21.784822,1782018.690879,0.367909,201.829749,0.044608,-0.000000,0.000000,-64851.902941,7.066657
15.115263,148.862372,-692.642381,5587.920040,0.349493,0.013734,0.079753,-0.933438,-0.008061,0.002338,0.000000,39.226243,-8.170382,5396.920040,0.918384,3.930790,320.256823,21.656970,1773889.110890,0.279121,199.693239,0.088359,-0.000000,-0.000000,-63953.122390,7.066657
15.164295,149.381032,-694.941967,5603.418904,0.349491,0.013720,0.079957,-0.933421,-0.007665,0.002578,0.000000,39.226222,-8.170376,5412.418904,0.882010,3.973931,319.199186,21.559491,1765810.435340,0.249865,198.066561,0.146515,-0.000000,-0.000000,-63222.684823,7.066657
15.204533,149.805935,-696.825676,5616.099251,0.349489,0.013717,0.080118,-0.933408,-0.007320,0.002810,0.000000,39.226205,-8.170371,5425.099251,0.852250,4.009226,318.335270,21.465032,1759218.671628,0.260859,196.492335,0.109863,-0.000000,0.000000,-62550.440304,7.066657
15.237794,150.156670,-698.380448,5626.554733,0.349487,0.013719,0.080248,-0.933398,-0.007189,0.002938,0.000000,39.226191,-8.170367,5435.554733,0.827712,4.038329,317.624082,21.380365,1753796.657013,0.296384,195.082303,0.040368,-0.000000,-0.000000,-61962.837452,7.066657
15.271055,150.506955,-699.933141,5636.986655,0.349484,0.013723,0.080377,-0.933387,-0.007217,0.002976,0.000000,39.226177,-8.170363,5445.986655,0.803230,4.067366,316.915662,21.296433,1748399.444186,0.351752,193.684796,0.054645,-0.000000,0.000000,-61381.745290,7.066657
15.304316,150.856787,-701.483763,5647.395106,0.349482,0.013726,0.080507,-0.933377,-0.007379,0.002926,0.000000,39.226163,-8.170359,5456.395106,0.778802,4.096338,316.209744,21.229015,1743025.496190,0.404822,192.562956,0.118128,-0.000000,0.000000,-60890.283132,7.066657
15.337577,151.206162,-703.032324,5657.780167,0.349480,0.013727,0.080640,-0.933366,-0.007625,0.002810,0.000000,39.226150,-8.170355,5466.780167,0.754429,4.125245,315.506185,21.159033,1737673.976411,0.433992,191.397019,0.149978,-0.000000,0.000000,-60386.943485,7.066657
15.382186,151.674028,-705.106048,5671.672122,0.349477,0.013724,0.080823,-0.933352,-0.007972,0.002617,0.000000,39.226131,-8.170349,5480.672122,0.721826,4.163913,314.566526,21.053143,1730532.972276,0.422320,189.630028,0.134458,-0.000000,0.000000,-59651.259018,7.066657
15.426796,152.141074,-707.176104,5685.522337,0.349475,0.013714,0.081011,-0.933336,-0.008214,0.002461,0.000000,39.226112,-8.170344,5494.522337,0.689321,4.202465,313.630973,20.969810,1723431.305330,0.361206,188.238772,0.064346,-0.000000,0.000000,-59037.509092,7.066657
15.471406,152.607306,-709.242518,5699.330998,0.349473,0.013701,0.081201,-0.933321,-0.008272,0.002406,0.000000,39.226094,-8.170338,5508.330998,0.656913,4.240901,312.699629,20.871131,1716369.397090,0.286748,186.590112,0.031317,-0.000000,0.000000,-58346.658717,7.066657
15.516016,153.072739,-711.305316,5713.098290,0.349471,0.013687,0.081391,-0.933305,-0.008143,0.002473,0.000000,39.226075,-8.170333,5522.098290,0.624603,4.279223,311.772491,20.778021,1709347.093773,0.240469,185.035360,0.104388,-0.000000,0.000000,-57688.935310,7.066657
15.565283,153.585846,-713.579302,5728.255074,0.349469,0.013677,0.081598,-0.933288,-0.007880,0.002648,0.000000,39.226055,-8.170327,5537.255074,0.589031,4.321411,310.753388,20.676341,1701637.179908,0.232983,183.339411,0.132091,-0.000000,0.000000,-56973.343347,7.066657
15.614550,154.098000,-715.848938,5743.361872,0.349466,0.013673,0.081800,-0.933271,-0.007631,0.002844,0.000000,39.226034,-8.170321,5552.361872,0.553577,4.363461,309.739366,20.572924,1693974.938440,0.252286,181.616510,0.096069,-0.000000,0.000000,-56253.782692,7.066657
15.663817,154.609203,-718.114251,5758.418926,0.349463,0.013674,0.082000,-0.933255,-0.007521,0.002975,0.000000,39.226014,-8.170315,5567.418926,0.518239,4.405372,308.730293,20.474793,1686359.479147,0.296866,179.983317,0.023295,-0.000000,0.000000,-55566.302197,7.066657
15.713084,155.119450,-720.375275,5773.426481,0.349459,0.013676,0.082197,-0.933239,-0.007496,0.002860,0.000000,39.225994,-8.170309,5582.426481,0.480360,4.431530,307.726199,20.373153,1678931.231497,0.259949,178.279445,0.100825,-0.000000,0.000000,-54861.255833,7.066657
15.752451,155.526468,-722.178888,5785.382811,0.349457,0.013674,0.082352,-0.933226,-0.007384,0.002420,0.000000,39.225978,-8.170304,5594.382811,0.448359,4.441666,306.927247,20.303380,1673123.042003,0.309781,177.101207,0.299928,-0.000000,0.000000,-54357.185770,7.066657
15.791818,155.932866,-723.979819,5797.307806,0.349456,0.013662,0.082500,-0.933214,-0.007129,0.001692,0.000000,39.225961,-8.170300,5606.307806,0.416443,4.451775,306.131477,20.216931,1667342.840785,0.384911,175.649683,0.397017,-0.000000,0.000000,-53771.896868,7.066657
15.831184,156.338642,-725.778093,5809.201581,0.349455,0.013639,0.082637,-0.933202,-0.006791,0.000881,0.000000,39.225945,-8.170295,5618.201581,0.384610,4.461857,305.338693,20.147340,1661589.473077,0.364347,174.488405,0.366929,-0.000000,-0.000000,-53278.061594,7.066657
15.870551,156.743797,-727.573727,5821.064248,0.349456,0.013604,0.082763,-0.933191,-0.006475,0.000242,0.000000,39.225929,-8.170290,5630.064248,0.352860,4.471913,304.548653,20.080985,1655861.534929,0.250774,173.389170,0.224911,-0.000000,-0.000000,-52805.438275,7.066657
15.900082,157.047323,-728.919002,5829.942737,0.349457,0.013573,0.082853,-0.933183,-0.006327,0.000023,0.000000,39.225917,-8.170287,5638.942737,0.329097,4.479439,303.957709,20.031313,1651580.822209,0.177939,172.569745,0.082188,-0.000000,-0.000000,-52453.904310,7.066657
15.929614,157.350509,-730.262795,5838.803829,0.349458,0.013542,0.082941,-0.933175,-0.006282,0.000046,0.000000,39.225905,-8.170283,5647.803829,0.305381,4.486951,303.368214,19.981858,1647313.821715,0.221969,171.754712,0.083499,-0.000000,0.000000,-52104.920125,7.066657
15.959145,157.653357,-731.605104,5847.647564,0.349459,0.013512,0.083029,-0.933168,-0.006339,0.000282,0.000000,39.225893,-8.170280,5656.647564,0.281712,4.494448,302.780207,19.930571,1643060.719381,0.327338,170.908030,0.203618,-0.000000,0.000000,-51747.568814,7.066657
16.002300,158.095325,-733.564029,5860.540275,0.349460,0.013475,0.083163,-0.933156,-0.006575,0.000904,0.000000,39.225875,-8.170275,5669.540275,0.247205,4.505377,301.924009,19.838783,1636872.596488,0.449521,169.384817,0.311792,-0.000000,0.000000,-51141.342996,7.066657
16.037580,158.456104,-735.163084,5871.052592,0.349460,0.013453,0.083281,-0.933146,-0.006850,0.001511,0.000000,39.225861,-8.170271,5680.052592,0.219069,4.514288,301.226670,19.779179,1631837.077571,0.472555,168.392489,0.312543,-0.000000,0.000000,-50724.308551,7.066657
16.072859,158.816411,-736.760036,5881.540383,0.349459,0.013439,0.083406,-0.933135,-0.007125,0.002038,0.000000,39.225847,-8.170266,5690.540383,0.191000,4.523179,300.531453,19.722667,1626821.254666,0.423344,167.446659,0.236623,-0.000000,0.000000,-50322.987554,7.066657
16.108138,159.176246,-738.354896,5892.003724,0.349458,0.013430,0.083538,-0.933124,-0.007337,0.002362,0.000000,39.225832,-8.170262,5701.003724,0.162995,4.532048,299.838253,19.666763,1621824.523245,0.332171,166.506850,0.110291,-0.000000,0.000000,-49925.123066,7.066657
16.143418,159.535604,-739.947681,5902.442681,0.349456,0.013424,0.083675,-0.933113,-0.007443,0.002416,0.000000,39.225818,-8.170258,5711.442681,0.135056,4.540897,299.147030,19.611333,1616846.632613,0.255842,165.572988,0.051491,-0.000000,0.000000,-49530.667434,7.066657
16.178697,159.894483,-741.538408,5912.857324,0.349454,0.013417,0.083812,-0.933101,-0.007427,0.002209,0.000000,39.225804,-8.170254,5721.857324,0.107182,4.549726,298.457880,19.550643,1611888.053171,0.245164,164.551519,0.166729,-0.000000,0.000000,-49111.697491,7.066657
16.213976,160.252880,-743.127096,5923.247728,0.349453,0.013405,0.083946,-0.933090,-0.007307,0.001811,0.000000,39.225789,-8.170250,5732.247728,0.079372,4.558534,297.771067,19.479684,1606950.153701,0.269240,163.360788,0.238868,-0.000000,0.000000,-48644.116124,7.066657
16.249255,160.610794,-744.713761,5933.613971,0.349452,0.013387,0.084074,-0.933079,-0.007125,0.001335,0.000000,39.225775,-8.170246,5742.613971,0.051628,4.567321,297.086475,19.422274,1602032.257382,0.270151,162.401072,0.246998,-0.000000,0.000000,-48247.162221,7.066657
16.288127,161.004591,-746.459642,5945.007750,0.349452,0.013359,0.084210,-0.933067,-0.006916,0.000871,0.000000,39.225759,-8.170241,5754.007750,0.021133,4.576980,296.334542,19.362188,1596635.595776,0.229192,161.401688,0.186209,-0.000000,-0.000000,-47828.895355,7.066657
16.326998,161.397807,-748.203092,5956.372381,0.349453,0.013326,0.084339,-0.933055,-0.006764,0.000594,0.000000,39.225744,-8.170236,5765.372381,-0.009284,4.586614,295.584964,19.302276,1591261.239124,0.188361,160.409232,0.076697,-0.000000,0.000000,-47414.557069,7.066657
16.365869,161.790447,-749.944114,5967.707955,0.349454,0.013291,0.084465,-0.933044,-0.006714,0.000573,0.000000,39.225728,-8.170232,5776.707955,-0.039623,4.596223,294.837695,19.242669,1585908.870807,0.223246,159.423609,0.056528,-0.000000,0.000000,-47004.089203,7.066657
16.404740,162.182519,-751.682713,5979.014566,0.349454,0.013258,0.084592,-0.933033,-0.006777,0.000797,0.000000,39.225713,-8.170227,5788.014566,-0.069884,4.605807,294.092929,19.173628,1580579.475913,0.304250,158.279175,0.156798,-0.000000,0.000000,-46548.786175,7.066657
16.454689,162.685498,-753.913245,5993.501089,0.349454,0.013221,0.084761,-0.933018,-0.006985,0.001304,0.000000,39.225692,-8.170221,5802.501089,-0.108656,4.618088,293.139779,19.084886,1573765.916852,0.373834,156.803891,0.217031,-0.000000,-0.000000,-45965.457979,7.066657
16.504639,163.187552,-756.139800,6007.940159,0.349453,0.013195,0.084940,-0.933002,-0.007252,0.001842,0.000000,39.225672,-8.170216,5816.940159,-0.147302,4.630328,292.190674,19.011017,1566989.613505,0.362646,155.571173,0.181176,-0.000000,0.000000,-45456.446039,7.066657
16.545310,163.595675,-757.949885,6019.662469,0.349452,0.013180,0.085093,-0.932989,-0.007440,0.002144,0.000000,39.225656,-8.170211,5828.662469,-0.178676,4.640265,291.420654,18.951624,1561498.355956,0.305473,154.575480,0.093674,-0.000000,0.000000,-45046.487553,7.066657
16.585982,164.003182,-759.757368,6031.353545,0.349450,0.013168,0.085250,-0.932976,-0.007547,0.002226,0.000000,39.225640,-8.170206,5840.353545,-0.209966,4.650175,290.653066,18.892791,1556030.335032,0.247308,153.586891,0.030753,-0.000000,0.000000,-44640.500660,7.066657
16.626654,164.410071,-761.562270,6043.013483,0.349448,0.013156,0.085409,-0.932962,-0.007550,0.002076,0.000000,39.225624,-8.170201,5852.013483,-0.241173,4.660059,289.887881,18.834373,1550585.334010,0.226729,152.605328,0.119571,-0.000000,0.000000,-44238.435208,7.066657
16.667326,164.816340,-763.364613,6054.642385,0.349447,0.013140,0.085566,-0.932948,-0.007461,0.001751,0.000000,39.225608,-8.170197,5863.642385,-0.272297,4.669917,289.125351,18.764251,1545164.634362,0.231674,151.430001,0.174092,-0.000000,0.000000,-43782.252178,7.066657
16.718029,165.321948,-765.607954,6069.096272,0.349446,0.013111,0.085754,-0.932932,-0.007282,0.001279,0.000000,39.225587,-8.170191,5878.096272,-0.310982,4.682170,288.178546,18.681527,1538441.278947,0.219597,150.048582,0.166186,-0.000000,0.000000,-43240.782124,7.066657
16.759637,165.736137,-767.445938,6080.921520,0.349446,0.013081,0.085903,-0.932919,-0.007138,0.000973,-0.000000,39.225571,-8.170186,5889.921520,-0.342632,4.692194,287.404705,18.616492,1532952.228588,0.193386,148.967237,0.100489,0.000000,-0.000000,-42813.884607,7.066657
16.801245,166.149684,-769.281300,6092.714658,0.349446,0.013047,0.086047,-0.932906,-0.007053,0.000847,-0.000000,39.225554,-8.170181,5901.714658,-0.374196,4.702191,286.633820,18.541869,1527489.295371,0.199825,147.727871,0.017195,0.000000,0.000000,-42343.803942,7.066657
16.842853,166.562596,-771.114046,6104.475797,0.349447,0.013013,0.086191,-0.932893,-0.007059,0.000937,0.000000,39.225538,-8.170177,5913.475797,-0.405674,4.712161,285.865624,18.483860,1522050.975674,0.254433,146.767475,0.091288,-0.000000,0.000000,-41955.775706,7.066657
16.884461,166.974878,-772.944185,6116.205060,0.349447,0.012981,0.086336,-0.932880,-0.007158,0.001208,0.000000,39.225522,-8.170172,5925.205060,-0.437066,4.722104,285.100275,18.410180,1516638.046781,0.312750,145.542870,0.154009,-0.000000,0.000000,-41494.312418,7.066657
16.945055,167.574167,-775.604773,6133.229609,0.349446,0.012945,0.086556,-0.932860,-0.007394,0.001713,0.000000,39.225498,-8.170165,5942.229609,-0.482631,4.736535,283.990432,18.322015,1508798.572200,0.339766,144.074513,0.164027,-0.000000,-0.000000,-40915.783312,7.066657
16.989005,168.008023,-777.531151,6145.536070,0.349445,0.012925,0.086724,-0.932845,-0.007582,0.002029,0.000000,39.225480,-8.170160,5954.536070,-0.515569,4.746968,283.189200,18.244293,1503145.816376,0.308752,142.773853,0.109458,-0.000000,0.000000,-40432.013235,7.066657
17.032956,168.441185,-779.454671,6157.807399,0.349443,0.012909,0.086897,-0.932830,-0.007720,0.002184,0.000000,39.225463,-8.170155,5966.807399,-0.548412,4.757370,282.390947,18.183358,1497520.100309,0.260605,141.751717,0.032088,-0.000000,-0.000000,-40029.401545,7.066657
17.076906,168.873651,-781.375358,6170.043728,0.349441,0.012894,0.087072,-0.932815,-0.007773,0.002134,0.000000,39.225446,-8.170150,5979.043728,-0.581162,4.767743,281.595636,18.116125,1491921.142377,0.226787,140.623143,0.067323,-0.000000,-0.000000,-39598.863438,7.066657
17.120856,169.305420,-783.293238,6182.245187,0.349439,0.012877,0.087247,-0.932799,-0.007736,0.001908,0.000000,39.225429,-8.170145,5991.245187,-0.613819,4.778086,280.803320,18.047326,1486349.145790,0.216794,139.469573,0.124130,-0.000000,0.000000,-39163.519209,7.066657
17.179901,169.884379,-785.865426,6198.582501,0.349437,0.012845,0.087476,-0.932779,-0.007599,0.001500,0.000000,39.225405,-8.170138,6007.582501,-0.657544,4.791935,279.743295,17.966028,1478904.159308,0.205743,138.111030,0.134587,-0.000000,0.000000,-38635.634578,7.066657
17.225760,170.333176,-787.859742,6211.228193,0.349437,0.012814,0.087649,-0.932763,-0.007473,0.001224,-0.000000,39.225388,-8.170133,6020.228193,-0.691390,4.802655,278.923672,17.891264,1473154.862510,0.189198,136.865369,0.087951,0.000000,0.000000,-38174.991370,7.066657
17.271619,170.781222,-789.851073,6223.836377,0.349437,0.012780,0.087817,-0.932748,-0.007389,0.001096,-0.000000,39.225370,-8.170128,6032.836377,-0.725135,4.813343,278.107102,17.829615,1467433.512429,0.196069,135.842254,0.019152,0.000000,-0.000000,-37778.695562,7.066657
17.317477,171.228524,-791.839431,6236.407197,0.349437,0.012745,0.087984,-0.932733,-0.007384,0.001159,0.000000,39.225352,-8.170122,6045.407197,-0.758780,4.823999,277.293744,17.755438,1461740.860800,0.239030,134.609930,0.068268,-0.000000,0.000000,-37326.491589,7.066657
17.363336,171.675087,-793.824828,6248.940794,0.349436,0.012712,0.088153,-0.932717,-0.007469,0.001388,0.000000,39.225334,-8.170117,6057.940794,-0.792325,4.834624,276.483347,17.696803,1456075.489327,0.286056,133.636850,0.120010,-0.000000,0.000000,-36948.363457,7.066657
17.422391,172.249070,-796.377184,6265.026348,0.349435,0.012677,0.088377,-0.932697,-0.007661,0.001781,0.000000,39.225311,-8.170111,6074.026348,-0.835377,4.848259,275.443807,17.622583,1448818.342730,0.309533,132.401253,0.130293,-0.000000,0.000000,-36469.105250,7.066657
17.481445,172.821841,-798.924681,6281.050671,0.349433,0.012649,0.088610,-0.932676,-0.007868,0.002102,0.000000,39.225288,-8.170104,6090.050671,-0.878265,4.861843,274.409220,17.531866,1441606.381711,0.283430,130.883791,0.078624,-0.000000,-0.000000,-35915.719048,7.066657
17.492003,172.924111,-799.379601,6283.908992,0.349432,0.012645,0.088653,-0.932672,-0.007900,0.002137,0.000000,39.225284,-8.170103,6092.908992,-0.885916,4.864266,274.224788,17.519151,1440321.834986,0.274671,130.670692,0.063978,-0.000000,0.000000,-35833.142779,7.066657
17.502560,173.026342,-799.834367,6286.765367,0.349432,0.012641,0.088696,-0.932669,-0.007927,0.002162,0.000000,39.225280,-8.170102,6095.765367,-0.893560,4.866688,274.040495,17.506465,1439038.627282,0.265695,130.457972,0.049103,-0.000000,0.000000,-35750.767070,7.066657
17.513118,173.128535,-800.288980,6289.619798,0.349432,0.012637,0.088739,-0.932665,-0.007951,0.002177,0.000000,39.225276,-8.170100,6098.619798,-0.901200,4.869107,273.856338,17.493805,1437756.743374,0.256866,130.245627,0.034989,-0.000000,0.000000,-35668.590386,7.066657
17.534233,173.332803,-801.197747,6295.322831,0.349431,0.012629,0.088825,-0.932657,-0.007986,0.002181,0.000000,39.225268,-8.170098,6104.322831,-0.916464,4.873942,273.488431,17.468554,1435196.919138,0.240945,129.822056,0.020962,-0.000000,0.000000,-35504.830468,7.066657
17.555348,173.536916,-802.105904,6301.018102,0.349430,0.012621,0.088912,-0.932649,-0.008005,0.002150,0.000000,39.225260,-8.170096,6110.018102,-0.931707,4.878770,273.121063,17.443389,1432642.340748,0.228198,129.399974,0.038699,-0.000000,-0.000000,-35341.858310,7.066657
17.576463,173.740874,-803.013453,6306.705622,0.349429,0.012612,0.088998,-0.932641,-0.008007,0.002090,0.000000,39.225251,-8.170093,6115.705622,-0.946929,4.883591,272.754231,17.418299,1430092.989798,0.218938,128.979372,0.061047,-0.000000,0.000000,-35179.669466,7.066657
17.637827,174.332737,-805.647551,6323.190857,0.349426,0.012583,0.089248,-0.932619,-0.007943,0.001808,0.000000,39.225228,-8.170086,6132.190857,-0.991051,4.897565,271.691830,17.326254,1422716.990150,0.203948,127.438374,0.097868,-0.000000,0.000000,-34623.965025,7.066657
17.699192,174.923293,-808.276580,6339.611023,0.349425,0.012547,0.089492,-0.932596,-0.007827,0.001505,0.000000,39.225204,-8.170080,6148.611023,-1.034999,4.911485,270.634315,17.254415,1415386.713994,0.192319,126.240732,0.078425,-0.000000,0.000000,-34165.073867,7.066657
17.749840,175.409735,-810.442692,6353.114783,0.349424,0.012512,0.089689,-0.932578,-0.007750,0.001357,0.000000,39.225185,-8.170074,6162.114783,-1.071141,4.922932,269.765049,17.191140,1409370.297331,0.195470,125.188787,0.026695,-0.000000,0.000000,-33771.559365,7.066657
17.800488,175.895297,-812.605399,6366.574596,0.349423,0.012475,0.089884,-0.932560,-0.007736,0.001366,0.000000,39.225165,-8.170068,6175.574596,-1.107165,4.934342,268.899265,17.117926,1403385.579862,0.224070,123.971500,0.039459,-0.000000,-0.000000,-33335.845280,7.066657
17.851136,176.379987,-814.764716,6379.990623,0.349423,0.012440,0.090080,-0.932542,-0.007808,0.001525,0.000000,39.225146,-8.170063,6188.990623,-1.143072,4.945715,268.036714,17.060101,1397431.166637,0.261726,123.011720,0.088036,-0.000000,0.000000,-32971.657314,7.066657
17.901784,176.863810,-816.920657,6393.363026,0.349421,0.012409,0.090280,-0.932524,-0.007946,0.001775,0.000000,39.225126,-8.170057,6202.363026,-1.178863,4.957050,267.177213,17.001598,1391506.009417,0.282536,122.038224,0.105256,-0.000000,0.000000,-32605.832638,7.066657
17.968720,177.501905,-819.764790,6410.969269,0.349419,0.012374,0.090553,-0.932499,-0.008148,0.002082,0.000000,39.225101,-8.170050,6219.969269,-1.225985,4.971975,266.046434,16.909762,1383722.437366,0.269184,120.503480,0.075617,-0.000000,0.000000,-32059.521010,7.066657
18.021525,178.004236,-822.004415,6424.805464,0.349416,0.012351,0.090775,-0.932478,-0.008260,0.002215,0.000000,39.225081,-8.170044,6233.805464,-1.263016,4.983704,265.158228,16.851852,1377618.346629,0.236539,119.533553,0.021215,-0.000000,0.000000,-31695.304986,7.066657
18.074331,178.505633,-824.240453,6438.594817,0.349414,0.012330,0.090999,-0.932458,-0.008289,0.002203,0.000000,39.225061,-8.170038,6247.594817,-1.299923,4.995393,264.273179,16.794485,1371544.907181,0.209159,118.571992,0.038814,-0.000000,-0.000000,-31335.397392,7.066657
18.127136,179.006095,-826.472935,6452.337495,0.349411,0.012306,0.091222,-0.932437,-0.008238,0.002056,0.000000,39.225041,-8.170032,6261.337495,-1.336704,5.007043,263.391402,16.730075,1365502.606368,0.198933,117.493530,0.077403,-0.000000,0.000000,-30946.785583,7.066657
18.179942,179.505624,-828.701889,6466.033669,0.349409,0.012279,0.091442,-0.932417,-0.008150,0.001838,0.000000,39.225021,-8.170026,6275.033669,-1.373361,5.018653,262.513081,16.662978,1359492.291669,0.198827,116.372694,0.082650,-0.000000,-0.000000,-30549.354517,7.066657
18.248704,180.154703,-831.599130,6483.799041,0.349407,0.012237,0.091724,-0.932390,-0.008069,0.001598,0.000000,39.224995,-8.170019,6292.799041,-1.420909,5.033713,261.374119,16.589946,1351711.419152,0.206647,115.157991,0.043365,-0.000000,-0.000000,-30099.318518,7.066657
18.261189,180.272384,-832.124535,6487.016211,0.349407,0.012229,0.091774,-0.932386,-0.008068,0.001572,0.000000,39.224990,-8.170018,6296.016211,-1.429520,5.036440,261.167882,16.576745,1350304.098733,0.210347,114.938900,0.031599,-0.000000,0.000000,-30018.348949,7.066657
18.273674,180.390013,-832.649745,6490.230806,0.349407,0.012220,0.091825,-0.932381,-0.008071,0.001553,0.000000,39.224985,-8.170016,6299.230806,-1.438123,5.039165,260.961810,16.563566,1348898.408965,0.214817,114.720248,0.020184,-0.000000,-0.000000,-29937.603679,7.066657
18.286159,180.507591,-833.174762,6493.442827,0.349406,0.012212,0.091875,-0.932376,-0.008079,0.001543,0.000000,39.224980,-8.170015,6302.442827,-1.446720,5.041888,260.755904,16.550413,1347494.345646,0.219975,114.502036,0.012235,-0.000000,0.000000,-29857.081922,7.066657
18.311128,180.742592,-834.224213,6499.859158,0.349406,0.012194,0.091976,-0.932367,-0.008106,0.001548,0.000000,39.224971,-8.170012,6308.859158,-1.463893,5.047327,260.344597,16.523452,1344691.145838,0.231558,114.054553,0.024716,-0.000000,0.000000,-29693.486649,7.066657
18.336098,180.977388,-835.272892,6506.265221,0.349405,0.012177,0.092078,-0.932357,-0.008147,0.001585,0.000000,39.224962,-8.170009,6315.265221,-1.481038,5.052758,259.934068,16.490350,1341895.036898,0.243591,113.503732,0.045390,-0.000000,-0.000000,-29503.486874,7.066657
18.361067,181.211979,-836.320798,6512.661034,0.349405,0.012161,0.092180,-0.932347,-0.008199,0.001649,0.000000,39.224952,-8.170007,6321.661034,-1.498156,5.058179,259.524349,16.457448,1339106.174736,0.254268,112.955887,0.062471,-0.000000,-0.000000,-29314.803054,7.066657
18.412431,181.693902,-838.473969,6525.785339,0.349403,0.012128,0.092393,-0.932327,-0.008326,0.001837,0.000000,39.224933,-8.170001,6334.785339,-1.533283,5.069305,258.683757,16.401807,1333390.411089,0.266559,112.029498,0.080487,-0.000000,-0.000000,-28980.211361,7.066657
18.463794,182.174967,-840.623901,6538.866491,0.349401,0.012099,0.092611,-0.932307,-0.008451,0.002046,0.000000,39.224914,-8.169995,6347.866491,-1.568294,5.080394,257.846014,16.349534,1327702.202424,0.260583,111.157271,0.071964,-0.000000,0.000000,-28661.459356,7.066657
18.515158,182.655176,-842.770613,6551.904640,0.349399,0.012073,0.092834,-0.932286,-0.008544,0.002209,0.000000,39.224894,-8.169990,6360.904640,-1.603190,5.091446,257.010995,16.297809,1322040.826864,0.239465,110.292187,0.041184,-0.000000,0.000000,-28346.304841,7.066657
18.566521,183.134542,-844.914130,6564.899919,0.349396,0.012053,0.093056,-0.932265,-0.008351,0.002422,0.000000,39.224875,-8.169984,6373.899919,-1.610870,5.093879,256.178516,16.251758,1317478.869412,0.140640,109.508799,0.166530,-0.000000,0.000000,-28053.801561,7.066657
18.608728,183.527834,-846.673144,6575.546492,0.349393,0.012045,0.093234,-0.932248,-0.007796,0.002736,0.000000,39.224859,-8.169980,6384.546492,-1.610870,5.093879,255.496461,16.205860,1313991.324012,0.288669,108.728108,0.360085,-0.000000,0.000000,-27779.646767,7.066657
18.650935,183.920590,-848.430038,6586.164272,0.349389,0.012048,0.093401,-0.932233,-0.006920,0.003177,-0.000000,39.224843,-8.169975,6395.164272,-1.610870,5.093879,254.816121,16.169494,1310512.629400,0.399439,108.113052,0.458202,0.000000,-0.000000,-27548.948573,7.066657
18.693142,184.312824,-850.184827,6596.753328,0.349384,0.012067,0.093554,-0.932219,-0.005916,0.003659,-0.000000,39.224828,-8.169971,6405.753328,-1.610870,5.093879,254.137339,16.135254,1307041.958293,0.403132,107.541172,0.442835,0.000000,0.000000,-27330.227230,7.066657
18.735349,184.704540,-851.937522,6607.313723,0.349378,0.012101,0.093691,-0.932208,-0.005029,0.004069,-0.000000,39.224812,-8.169966,6416.313723,-1.610870,5.093879,253.460032,16.100732,1303578.876545,0.299749,106.972054,0.321569,0.000000,-0.000000,-27113.140208,7.065073
18.766005,184.988733,-853.209271,6614.966274,0.349373,0.012134,0.093783,-0.932200,-0.004601,0.004261,-0.000000,39.224800,-8.169963,6423.966274,-1.610870,5.093879,252.968980,16.075550,1301068.137349,0.183094,106.560387,0.187842,0.000000,-0.000000,-26956.472411,7.062526
18.796662,185.272645,-854.479919,6622.603763,0.349367,0.012171,0.093871,-0.932192,-0.004405,0.004344,-0.000000,39.224789,-8.169960,6431.603763,-1.610870,5.093879,252.478693,16.050367,1298561.313150,0.105906,106.150153,0.039338,0.000000,-0.000000,-26800.652001,7.059991
18.827318,185.556268,-855.749464,6630.226212,0.349362,0.012209,0.093958,-0.932185,-0.004448,0.004319,-0.000000,39.224778,-8.169956,6439.226212,-1.610870,5.093879,251.989170,16.025259,1296058.404327,0.188116,105.741350,0.106277,0.000000,-0.000000,-26645.675041,7.057467
18.875232,185.998956,-857.731433,6642.109284,0.349354,0.012264,0.094098,-0.932173,-0.004945,0.004091,-0.000000,39.224760,-8.169951,6451.109284,-1.610870,5.093879,251.225756,15.981110,1292155.119788,0.376902,105.018055,0.292397,0.000000,-0.000000,-26383.240231,7.053548
18.923145,186.440910,-859.710713,6653.955773,0.349347,0.012307,0.094249,-0.932160,-0.005819,0.003704,-0.000000,39.224742,-8.169946,6462.955773,-1.610870,5.093879,250.464569,15.931721,1288263.257705,0.488662,104.201146,0.383780,0.000000,0.000000,-26098.695170,7.049658
18.960414,186.784160,-861.248410,6663.145158,0.349342,0.012329,0.094379,-0.932149,-0.006603,0.003372,-0.000000,39.224728,-8.169942,6472.145158,-1.610870,5.093879,249.873940,15.902409,1285243.475721,0.491811,103.713209,0.369845,0.000000,0.000000,-25915.228163,7.046653
18.997683,187.126959,-862.784489,6672.312521,0.349338,0.012341,0.094520,-0.932136,-0.007309,0.003089,-0.000000,39.224714,-8.169938,6481.312521,-1.610870,5.093879,249.284455,15.873502,1282229.578394,0.425099,103.227364,0.288361,0.000000,0.000000,-25732.977162,7.043665
19.034951,187.469311,-864.318957,6681.457901,0.349334,0.012344,0.094671,-0.932122,-0.007811,0.002911,-0.000000,39.224701,-8.169934,6490.457901,-1.610870,5.093879,248.696065,15.844941,1279221.334843,0.308796,102.743568,0.158859,0.000000,0.000000,-25551.921071,7.040693
19.072220,187.811227,-865.851823,6690.581338,0.349331,0.012342,0.094828,-0.932107,-0.008030,0.002868,-0.000000,39.224687,-8.169930,6499.581338,-1.610870,5.093879,248.108757,15.816631,1276218.682546,0.183178,102.261804,0.021298,0.000000,-0.000000,-25372.049211,7.037738
19.115527,188.208013,-867.631063,6701.155562,0.349327,0.012340,0.095011,-0.932090,-0.007896,0.002993,-0.000000,39.224671,-8.169926,6510.155562,-1.610870,5.093879,247.427639,15.783896,1272736.493454,0.141886,101.704519,0.157428,0.000000,0.000000,-25164.508931,7.034324
19.158835,188.604246,-869.408169,6711.700264,0.349323,0.012344,0.095191,-0.932073,-0.007404,0.003269,-0.000000,39.224655,-8.169921,6520.700264,-1.610870,5.093879,246.747972,15.751155,1269261.810917,0.217445,101.149952,0.265967,0.000000,-0.000000,-24958.545618,7.030933
19.202142,188.999942,-871.183154,6722.215506,0.349317,0.012360,0.095360,-0.932058,-0.006715,0.003614,-0.000000,39.224639,-8.169916,6531.215506,-1.610870,5.093879,246.069780,15.717368,1265794.734607,0.252547,100.582979,0.294675,0.000000,0.000000,-24750.431521,7.027563
19.245450,189.395108,-872.956031,6732.701354,0.349311,0.012388,0.095517,-0.932043,-0.006049,0.003930,-0.000000,39.224623,-8.169912,6541.701354,-1.610870,5.093879,245.393363,15.669675,1262336.798223,0.216678,99.788003,0.244233,0.000000,0.000000,-24487.313571,7.024216
19.288757,189.789744,-874.726810,6743.157884,0.349304,0.012426,0.095665,-0.932030,-0.005583,0.004147,-0.000000,39.224607,-8.169907,6552.157884,-1.610870,5.093879,244.718679,15.636610,1258887.760713,0.138484,99.243453,0.136390,0.000000,0.000000,-24286.726788,7.020893
19.345837,190.309055,-877.057525,6756.895077,0.349295,0.012484,0.095851,-0.932014,-0.005423,0.004221,-0.000000,39.224586,-8.169901,6565.895077,-1.610870,5.093879,243.831819,15.593079,1254354.111650,0.152569,98.529927,0.039700,0.000000,0.000000,-24024.731290,7.016545
19.402917,190.827404,-879.384610,6770.581615,0.349285,0.012540,0.096039,-0.931997,-0.005788,0.004066,-0.000000,39.224565,-8.169895,6579.581615,-1.610870,5.093879,242.947405,15.549894,1249833.013391,0.285049,97.820939,0.182736,0.000000,0.000000,-23765.343311,7.012233
19.459997,191.344771,-881.708070,6784.217634,0.349277,0.012584,0.096241,-0.931979,-0.006494,0.003778,-0.000000,39.224544,-8.169889,6593.217634,-1.610870,5.093879,242.065360,15.507307,1245324.091534,0.354060,97.116411,0.237950,0.000000,-0.000000,-23508.518984,7.007957
19.517077,191.861146,-884.027914,6797.803268,0.349269,0.012613,0.096459,-0.931959,-0.007242,0.003499,-0.000000,39.224524,-8.169883,6606.803268,-1.610870,5.093879,241.185719,15.465418,1240827.543171,0.324099,96.416352,0.191712,0.000000,0.000000,-23254.247178,7.003716
19.574157,192.376539,-886.344161,6811.338650,0.349262,0.012629,0.096693,-0.931937,-0.007743,0.003353,-0.000000,39.224503,-8.169877,6620.338650,-1.610870,5.093879,240.308509,15.424154,1236343.527936,0.222406,95.720766,0.072819,0.000000,0.000000,-23002.514480,6.999510
19.631237,192.890973,-888.656837,6824.823923,0.349256,0.012640,0.096935,-0.931914,-0.007823,0.003393,-0.000000,39.224482,-8.169871,6633.823923,-1.610870,5.093879,239.434107,15.369211,1231874.003561,0.130594,94.792687,0.065882,0.000000,0.000000,-22696.602469,6.995340
19.688316,193.404479,-890.965976,6838.259241,0.349249,0.012655,0.097175,-0.931892,-0.007493,0.003588,0.000000,39.224461,-8.169865,6647.259241,-1.610870,5.093879,238.562472,15.327964,1227418.757366,0.139514,94.096825,0.162828,-0.000000,-0.000000,-22447.971187,6.991207
19.745396,193.917080,-893.271609,6851.644749,0.349242,0.012681,0.097405,-0.931870,-0.006930,0.003850,0.000000,39.224441,-8.169859,6660.644749,-1.610870,5.093879,237.693348,15.287347,1222976.462257,0.156889,93.416944,0.183993,-0.000000,-0.000000,-22204.586088,6.987108
19.802476,194.428789,-895.573759,6864.980585,0.349233,0.012720,0.097622,-0.931850,-0.006396,0.004077,0.000000,39.224420,-8.169853,6673.980585,-1.610870,5.093879,236.826560,15.246605,1218546.207569,0.129351,92.741360,0.126535,-0.000000,-0.000000,-21963.617326,6.983043
19.859556,194.939603,-897.872441,6878.266878,0.349224,0.012768,0.097829,-0.931831,-0.006125,0.004193,-0.000000,39.224399,-8.169847,6687.266878,-1.610870,5.093879,235.962072,15.205840,1214127.784891,0.132749,92.070023,0.021173,0.000000,-0.000000,-21725.033440,6.979010
19.916636,195.449510,-900.167661,6891.503757,0.349214,0.012819,0.098034,-0.931813,-0.006227,0.004176,-0.000000,39.224379,-8.169842,6700.503757,-1.610870,5.093879,235.099903,15.165269,1209721.281544,0.213195,91.402926,0.090335,0.000000,-0.000000,-21488.819043,6.975010
19.973716,195.958495,-902.459426,6904.691353,0.349205,0.012865,0.098245,-0.931793,-0.006652,0.004060,-0.000000,39.224358,-8.169836,6713.691353,-1.610870,5.093879,234.240061,15.125116,1205326.742130,0.283906,90.740056,0.158494,0.000000,0.000000,-21254.956237,6.971042
20.030796,196.466548,-904.747745,6917.829798,0.349196,0.012903,0.098468,-0.931772,-0.007224,0.003909,-0.000000,39.224337,-8.169830,6726.829798,-1.610870,5.093879,233.382532,15.085522,1200944.103166,0.297702,90.081383,0.162350,0.000000,0.000000,-21023.421300,6.967106
20.087876,196.973671,-907.032632,6930.919222,0.349188,0.012930,0.098705,-0.931750,-0.007723,0.003793,-0.000000,39.224317,-8.169824,6739.919222,-1.610870,5.093879,232.527291,15.046496,1196573.260060,0.251907,89.426873,0.105930,0.000000,-0.000000,-20794.188508,6.963203
20.144955,197.479876,-909.314109,6943.959759,0.349180,0.012952,0.098952,-0.931726,-0.007976,0.003758,-0.000000,39.224296,-8.169818,6752.959759,-1.610870,5.093879,231.674599,14.997704,1192215.568721,0.176081,88.604553,0.017378,0.000000,-0.000000,-20527.424276,6.959331
20.202035,197.985182,-911.592204,6956.951548,0.349173,0.012973,0.099202,-0.931702,-0.007919,0.003817,0.000000,39.224276,-8.169812,6765.951548,-1.610870,5.093879,230.824515,14.955908,1187871.336556,0.121334,87.899597,0.069398,-0.000000,0.000000,-20289.381832,6.955492
20.259115,198.489609,-913.866947,6969.894728,0.349165,0.012998,0.099449,-0.931679,-0.007616,0.003944,0.000000,39.224256,-8.169806,6778.894728,-1.610870,5.093879,229.976847,14.917813,1183539.582731,0.114654,87.259687,0.118008,-0.000000,0.000000,-20067.707770,6.951685
20.320449,199.030667,-916.307510,6983.748495,0.349155,0.013033,0.099704,-0.931654,-0.007193,0.004104,0.000000,39.224234,-8.169800,6792.748495,-1.610870,5.093879,229.068533,14.876862,1178898.040831,0.116308,86.576609,0.115780,-0.000000,-0.000000,-19831.976761,6.947628
20.370170,199.468553,-918.283168,6994.938199,0.349147,0.013067,0.099904,-0.931636,-0.006918,0.004211,0.000000,39.224216,-8.169795,6803.938199,-1.610870,5.093879,228.334034,14.843642,1175144.786055,0.117013,86.026219,0.075342,-0.000000,0.000000,-19642.713571,6.944364
20.419891,199.905786,-920.256324,7006.091300,0.349139,0.013106,0.100100,-0.931617,-0.006789,0.004277,0.000000,39.224198,-8.169790,6815.091300,-1.610870,5.093879,227.601183,14.810474,1171400.016700,0.141351,85.478822,0.017625,-0.000000,0.000000,-19455.081061,6.941123
20.469612,200.342364,-922.226982,7017.207878,0.349131,0.013147,0.100294,-0.931599,-0.006840,0.004293,0.000000,39.224180,-8.169785,6826.207878,-1.610870,5.093879,226.869986,14.777454,1167663.761469,0.188239,84.934412,0.049437,-0.000000,-0.000000,-19269.068736,6.937904
20.519332,200.778281,-924.195148,7028.288014,0.349122,0.013186,0.100492,-0.931580,-0.007056,0.004265,0.000000,39.224163,-8.169780,6837.288014,-1.610870,5.093879,226.140441,14.744676,1163936.011117,0.233863,84.392973,0.096790,-0.000000,0.000000,-19084.664187,6.934707
20.606506,201.540956,-927.639866,7047.626675,0.349108,0.013247,0.100852,-0.931546,-0.007625,0.004174,0.000000,39.224132,-8.169771,6856.626675,-1.610870,5.093879,224.865317,14.687945,1157420.689473,0.266833,83.450811,0.122384,-0.000000,-0.000000,-18765.193001,6.929155
20.665076,202.052232,-929.950019,7060.557278,0.349098,0.013281,0.101107,-0.931521,-0.008002,0.004119,0.000000,39.224111,-8.169765,6869.557278,-1.610870,5.093879,224.011406,14.650420,1153057.718739,0.241767,82.822850,0.090167,-0.000000,0.000000,-18553.263162,6.925461
20.723645,202.562595,-932.256764,7073.437747,0.349089,0.013310,0.101370,-0.931495,-0.008237,0.004099,0.000000,39.224090,-8.169759,6882.437747,-1.610870,5.093879,223.159737,14.613298,1148706.324046,0.193286,82.198918,0.033806,-0.000000,0.000000,-18343.488952,6.921798
20.782215,203.072058,-934.560124,7086.268209,0.349080,0.013338,0.101637,-0.931469,-0.008275,0.004129,0.000000,39.224070,-8.169753,6895.268209,-1.610870,5.093879,222.310293,14.576463,1144366.433178,0.146044,81.578985,0.029499,-0.000000,-0.000000,-18135.848140,6.918164
20.840785,203.580634,-936.860122,7099.048789,0.349071,0.013367,0.101904,-0.931443,-0.008132,0.004202,-0.000000,39.224049,-8.169747,6908.048789,-1.610870,5.093879,221.463062,14.539788,1140037.976539,0.121083,80.963023,0.072856,0.000000,0.000000,-17930.318969,6.914558
20.922885,204.292054,-940.078502,7116.880105,0.349058,0.013416,0.102271,-0.931407,-0.007784,0.004342,-0.000000,39.224020,-8.169739,6925.880105,-1.610870,5.093879,220.279165,14.488509,1133989.724858,0.115713,80.106234,0.087103,0.000000,0.000000,-17645.734429,6.909553
20.983956,204.820153,-942.468321,7130.081013,0.349047,0.013459,0.102536,-0.931381,-0.007536,0.004444,-0.000000,39.223999,-8.169733,6939.081013,-1.610870,5.093879,219.401426,14.446355,1129505.709514,0.123437,79.405451,0.057572,0.000000,-0.000000,-17421.669248,6.905866
21.045027,205.347317,-944.854559,7143.228174,0.349036,0.013506,0.102797,-0.931356,-0.007419,0.004514,0.000000,39.223977,-8.169727,6952.228174,-1.610870,5.093879,218.526411,14.400139,1125035.734948,0.151729,78.638700,0.010208,-0.000000,0.000000,-17184.632893,6.902212
21.106098,205.873542,-947.237230,7156.321736,0.349025,0.013555,0.103057,-0.931331,-0.007491,0.004538,-0.000000,39.223956,-8.169721,6965.321736,-1.610870,5.093879,217.653946,14.362482,1120578.899903,0.196808,78.016879,0.051689,0.000000,0.000000,-16980.681590,6.898588
21.167169,206.398826,-949.616351,7169.361856,0.349014,0.013603,0.103321,-0.931305,-0.007740,0.004517,-0.000000,39.223934,-8.169715,6978.361856,-1.610870,5.093879,216.783873,14.325151,1116134.389654,0.236446,77.399235,0.091409,0.000000,-0.000000,-16778.906008,6.894994
21.241416,207.036169,-952.504007,7185.143617,0.349001,0.013657,0.103653,-0.931272,-0.008166,0.004463,-0.000000,39.223908,-8.169707,6994.143617,-1.610870,5.093879,215.729203,14.280323,1110747.082423,0.251968,76.653864,0.101210,0.000000,0.000000,-16536.477048,6.890665
21.302117,207.556193,-954.860953,7197.987680,0.348990,0.013694,0.103935,-0.931244,-0.008505,0.004422,-0.000000,39.223887,-8.169701,7006.987680,-1.610870,5.093879,214.869453,14.244156,1106355.579327,0.231956,76.048938,0.074777,0.000000,0.000000,-16340.593665,6.887157
21.362818,208.075293,-957.214443,7210.779383,0.348980,0.013728,0.104225,-0.931215,-0.008725,0.004411,-0.000000,39.223866,-8.169695,7019.779383,-1.610870,5.093879,214.011940,14.208372,1101975.642333,0.192813,75.447991,0.028610,0.000000,-0.000000,-16146.771023,6.883678
21.423519,208.593480,-959.564499,7223.518854,0.348969,0.013761,0.104519,-0.931186,-0.008774,0.004444,-0.000000,39.223845,-8.169689,7032.518854,-1.610870,5.093879,213.156655,14.172874,1097607.229874,0.153168,74.851000,0.026787,0.000000,0.000000,-15954.988901,6.880227
21.484220,209.110766,-961.911144,7236.206222,0.348959,0.013795,0.104813,-0.931156,-0.008655,0.004519,-0.000000,39.223824,-8.169683,7045.206222,-1.610870,5.093879,212.303586,14.137550,1093250.285260,0.129865,74.257939,0.064060,0.000000,-0.000000,-15765.226698,6.876803
21.559029,209.747058,-964.798526,7251.770840,0.348945,0.013842,0.105171,-0.931120,-0.008385,0.004642,-0.000000,39.223798,-8.169676,7060.770840,-1.610870,5.093879,211.255282,14.094130,1087896.398442,0.123398,73.532405,0.076291,0.000000,0.000000,-15534.108895,6.872622
21.633838,210.382016,-967.680800,7267.256759,0.348931,0.013897,0.105521,-0.931085,-0.008127,0.004760,0.000000,39.223772,-8.169668,7076.256759,-1.610870,5.093879,210.210303,14.050795,1082559.700271,0.133125,72.812745,0.047777,-0.000000,-0.000000,-15305.989161,6.868482
21.646412,210.488613,-968.164769,7269.852005,0.348929,0.013907,0.105579,-0.931079,-0.008099,0.004776,0.000000,39.223768,-8.169667,7078.852005,-1.610870,5.093879,210.034982,14.043519,1081664.357794,0.137368,72.692354,0.039271,-0.000000,0.000000,-15267.937199,6.867790
21.658986,210.595172,-968.648594,7272.445036,0.348926,0.013917,0.105637,-0.931073,-0.008078,0.004790,0.000000,39.223763,-8.169666,7081.445036,-1.610870,5.093879,209.859755,14.036247,1080769.496457,0.142435,72.572127,0.030344,-0.000000,0.000000,-15229.968681,6.867100
21.671561,210.701694,-969.132276,7275.035853,0.348924,0.013928,0.105695,-0.931068,-0.008065,0.004802,0.000000,39.223759,-8.169665,7084.035853,-1.610870,5.093879,209.684621,14.028983,1079875.115757,0.148255,72.452063,0.021374,-0.000000,0.000000,-15192.083432,6.866410
21.696709,210.914625,-970.099212,7280.210849,0.348919,0.013949,0.105810,-0.931056,-0.008058,0.004821,0.000000,39.223750,-8.169662,7089.210849,-1.610870,5.093879,209.334631,14.014479,1078087.793154,0.161598,72.212428,0.009338,-0.000000,0.000000,-15116.561998,6.865035
21.721858,211.127405,-971.065575,7285.377001,0.348914,0.013970,0.105926,-0.931045,-0.008079,0.004834,0.000000,39.223742,-8.169660,7094.377001,-1.610870,5.093879,208.985012,14.000013,1076302.385758,0.176425,71.973446,0.021607,-0.000000,-0.000000,-15041.371495,6.863664
21.747006,211.340035,-972.031368,7290.534320,0.348909,0.013991,0.106042,-0.931033,-0.008128,0.004840,0.000000,39.223733,-8.169657,7099.534320,-1.610870,5.093879,208.635763,13.985591,1074518.888961,0.191539,71.735115,0.038398,-0.000000,0.000000,-14966.510513,6.862297
21.833651,212.071453,-975.354477,7308.235424,0.348891,0.014061,0.106449,-0.930992,-0.008446,0.004824,0.000000,39.223703,-8.169649,7117.235424,-1.610870,5.093879,207.435309,13.936309,1068388.731046,0.232935,70.918949,0.079725,-0.000000,0.000000,-14711.094015,6.857624
21.920296,212.801078,-978.670858,7325.832123,0.348874,0.014125,0.106869,-0.930949,-0.008872,0.004785,0.000000,39.223673,-8.169640,7134.832123,-1.610870,5.093879,206.239196,13.887744,1062281.009167,0.239228,70.110413,0.080091,-0.000000,0.000000,-14459.515231,6.853003
21.985351,213.347722,-981.156485,7338.975763,0.348862,0.014168,0.107196,-0.930916,-0.009151,0.004768,0.000000,39.223651,-8.169634,7147.975763,-1.610870,5.093879,205.343952,13.851771,1057709.807277,0.217332,69.508314,0.052295,-0.000000,-0.000000,-14273.111889,6.849568
22.050406,213.893369,-983.638369,7352.060909,0.348850,0.014208,0.107529,-0.930881,-0.009309,0.004782,0.000000,39.223629,-8.169628,7161.060909,-1.610870,5.093879,204.451114,13.816152,1053151.061313,0.184510,68.910441,0.015326,-0.000000,-0.000000,-14088.816479,6.846162
22.115461,214.438030,-986.116535,7365.087711,0.348837,0.014247,0.107866,-0.930846,-0.009315,0.004835,-0.000000,39.223607,-8.169621,7174.087711,-1.610870,5.093879,203.560665,13.780793,1048604.692891,0.155574,68.316764,0.030975,0.000000,0.000000,-13906.605858,6.842786
22.180516,214.981720,-988.591010,7378.056315,0.348824,0.014290,0.108202,-0.930811,-0.009193,0.004919,-0.000000,39.223584,-8.169615,7187.056315,-1.610870,5.093879,202.672590,13.745598,1044070.624080,0.140162,67.727250,0.053860,0.000000,0.000000,-13726.457240,6.839437
22.282304,215.830470,-992.455305,7398.231012,0.348803,0.014364,0.108722,-0.930758,-0.008940,0.005064,-0.000000,39.223550,-8.169605,7207.231012,-1.610870,5.093879,201.287808,13.690745,1037000.962748,0.140518,66.813160,0.048634,0.000000,0.000000,-13448.674475,6.834255
22.349665,216.390879,-995.007737,7411.504432,0.348789,0.014419,0.109061,-0.930723,-0.008825,0.005146,-0.000000,39.223527,-8.169599,7220.504432,-1.610870,5.093879,200.374533,13.654576,1032338.683426,0.157916,66.213736,0.019395,0.000000,0.000000,-13267.546487,6.830863
22.417026,216.950269,-997.556291,7424.716024,0.348774,0.014478,0.109398,-0.930687,-0.008838,0.005196,-0.000000,39.223504,-8.169592,7233.716024,-1.610870,5.093879,199.463750,13.618593,1027689.292845,0.187425,65.618660,0.025776,0.000000,-0.000000,-13088.543932,6.827500
22.484387,217.508640,-1000.100986,7437.865949,0.348759,0.014536,0.109739,-0.930652,-0.009000,0.005210,-0.000000,39.223481,-8.169586,7246.865949,-1.610870,5.093879,198.555443,13.582884,1023052.706262,0.218756,65.027897,0.058992,0.000000,0.000000,-12911.642859,6.824166
22.551749,218.065990,-1002.641837,7450.954370,0.348745,0.014593,0.110085,-0.930616,-0.009275,0.005197,-0.000000,39.223458,-8.169579,7259.954370,-1.610870,5.093879,197.649594,13.547534,1018428.840051,0.238465,64.441415,0.076639,0.000000,-0.000000,-12736.819552,6.820862
22.641575,218.807634,-1006.024136,7468.312475,0.348725,0.014662,0.110561,-0.930566,-0.009678,0.005175,-0.000000,39.223428,-8.169571,7277.312475,-1.610870,5.093879,196.445430,13.501013,1012282.523441,0.235759,63.665942,0.068084,0.000000,0.000000,-12506.883382,6.816499
22.709998,219.371346,-1008.595958,7481.461472,0.348710,0.014710,0.110935,-0.930526,-0.009922,0.005176,-0.000000,39.223405,-8.169564,7290.461472,-1.610870,5.093879,195.531085,13.466046,1007615.731020,0.213050,63.080274,0.040041,0.000000,-0.000000,-12334.154371,6.813210
22.778420,219.934023,-1011.163888,7494.547554,0.348696,0.014756,0.111314,-0.930485,-0.010043,0.005209,-0.000000,39.223382,-8.169558,7303.547554,-1.610870,5.093879,194.619215,13.431405,1002961.782058,0.184408,62.498913,0.012932,0.000000,0.000000,-12163.489280,6.809949
22.846843,220.495678,-1013.727955,7507.570883,0.348681,0.014803,0.111697,-0.930444,-0.010028,0.005276,-0.000000,39.223358,-8.169551,7316.570883,-1.610870,5.093879,193.709803,13.397003,998320.593348,0.161694,61.921826,0.032024,0.000000,0.000000,-11994.864635,6.806717
22.915266,221.056326,-1016.288186,7520.531617,0.348665,0.014853,0.112078,-0.930403,-0.009912,0.005367,-0.000000,39.223335,-8.169545,7329.531617,-1.610870,5.093879,192.802834,13.362754,993692.082395,0.151033,61.348981,0.046461,0.000000,-0.000000,-11828.257331,6.803513
23.006885,221.805488,-1019.710446,7537.788667,0.348644,0.014927,0.112585,-0.930349,-0.009729,0.005495,-0.000000,39.223305,-8.169536,7346.788667,-1.610870,5.093879,191.591697,13.326507,987511.626804,0.154542,60.748074,0.037490,0.000000,0.000000,-11638.826583,6.799265
23.077337,222.380352,-1022.337393,7550.982645,0.348627,0.014989,0.112971,-0.930308,-0.009653,0.005577,-0.000000,39.223281,-8.169529,7359.982645,-1.610870,5.093879,190.663071,13.291413,982773.069371,0.171675,60.166476,0.014523,0.000000,0.000000,-11471.525012,6.796031
23.147789,222.954166,-1024.960343,7564.110782,0.348610,0.015054,0.113357,-0.930266,-0.009697,0.005629,-0.000000,39.223258,-8.169523,7373.110782,-1.610870,5.093879,189.736927,13.256515,978047.379199,0.198200,59.589243,0.029052,0.000000,-0.000000,-11306.279770,6.792826
23.218240,223.526930,-1027.579313,7577.173245,0.348593,0.015119,0.113746,-0.930224,-0.009872,0.005648,-0.000000,39.223234,-8.169516,7386.173245,-1.610870,5.093879,188.813307,13.221900,973334.774506,0.224878,59.016379,0.056620,0.000000,0.000000,-11143.077653,6.789649
23.288692,224.098642,-1030.194325,7590.170207,0.348575,0.015181,0.114143,-0.930181,-0.010143,0.005645,0.000000,39.223211,-8.169509,7399.170207,-1.610870,5.093879,187.892207,13.187641,968635.233978,0.241010,58.447858,0.070587,-0.000000,-0.000000,-10981.897105,6.786500
23.382544,224.858621,-1033.671804,7607.382688,0.348552,0.015259,0.114685,-0.930121,-0.010532,0.005641,0.000000,39.223179,-8.169501,7416.382688,-1.610870,5.093879,186.669034,13.142607,962394.836839,0.238135,57.697188,0.062294,-0.000000,0.000000,-10770.278362,6.782350
23.455580,225.448755,-1036.373170,7620.697440,0.348535,0.015316,0.115118,-0.930074,-0.010773,0.005658,0.000000,39.223155,-8.169494,7429.697440,-1.610870,5.093879,185.720199,13.108028,957554.341328,0.218568,57.118256,0.038098,-0.000000,0.000000,-10608.013859,6.779153
23.528616,226.037781,-1039.070365,7633.942405,0.348517,0.015371,0.115559,-0.930025,-0.010900,0.005705,0.000000,39.223131,-8.169487,7442.942405,-1.610870,5.093879,184.773996,13.073785,952727.532314,0.194012,56.543867,0.015591,-0.000000,0.000000,-10447.836351,6.775986
23.601651,226.625715,-1041.763422,7647.117764,0.348499,0.015427,0.116002,-0.929975,-0.010903,0.005782,0.000000,39.223107,-8.169480,7456.117764,-1.610870,5.093879,183.830405,13.039790,947914.314292,0.174326,55.973987,0.026984,-0.000000,0.000000,-10289.720696,6.772849
23.674687,227.212570,-1044.452370,7660.223695,0.348480,0.015486,0.116446,-0.929926,-0.010816,0.005879,0.000000,39.223082,-8.169473,7469.223695,-1.610870,5.093879,182.889410,13.005968,943114.595922,0.164979,55.408579,0.037391,-0.000000,-0.000000,-10133.642257,6.769739
23.768877,227.967831,-1047.914148,7677.023527,0.348455,0.015569,0.117015,-0.929862,-0.010685,0.006006,0.000000,39.223051,-8.169465,7486.023527,-1.610870,5.093879,181.679660,12.962551,936944.431771,0.168732,54.685948,0.028963,-0.000000,0.000000,-9935.324494,6.765772
23.845742,228.582862,-1050.734175,7690.648104,0.348435,0.015642,0.117478,-0.929811,-0.010647,0.006090,0.000000,39.223026,-8.169457,7499.648104,-1.610870,5.093879,180.695586,12.927299,931925.606660,0.184954,54.101657,0.013362,-0.000000,0.000000,-9775.930668,6.762568
23.922607,229.196723,-1053.549745,7704.196442,0.348413,0.015718,0.117942,-0.929759,-0.010725,0.006145,0.000000,39.223001,-8.169450,7513.196442,-1.610870,5.093879,179.714325,12.892280,926921.403286,0.208518,53.522193,0.030854,-0.000000,0.000000,-9618.704801,6.759396
23.999472,229.809413,-1056.360884,7717.668748,0.348392,0.015793,0.118411,-0.929706,-0.010922,0.006175,0.000000,39.222976,-8.169443,7526.668748,-1.610870,5.093879,178.735858,12.857576,921931.719374,0.230561,52.947516,0.052820,-0.000000,0.000000,-9463.619736,6.756254
24.076337,230.420932,-1059.167612,7731.065211,0.348370,0.015866,0.118889,-0.929652,-0.011198,0.006190,0.000000,39.222950,-8.169436,7540.065211,-1.610870,5.093879,177.759816,12.831368,916954.681976,0.242522,52.515222,0.062432,-0.000000,0.000000,-9335.096113,6.753140
24.185475,231.287204,-1063.145252,7749.956434,0.348340,0.015965,0.119584,-0.929572,-0.011599,0.006214,0.000000,39.222915,-8.169426,7558.956434,-1.610870,5.093879,176.378458,12.783165,909911.355172,0.238009,51.711559,0.052678,-0.000000,-0.000000,-9120.804934,6.748770
24.268102,231.941501,-1066.150862,7764.157749,0.348317,0.016036,0.120123,-0.929510,-0.011830,0.006254,0.000000,39.222888,-8.169418,7573.157749,-1.610870,5.093879,175.336180,12.747181,904597.355146,0.220437,51.109318,0.031557,-0.000000,-0.000000,-8961.312553,6.745501
24.350730,232.594477,-1069.151482,7778.272186,0.348293,0.016106,0.120670,-0.929447,-0.011949,0.006323,0.000000,39.222861,-8.169411,7587.272186,-1.610870,5.093879,174.297010,12.711558,899299.569472,0.200481,50.512426,0.016989,-0.000000,0.000000,-8804.164864,6.742265
24.433357,233.246150,-1072.147155,7792.299986,0.348270,0.016178,0.121221,-0.929383,-0.011955,0.006420,0.000000,39.222834,-8.169403,7601.299986,-1.610870,5.093879,173.260948,12.676210,894017.999846,0.186388,49.920851,0.024747,-0.000000,0.000000,-8649.334048,6.739062
24.515985,233.896536,-1075.137920,7806.241390,0.348245,0.016255,0.121773,-0.929318,-0.011896,0.006532,0.000000,39.222807,-8.169396,7615.241390,-1.610870,5.093879,172.227973,12.641067,888752.539903,0.182370,49.334550,0.027953,-0.000000,0.000000,-8496.789489,6.735892
24.611265,234.644938,-1078.580638,7822.210796,0.348216,0.016349,0.122409,-0.929244,-0.011840,0.006656,0.000000,39.222776,-8.169387,7631.210796,-1.610870,5.093879,171.040612,12.600770,882700.569621,0.190922,48.664949,0.018525,-0.000000,-0.000000,-8323.682616,6.732276
24.706546,235.391656,-1082.016928,7838.065986,0.348186,0.016449,0.123046,-0.929169,-0.011884,0.006756,0.000000,39.222745,-8.169378,7647.065986,-1.610870,5.093879,169.857038,12.565457,876668.382176,0.211365,48.082106,0.024274,-0.000000,-0.000000,-8167.084156,6.728703
24.801827,236.136694,-1085.446833,7853.807301,0.348156,0.016551,0.123689,-0.929094,-0.012074,0.006821,0.000000,39.222714,-8.169370,7662.807301,-1.610870,5.093879,168.677169,12.528411,870655.555553,0.235623,47.470149,0.047940,-0.000000,0.000000,-8007.130369,6.725170
24.897108,236.880053,-1088.870392,7869.435078,0.348125,0.016651,0.124343,-0.929016,-0.012388,0.006859,0.000000,39.222683,-8.169361,7678.435078,-1.610870,5.093879,167.501130,12.489147,864662.730552,0.252130,46.818913,0.062354,-0.000000,-0.000000,-7842.220792,6.721679
25.020181,237.837772,-1093.283263,7889.453900,0.348085,0.016775,0.125210,-0.928912,-0.012839,0.006906,0.000000,39.222644,-8.169350,7698.453900,-1.610870,5.093879,165.987810,12.439241,856951.957212,0.251405,45.987605,0.056591,-0.000000,0.000000,-7633.381871,6.717229
25.106798,238.510134,-1096.382694,7903.429855,0.348057,0.016859,0.125836,-0.928837,-0.013109,0.006956,0.000000,39.222616,-8.169342,7712.429855,-1.610870,5.093879,164.926685,12.404663,851545.768603,0.236883,45.409198,0.038622,-0.000000,0.000000,-7489.188534,6.714138
25.193414,239.181142,-1099.477012,7917.312894,0.348028,0.016941,0.126472,-0.928760,-0.013277,0.007034,0.000000,39.222588,-8.169335,7726.312894,-1.610870,5.093879,163.868761,12.370460,846156.344214,0.218906,44.836229,0.022203,-0.000000,-0.000000,-7347.257203,6.711080
25.280031,239.850816,-1102.566262,7931.103272,0.347999,0.017025,0.127114,-0.928681,-0.013333,0.007141,0.000000,39.222560,-8.169327,7740.103272,-1.610870,5.093879,162.814007,12.336554,840783.536300,0.204759,44.268646,0.022187,-0.000000,0.000000,-7207.555717,6.708055
25.366647,240.519171,-1105.650482,7944.801224,0.347969,0.017114,0.127760,-0.928602,-0.013316,0.007265,0.000000,39.222533,-8.169319,7753.801224,-1.610870,5.093879,161.762076,12.309577,835425.554888,0.199131,43.820645,0.025617,-0.000000,-0.000000,-7088.518512,6.705061
25.473422,241.341275,-1109.445618,7961.560220,0.347931,0.017230,0.128557,-0.928504,-0.013292,0.007417,0.000000,39.222499,-8.169309,7770.560220,-1.610870,5.093879,160.469408,12.268196,828842.022900,0.205294,43.132713,0.020428,-0.000000,-0.000000,-6921.480989,6.701413
25.561572,242.018500,-1112.573114,7975.290766,0.347899,0.017331,0.129217,-0.928423,-0.013345,0.007523,0.000000,39.222471,-8.169302,7784.290766,-1.610870,5.093879,159.405679,12.234272,823424.993576,0.220338,42.570754,0.023487,-0.000000,-0.000000,-6786.019998,6.698437
25.649722,242.694388,-1115.695518,7988.926391,0.347866,0.017434,0.129882,-0.928341,-0.013503,0.007604,0.000000,39.222443,-8.169294,7797.926391,-1.610870,5.093879,158.345127,12.200633,818024.620254,0.239429,42.014191,0.040336,-0.000000,0.000000,-6652.742401,6.695494
25.737872,243.368943,-1118.812864,8002.467353,0.347833,0.017538,0.130557,-0.928256,-0.013760,0.007665,0.000000,39.222414,-8.169286,7811.467353,-1.610870,5.093879,157.287745,12.167352,812640.876498,0.255787,41.462987,0.055282,-0.000000,0.000000,-6521.619709,6.692582
25.826022,244.042167,-1121.925185,8015.913909,0.347799,0.017640,0.131243,-0.928170,-0.014077,0.007716,0.000000,39.222387,-8.169278,7824.913909,-1.610870,5.093879,156.233457,12.135554,807273.377703,0.263836,40.935406,0.060692,-0.000000,-0.000000,-6395.480057,6.689702
25.941001,244.918303,-1125.977256,8033.311483,0.347755,0.017768,0.132160,-0.928054,-0.014490,0.007790,0.000000,39.222350,-8.169268,7842.311483,-1.610870,5.093879,154.862614,12.098367,800295.013421,0.260238,40.317717,0.052913,-0.000000,0.000000,-6243.706971,6.685991
26.035166,245.634177,-1129.289536,8047.440726,0.347718,0.017871,0.132927,-0.927957,-0.014763,0.007872,0.000000,39.222320,-8.169260,7856.440726,-1.610870,5.093879,153.743641,12.064164,794599.477249,0.248201,39.745893,0.038503,-0.000000,0.000000,-6110.678273,6.682990
26.129331,246.348574,-1132.596221,8061.463154,0.347681,0.017974,0.133705,-0.927857,-0.014941,0.007980,0.000000,39.222291,-8.169251,7870.463154,-1.610870,5.093879,152.628116,12.030341,788922.104408,0.234711,39.179957,0.026745,-0.000000,-0.000000,-5979.963025,6.680024
26.223496,247.061514,-1135.897359,8075.379058,0.347643,0.018080,0.134492,-0.927755,-0.015032,0.008111,0.000000,39.222261,-8.169243,7884.379058,-1.610870,5.093879,151.516060,11.996825,783263.014639,0.225558,38.619882,0.023987,-0.000000,0.000000,-5851.532391,6.677092
26.317662,247.773014,-1139.192997,8089.188716,0.347604,0.018190,0.135284,-0.927652,-0.015076,0.008254,0.000000,39.222231,-8.169235,7898.188716,-1.610870,5.093879,150.407152,11.969349,777620.570606,0.224016,38.164598,0.024104,-0.000000,-0.000000,-5740.228500,6.674193
26.441288,248.704959,-1143.511464,8107.158161,0.347551,0.018343,0.136331,-0.927516,-0.015162,0.008435,0.000000,39.222193,-8.169224,7916.158161,-1.610870,5.093879,148.956292,11.925916,770239.128317,0.233629,37.443494,0.026058,-0.000000,0.000000,-5577.443992,6.670438
26.462204,248.862393,-1144.241178,8110.180376,0.347542,0.018370,0.136509,-0.927493,-0.015188,0.008463,0.000000,39.222186,-8.169222,7919.180376,-1.610870,5.093879,148.711384,11.918608,768993.234251,0.236629,37.322459,0.027710,-0.000000,0.000000,-5550.274515,6.669808
26.483121,249.019757,-1144.970626,8113.197384,0.347533,0.018397,0.136688,-0.927469,-0.015218,0.008490,0.000000,39.222180,-8.169220,7922.197384,-1.610870,5.093879,148.466642,11.911314,767748.219249,0.239843,37.201705,0.029834,-0.000000,-0.000000,-5523.212259,6.669180
26.504037,249.177052,-1145.699809,8116.209189,0.347523,0.018424,0.136866,-0.927446,-0.015253,0.008516,0.000000,39.222173,-8.169219,7925.209189,-1.610870,5.093879,148.222068,11.904035,766504.084411,0.243206,37.081232,0.032339,-0.000000,0.000000,-5496.256920,6.668554
26.545869,249.491432,-1147.157379,8122.217204,0.347505,0.018479,0.137225,-0.927399,-0.015338,0.008565,0.000000,39.222160,-8.169215,7931.217204,-1.610870,5.093879,147.733418,11.889527,764018.450744,0.250054,36.841127,0.037973,-0.000000,0.000000,-5442.665580,6.667305
26.587702,249.805535,-1148.613893,8128.204443,0.347486,0.018533,0.137586,-0.927351,-0.015439,0.008610,0.000000,39.222147,-8.169211,7937.204443,-1.610870,5.093879,147.245433,11.875089,761536.325088,0.256763,36.602138,0.043795,-0.000000,0.000000,-5389.497704,6.666064
26.629534,250.119360,-1150.069352,8134.170929,0.347467,0.018588,0.137950,-0.927303,-0.015557,0.008652,0.000000,39.222134,-8.169208,7943.170929,-1.610870,5.093879,146.758110,11.860725,759057.697602,0.262915,36.364263,0.049125,-0.000000,0.000000,-5336.750483,6.664828
26.791808,251.334109,-1155.705338,8157.119685,0.347393,0.018799,0.139385,-0.927112,-0.016107,0.008801,0.000000,39.222083,-8.169194,7966.119685,-1.610870,5.093879,144.873465,11.811101,749473.217883,0.277647,35.543814,0.059849,-0.000000,0.000000,-5149.355427,6.660095
26.907890,252.200548,-1159.727462,8173.345503,0.347339,0.018947,0.140441,-0.926970,-0.016527,0.008909,0.000000,39.222047,-8.169184,7982.345503,-1.610870,5.093879,143.531061,11.772407,742647.575563,0.275696,34.899349,0.054441,-0.000000,-0.000000,-5009.140549,6.656767
27.023973,253.064897,-1163.741672,8189.412897,0.347284,0.019094,0.141520,-0.926823,-0.016886,0.009040,0.000000,39.222011,-8.169174,7998.412897,-1.610870,5.093879,142.193583,11.734311,735848.048477,0.266117,34.263212,0.042691,-0.000000,0.000000,-4872.008840,6.653486
27.140056,253.927184,-1167.748046,8205.322346,0.347228,0.019241,0.142619,-0.926673,-0.017142,0.009202,0.000000,39.221975,-8.169164,8014.322346,-1.610870,5.093879,140.860707,11.701802,729073.014484,0.255220,33.722324,0.033116,-0.000000,-0.000000,-4750.150371,6.650251
27.256138,254.787439,-1171.746670,8221.074348,0.347170,0.019393,0.143734,-0.926519,-0.017307,0.009390,0.000000,39.221939,-8.169154,8030.074348,-1.610870,5.093879,139.532528,11.664547,722322.976127,0.249337,33.100786,0.030306,-0.000000,-0.000000,-4618.636349,6.647062
27.390127,255.777901,-1176.352555,8239.060984,0.347101,0.019578,0.145035,-0.926338,-0.017461,0.009619,0.000000,39.221898,-8.169142,8048.060984,-1.610870,5.093879,138.005436,11.621996,714563.443904,0.253233,32.393437,0.031856,-0.000000,0.000000,-4470.470457,6.643438
27.498698,256.578537,-1180.077284,8253.482641,0.347043,0.019735,0.146101,-0.926189,-0.017636,0.009797,0.000000,39.221864,-8.169133,8062.482641,-1.610870,5.093879,136.772454,11.592635,708299.479106,0.265039,31.910239,0.039016,-0.000000,0.000000,-4364.441661,6.640544
27.607269,257.377454,-1183.795433,8267.767834,0.346983,0.019896,0.147181,-0.926037,-0.017905,0.009955,0.000000,39.221831,-8.169124,8076.767834,-1.610870,5.093879,135.543485,11.558768,702056.913437,0.280691,31.350238,0.051584,-0.000000,-0.000000,-4249.320560,6.637690
27.715840,258.174660,-1187.507058,8281.916944,0.346922,0.020060,0.148279,-0.925881,-0.018271,0.010095,0.000000,39.221797,-8.169114,8090.916944,-1.610870,5.093879,134.318615,11.525335,695836.217592,0.294919,30.797131,0.063227,-0.000000,0.000000,-4136.628040,6.634873
27.824410,258.970161,-1191.212213,8295.930344,0.346860,0.020222,0.149399,-0.925721,-0.018702,0.010226,0.000000,39.221764,-8.169105,8104.930344,-1.610870,5.093879,133.097592,11.496905,689636.115691,0.303278,30.328720,0.068579,-0.000000,0.000000,-4036.679561,6.632095
27.950186,259.889611,-1195.496499,8311.995233,0.346787,0.020409,0.150726,-0.925529,-0.019214,0.010382,0.000000,39.221726,-8.169094,8120.995233,-1.610870,5.093879,131.688021,11.459257,682479.975639,0.303943,29.702562,0.065603,-0.000000,0.000000,-3911.471597,6.628922
28.075962,260.806815,-1199.772264,8327.879046,0.346713,0.020595,0.152086,-0.925330,-0.019679,0.010561,0.000000,39.221687,-8.169084,8136.879046,-1.610870,5.093879,130.283677,11.424487,675351.884661,0.297221,29.124029,0.056181,-0.000000,-0.000000,-3794.385567,6.625799
28.201738,261.721806,-1204.039604,8343.582338,0.346636,0.020782,0.153474,-0.925126,-0.020054,0.010771,0.000000,39.221649,-8.169073,8152.582338,-1.610870,5.093879,128.884496,11.390038,668251.563584,0.288659,28.550193,0.047023,-0.000000,0.000000,-3679.677306,6.622724
28.327514,262.634619,-1208.298615,8359.105664,0.346557,0.020975,0.154887,-0.924915,-0.020344,0.011008,0.000000,39.221611,-8.169063,8168.105664,-1.610870,5.093879,127.490578,11.353977,661179.548067,0.283867,27.949105,0.042864,-0.000000,-0.000000,-3563.247590,6.619698
28.475379,263.704998,-1213.295069,8377.125774,0.346461,0.021212,0.156576,-0.924662,-0.020649,0.011305,0.000000,39.221566,-8.169050,8186.125774,-1.610870,5.093879,125.858311,11.316145,652900.360659,0.287265,27.323420,0.044520,-0.000000,0.000000,-3438.879473,6.616201
28.594315,264.563845,-1217.305858,8391.441073,0.346380,0.021411,0.157954,-0.924453,-0.020925,0.011543,0.000000,39.221530,-8.169040,8200.441073,-1.610870,5.093879,124.550525,11.282783,646268.677514,0.297439,26.771176,0.051255,-0.000000,-0.000000,-3334.364058,6.613435
28.713252,265.420816,-1221.309444,8405.596920,0.346297,0.021617,0.159355,-0.924239,-0.021282,0.011768,0.000000,39.221494,-8.169030,8214.596920,-1.610870,5.093879,123.247167,11.253509,639660.961426,0.311686,26.290653,0.062114,-0.000000,0.000000,-3240.248468,6.610710
28.832188,266.275923,-1225.305896,8419.593764,0.346212,0.021827,0.160781,-0.924019,-0.021736,0.011978,0.000000,39.221458,-8.169020,8228.593764,-1.610870,5.093879,121.948332,11.221077,633077.729319,0.326031,25.755182,0.073233,-0.000000,-0.000000,-3140.801467,6.608026
28.951125,267.129177,-1229.295281,8433.432045,0.346125,0.022038,0.162238,-0.923792,-0.022271,0.012177,0.000000,39.221422,-8.169010,8242.432045,-1.610870,5.093879,120.654108,11.188987,626519.465562,0.336364,25.224333,0.080107,-0.000000,0.000000,-3043.419360,6.605383
29.106633,268.242031,-1234.500826,8451.287019,0.346007,0.022314,0.164194,-0.923483,-0.023011,0.012444,0.000000,39.221375,-8.168998,8260.287019,-1.610870,5.093879,118.968573,11.151432,617980.774135,0.340664,24.604070,0.079830,-0.000000,0.000000,-2927.111133,6.601987
29.226944,269.100866,-1238.520021,8464.915763,0.345914,0.022527,0.165748,-0.923235,-0.023563,0.012669,0.000000,39.221339,-8.168988,8273.915763,-1.610870,5.093879,117.669795,11.120134,611403.335651,0.337451,24.083114,0.073710,-0.000000,0.000000,-2833.855066,6.599406
29.347254,269.957870,-1242.532223,8478.383690,0.345818,0.022742,0.167336,-0.922980,-0.024053,0.012918,0.000000,39.221303,-8.168978,8287.383690,-1.610870,5.093879,116.375434,11.092758,604850.058889,0.332145,23.629588,0.066679,-0.000000,0.000000,-2749.903617,6.596864
29.467564,270.813068,-1246.537510,8491.691231,0.345720,0.022962,0.168955,-0.922716,-0.024475,0.013195,0.000000,39.221267,-8.168968,8300.691231,-1.610870,5.093879,115.085564,11.062710,598321.358536,0.328438,23.129607,0.062178,-0.000000,0.000000,-2661.883863,6.594362
29.587874,271.666488,-1250.535955,8504.838788,0.345618,0.023189,0.170602,-0.922446,-0.024854,0.013493,0.000000,39.221231,-8.168958,8313.838788,-1.610870,5.093879,113.800083,11.035468,591816.758659,0.329161,22.679637,0.061738,-0.000000,0.000000,-2580.944549,6.591898
29.744278,272.773317,-1255.723840,8521.692161,0.345480,0.023497,0.172784,-0.922083,-0.025359,0.013892,0.000000,39.221185,-8.168945,8330.692161,-1.610870,5.093879,112.135724,10.996754,583397.912098,0.337884,22.038971,0.067051,-0.000000,0.000000,-2471.355998,6.588753
29.867278,273.641701,-1259.795797,8534.757253,0.345367,0.023750,0.174533,-0.921790,-0.025818,0.014203,0.000000,39.221148,-8.168935,8343.757253,-1.610870,5.093879,110.832047,10.969834,576805.855254,0.350180,21.598271,0.075684,-0.000000,0.000000,-2393.780603,6.586325
29.990278,274.508292,-1263.860848,8547.656551,0.345251,0.024010,0.176317,-0.921487,-0.026361,0.014505,0.000000,39.221112,-8.168925,8356.656551,-1.610870,5.093879,109.532994,10.940846,570239.301163,0.364464,21.121691,0.086148,-0.000000,-0.000000,-2313.522026,6.583936
30.113278,275.373102,-1267.919059,8560.390468,0.345130,0.024274,0.178139,-0.921175,-0.026993,0.014799,0.000000,39.221075,-8.168915,8369.390468,-1.610870,5.093879,108.238506,10.913869,563698.005567,0.377684,20.679879,0.095438,-0.000000,0.000000,-2238.359167,6.581585
30.236278,276.236142,-1271.970498,8572.959425,0.345007,0.024540,0.180004,-0.920851,-0.027690,0.015092,0.000000,39.221039,-8.168905,8381.959425,-1.610870,5.093879,106.948647,10.885738,557182.346424,0.387335,20.216484,0.101056,-0.000000,0.000000,-2162.125658,6.579273
30.395906,277.353573,-1277.218413,8589.025947,0.344841,0.024889,0.182493,-0.920414,-0.028631,0.015485,0.000000,39.220992,-8.168892,8398.025947,-1.610870,5.093879,105.281532,10.851235,548764.464845,0.393340,19.648053,0.102036,-0.000000,0.000000,-2068.577103,6.576329
30.527580,278.273131,-1281.538940,8602.070972,0.344700,0.025180,0.184605,-0.920038,-0.029392,0.015832,0.000000,39.220953,-8.168881,8411.070972,-1.610870,5.093879,103.912084,10.824301,541852.652865,0.393735,19.204358,0.098870,-0.000000,-0.000000,-1995.564826,6.573947
30.659254,279.190737,-1285.851980,8614.928503,0.344553,0.025475,0.186770,-0.919647,-0.030110,0.016209,0.000000,39.220914,-8.168871,8423.928503,-1.610870,5.093879,102.547950,10.795089,534970.521977,0.392809,18.719622,0.095093,-0.000000,0.000000,-1919.658889,6.571608
30.790928,280.106422,-1290.157621,8627.599006,0.344402,0.025778,0.188986,-0.919243,-0.030784,0.016615,0.000000,39.220875,-8.168860,8436.599006,-1.610870,5.093879,101.189044,10.768921,528117.708612,0.393337,18.288830,0.093169,-0.000000,-0.000000,-1850.629263,6.569311
30.922602,281.020217,-1294.455953,8640.082953,0.344244,0.026090,0.191250,-0.918825,-0.031435,0.017046,0.000000,39.220837,-8.168849,8449.082953,-1.610870,5.093879,99.835346,10.742360,521294.187623,0.397323,17.851941,0.094443,-0.000000,0.000000,-1782.254737,6.567055
31.089581,282.176345,-1299.896391,8655.646564,0.344036,0.026503,0.194192,-0.918274,-0.032287,0.017613,0.000000,39.220788,-8.168836,8464.646564,-1.610870,5.093879,98.126362,10.707502,512684.304306,0.408220,17.278614,0.100882,-0.000000,0.000000,-1695.487515,6.564254
31.228312,283.134641,-1304.407735,8668.350276,0.343854,0.026860,0.196699,-0.917798,-0.033059,0.018093,0.000000,39.220747,-8.168825,8477.350276,-1.610870,5.093879,96.712956,10.680827,505567.498123,0.421609,16.844139,0.109779,-0.000000,-0.000000,-1629.046520,6.561975
31.367042,284.090921,-1308.911272,8680.848581,0.343665,0.027229,0.199267,-0.917303,-0.033922,0.018575,0.000000,39.220707,-8.168814,8489.848581,-1.610870,5.093879,95.305361,10.654492,498483.651232,0.436877,16.416152,0.120134,-0.000000,0.000000,-1564.547299,6.559741
31.505773,285.045205,-1313.407093,8693.142000,0.343469,0.027606,0.201904,-0.916789,-0.034880,0.019060,0.000000,39.220666,-8.168803,8502.142000,-1.610870,5.093879,93.903761,10.626331,491433.818751,0.451739,15.955103,0.129830,-0.000000,-0.000000,-1498.244158,6.557551
31.644503,285.997512,-1317.895287,8705.231039,0.343265,0.027990,0.204613,-0.916253,-0.035919,0.019552,0.000000,39.220626,-8.168792,8514.231039,-1.610870,5.093879,92.508121,10.600870,484417.939675,0.464329,15.541262,0.137144,-0.000000,0.000000,-1437.692948,6.555404
31.834399,287.297878,-1324.026593,8721.448257,0.342973,0.028527,0.208449,-0.915481,-0.037414,0.020254,0.000000,39.220571,-8.168777,8530.448257,-1.610870,5.093879,90.607459,10.565960,474870.018300,0.476931,14.971627,0.142677,-0.000000,-0.000000,-1356.541105,6.552535
32.024296,288.594644,-1330.144015,8737.284731,0.342665,0.029078,0.212436,-0.914662,-0.038940,0.021006,0.000000,39.220516,-8.168762,8546.284731,-1.610870,5.093879,88.718116,10.531905,465387.056717,0.485248,14.415148,0.144410,-0.000000,-0.000000,-1278.884808,6.549745
32.214192,289.887883,-1336.247789,8752.741681,0.342339,0.029645,0.216578,-0.913794,-0.040459,0.021820,-0.000000,39.220461,-8.168747,8561.741681,-1.610870,5.093879,86.840243,10.498635,455970.176343,0.492561,13.871766,0.145649,0.000000,0.000000,-1204.627567,6.547033
32.404088,291.177669,-1342.338151,8767.820297,0.341994,0.030236,0.220875,-0.912874,-0.041972,0.022699,-0.000000,39.220407,-8.168732,8576.820297,-1.610870,5.093879,84.974020,10.466068,446620.656539,0.502453,13.341426,0.149504,0.000000,0.000000,-1133.674615,6.544399
32.593984,292.464079,-1348.415336,8782.521745,0.341628,0.030854,0.225331,-0.911901,-0.043523,0.023635,-0.000000,39.220352,-8.168717,8591.521745,-1.610870,5.093879,83.119654,10.434139,437339.919691,0.517302,12.824074,0.157705,0.000000,0.000000,-1065.932632,6.541840
32.783881,293.747179,-1354.479572,8796.847168,0.341238,0.031503,0.229952,-0.910871,-0.045172,0.024618,-0.000000,39.220297,-8.168702,8605.847168,-1.610870,5.093879,81.277379,10.402825,428129.544612,0.537500,12.319660,0.170328,0.000000,0.000000,-1001.309705,6.539357
32.973777,295.027027,-1360.531076,8810.797682,0.340823,0.032183,0.234748,-0.909779,-0.046978,0.025639,-0.000000,39.220243,-8.168687,8619.797682,-1.610870,5.093879,79.447429,10.372422,418991.126760,0.561529,11.833138,0.185938,0.000000,0.000000,-940.112356,6.536947
33.163673,296.303672,-1366.570054,8824.374374,0.340382,0.032890,0.239734,-0.908617,-0.048969,0.026695,-0.000000,39.220189,-8.168672,8633.374374,-1.610870,5.093879,77.630022,10.343253,409926.194472,0.586762,11.369529,0.202133,0.000000,0.000000,-882.616800,6.534610
33.353569,297.577159,-1372.596706,8837.578305,0.339913,0.033623,0.244928,-0.907380,-0.051142,0.027795,-0.000000,39.220135,-8.168657,8646.578305,-1.610870,5.093879,75.825500,10.314346,400936.958218,0.610657,10.909805,0.216624,0.000000,0.000000,-827.241451,6.532346
33.543466,298.847534,-1378.611230,8850.410510,0.339414,0.034380,0.250343,-0.906059,-0.053465,0.028950,-0.000000,39.220081,-8.168643,8659.410510,-1.610870,5.093879,74.034308,10.285822,392026.166459,0.631846,10.455449,0.228311,0.000000,0.000000,-774.061931,6.530152
33.757357,300.274774,-1385.371472,8864.420288,0.338815,0.035262,0.256725,-0.904462,-0.056212,0.030340,-0.000000,39.220020,-8.168626,8673.420288,-1.610870,5.093879,72.033345,10.254456,382087.055962,0.652918,9.955944,0.238814,0.000000,-0.000000,-717.159976,6.527766
33.971248,301.698222,-1392.116874,8877.961154,0.338170,0.036180,0.263418,-0.902740,-0.059058,0.031840,-0.000000,39.219959,-8.168610,8686.961154,-1.610870,5.093879,70.050464,10.225217,372254.834484,0.673240,9.495579,0.248723,0.000000,-0.000000,-665.169720,6.525468
34.185140,303.117970,-1398.847732,8891.034480,0.337476,0.037142,0.270434,-0.900885,-0.061996,0.033461,-0.000000,39.219899,-8.168593,8700.034480,-1.610870,5.093879,68.086518,10.195566,362534.631011,0.695748,9.027708,0.260681,0.000000,0.000000,-614.665205,6.523257
34.399031,304.534113,-1405.564328,8903.641587,0.336725,0.038155,0.277785,-0.898885,-0.065057,0.035206,-0.000000,39.219839,-8.168577,8712.641587,-1.610870,5.093879,66.142372,10.167385,352931.628697,0.722778,8.589803,0.276586,0.000000,0.000000,-568.149924,6.521132
34.611616,305.938119,-1412.226038,8915.711005,0.335918,0.039219,0.285438,-0.896741,-0.068283,0.037059,-0.000000,39.219779,-8.168561,8724.711005,-1.610870,5.093879,64.230741,10.139686,343509.396538,0.755073,8.163082,0.296914,0.000000,-0.000000,-524.320824,6.519104
34.787464,307.096931,-1417.726311,8925.348560,0.335200,0.040144,0.292046,-0.894839,-0.071138,0.038677,-0.000000,39.219729,-8.168547,8734.348560,-1.610870,5.093879,62.665805,10.117326,335812.039360,0.785641,7.822785,0.316797,0.000000,0.000000,-490.221128,6.517490
34.963313,308.253454,-1423.217451,8934.673391,0.334432,0.041111,0.298919,-0.892810,-0.074201,0.040370,-0.000000,39.219680,-8.168534,8743.673391,-1.610870,5.093879,61.116366,10.096030,328206.170417,0.818699,7.504934,0.338493,0.000000,0.000000,-458.674309,6.515931
35.139162,309.407721,-1428.699598,8943.686172,0.333613,0.042118,0.306076,-0.890642,-0.077491,0.042142,-0.000000,39.219631,-8.168520,8752.686172,-1.610870,5.093879,59.583252,10.074457,320696.447634,0.853087,7.182281,0.360944,0.000000,-0.000000,-427.943645,6.514428
35.315010,310.559761,-1434.172877,8952.387546,0.332737,0.043165,0.313534,-0.888322,-0.081010,0.043997,-0.000000,39.219582,-8.168507,8761.387546,-1.610870,5.093879,58.067282,10.054176,313287.454961,0.887785,6.885893,0.383262,0.000000,0.000000,-399.845104,6.512980
35.547220,312.077681,-1441.387022,8963.401741,0.331486,0.044608,0.323872,-0.885002,-0.085992,0.046591,-0.000000,39.219517,-8.168489,8772.401741,-1.610870,5.093879,56.093371,10.027586,303667.344374,0.933083,6.498169,0.411744,0.000000,-0.000000,-364.504217,6.511152
35.779429,313.591854,-1448.586238,8973.875458,0.330119,0.046124,0.334801,-0.881359,-0.091321,0.049375,-0.000000,39.219452,-8.168472,8782.875458,-1.610870,5.093879,54.153659,10.001355,294246.312671,0.977887,6.117357,0.439356,0.000000,0.000000,-331.277254,6.509418
36.011639,315.102371,-1455.770831,8983.810086,0.328620,0.047717,0.346355,-0.877360,-0.096979,0.052368,-0.000000,39.219388,-8.168454,8792.810086,-1.610870,5.093879,52.250953,9.976566,285039.264820,1.023175,5.767157,0.467095,0.000000,-0.000000,-301.339436,6.507777
36.243849,316.609326,-1462.941108,8993.206963,0.326975,0.049396,0.358564,-0.872965,-0.102966,0.055584,-0.000000,39.219323,-8.168437,8802.206963,-1.610870,5.093879,50.388444,9.952531,276062.806880,1.070223,5.434624,0.496132,0.000000,0.000000,-273.842270,6.506229
36.476058,318.112815,-1470.097366,9002.067379,0.325166,0.051170,0.371457,-0.868133,-0.109303,0.059033,-0.000000,39.219259,-8.168419,8811.067379,-1.610870,5.093879,48.569777,9.929261,267335.473543,1.120054,5.121434,0.527332,0.000000,0.000000,-248.746931,6.504771
36.708268,319.612932,-1477.239897,9010.392585,0.323174,0.053046,0.385066,-0.862817,-0.116024,0.062720,-0.000000,39.219195,-8.168402,8819.392585,-1.610870,5.093879,46.799134,9.906510,258878.044657,1.173115,4.823024,0.561007,0.000000,-0.000000,-225.713358,6.503405
36.940477,321.109766,-1484.369000,9018.183803,0.320979,0.055031,0.399421,-0.856965,-0.123165,0.066646,-0.000000,39.219131,-8.168385,8827.183803,-1.610870,5.093879,45.081316,9.884039,250713.808012,1.229188,4.533918,0.596874,0.000000,0.000000,-204.394992,6.502128
37.172687,322.603409,-1491.484984,9025.442234,0.318558,0.057129,0.414553,-0.850518,-0.130756,0.070810,-0.000000,39.219067,-8.168367,8834.442234,-1.610870,5.093879,43.421763,9.861906,242868.485693,1.287465,4.254607,0.634141,0.000000,0.000000,-184.742554,6.500940
37.404897,324.093950,-1498.588175,9032.169053,0.315888,0.059343,0.430492,-0.843413,-0.138815,0.075207,-0.000000,39.219003,-8.168350,8841.169053,-1.610870,5.093879,41.826503,9.840596,235369.756660,1.346689,3.995936,0.671646,0.000000,0.000000,-167.136011,6.499841
37.637106,325.581477,-1505.678906,9038.365400,0.312944,0.061675,0.447262,-0.835578,-0.147341,0.079830,-0.000000,39.218939,-8.168333,8847.365400,-1.610870,5.093879,40.302217,9.820140,228247.370991,1.405304,3.757757,0.707993,0.000000,0.000000,-151.445949,6.498828
37.823285,326.772013,-1511.355262,9042.951021,0.310366,0.063630,0.461322,-0.828719,-0.154501,0.083692,-0.000000,39.218888,-8.168319,8851.951021,-1.610870,5.093879,39.136320,9.804390,222830.151917,1.450657,3.581501,0.735231,0.000000,-0.000000,-140.166769,6.498080
38.009463,327.960716,-1517.024006,9047.196889,0.307580,0.065660,0.475934,-0.821301,-0.161925,0.087683,-0.000000,39.218837,-8.168305,8856.196889,-1.610870,5.093879,38.024940,9.789256,217692.725696,1.493497,3.418259,0.759861,0.000000,0.000000,-129.979101,6.497387
38.195641,329.147632,-1522.685319,9051.103521,0.304571,0.067764,0.491099,-0.813284,-0.169581,0.091790,-0.000000,39.218786,-8.168292,8860.103521,-1.610870,5.093879,36.972522,9.774777,212853.226617,1.532772,3.267967,0.780974,0.000000,0.000000,-120.824975,6.496749
38.349757,330.128828,-1527.366179,9054.081096,0.301899,0.069561,0.504066,-0.806163,-0.176063,0.095262,-0.000000,39.218744,-8.168280,8863.081096,-1.610870,5.093879,36.149311,9.763326,209085.889777,1.561758,3.153310,0.795086,0.000000,-0.000000,-113.989969,6.496262
38.503873,331.108864,-1532.042185,9056.826829,0.299055,0.071407,0.517401,-0.798577,-0.182644,0.098788,-0.000000,39.218702,-8.168269,8865.826829,-1.610870,5.093879,35.372528,9.752393,205546.337279,1.586840,3.047450,0.805538,0.000000,0.000000,-107.796025,6.495813
38.657988,332.087770,-1536.713449,9059.340976,0.296029,0.073301,0.531092,-0.790504,-0.189294,0.102352,-0.000000,39.218660,-8.168257,8868.340976,-1.610870,5.093879,34.645051,9.742017,202245.438096,1.607249,2.950357,0.811668,0.000000,0.000000,-102.215284,6.495401
38.812104,333.065577,-1541.380086,9061.623782,0.292813,0.075240,0.545124,-0.781920,-0.195975,0.105935,-0.000000,39.218618,-8.168246,8870.623782,-1.610870,5.093879,33.969811,9.732246,199194.004456,1.622109,2.862000,0.812726,0.000000,-0.000000,-97.221610,6.495026
39.014470,334.347902,-1547.500926,9064.270352,0.288288,0.077850,0.564036,-0.769839,-0.204717,0.110629,-0.000000,39.218563,-8.168231,8873.270352,-1.610870,5.093879,33.167425,9.720430,195583.832686,1.631475,2.759199,0.804954,0.000000,-0.000000,-91.515534,6.494590
39.216836,335.628463,-1553.614262,9066.518924,0.283406,0.080528,0.583449,-0.756799,-0.213315,0.115255,-0.000000,39.218509,-8.168216,8875.518924,-1.610870,5.093879,32.466729,9.709901,192445.099666,1.626908,2.671350,0.784752,0.000000,0.000000,-86.730013,6.494217
39.419203,336.907334,-1559.720372,9068.369919,0.278153,0.083264,0.603290,-0.742766,-0.221624,0.119732,-0.000000,39.218454,-8.168202,8877.369919,-1.610870,5.093879,31.873960,9.700815,189799.136998,1.605699,2.598398,0.749893,0.000000,0.000000,-82.821226,6.493908
39.621569,338.184593,-1565.819537,9069.823704,0.272521,0.086046,0.623469,-0.727721,-0.229474,0.123971,-0.000000,39.218399,-8.168187,8878.823704,-1.610870,5.093879,31.394795,9.693337,187664.866003,1.564864,2.540289,0.697963,0.000000,0.000000,-79.751848,6.493662
39.823935,339.460316,-1571.912033,9070.880577,0.266509,0.088861,0.643882,-0.711658,-0.236672,0.127865,-0.000000,39.218344,-8.168172,8879.880577,-1.610870,5.093879,31.034095,9.687632,186058.113856,1.501218,2.496976,0.626444,0.000000,0.000000,-77.491394,6.493478
40.026301,340.734573,-1577.998124,9071.540769,0.260121,0.091691,0.664406,-0.694594,-0.242998,0.131292,-0.000000,39.218290,-8.168157,8880.540769,-1.610870,5.093879,30.795662,9.683846,184990.986902,1.411613,2.468416,0.532936,0.000000,-0.000000,-76.016494,6.493357
40.228668,342.007434,-1584.078054,9071.804431,0.253372,0.094517,0.684901,-0.676570,-0.248210,0.134121,-0.000000,39.218235,-8.168142,8880.804431,-1.610870,5.093879,30.682024,9.682077,184471.346807,1.293255,2.454568,0.415451,0.000000,0.000000,-75.311102,6.493298
40.262065,342.217369,-1585.080868,9071.809830,0.252226,0.094982,0.688270,-0.673508,-0.248945,0.134521,-0.000000,39.218226,-8.168140,8880.809830,-1.610870,5.093879,30.675366,9.681981,184438.515014,1.270801,2.453694,0.393658,0.000000,0.000000,-75.267959,6.493294
40.266667,342.246293,-1585.219036,9071.809728,0.252067,0.095046,0.688734,-0.673084,-0.249043,0.134574,-0.000000,39.218225,-8.168140,8880.809728,-1.610870,5.093879,30.674717,9.681972,184435.167859,1.267641,2.453605,0.390600,0.000000,-0.000000,-75.263636,6.493294
40.277145,342.312146,-1585.533605,9071.808198,0.251705,0.095192,0.689789,-0.672116,-0.249262,0.134693,-0.000000,39.218222,-8.168139,8880.808198,-1.610870,5.093879,30.673485,9.681960,184428.617511,1.260326,2.453431,0.383544,0.000000,0.000000,-75.255268,6.493293
40.287622,342.377996,-1585.848158,9071.805606,0.251341,0.095337,0.690844,-0.671146,-0.249477,0.134810,-0.000000,39.218219,-8.168138,8880.805606,-1.610870,5.093879,30.672592,9.681952,184423.544731,1.252929,2.453296,0.376422,0.000000,0.000000,-75.248936,6.493293
40.308578,342.509687,-1586.477234,9071.798295,0.250613,0.095628,0.692952,-0.669201,-0.249900,0.135040,-0.000000,39.218213,-8.168137,8880.798295,-1.610870,5.093879,30.671816,9.681947,184417.819068,1.238000,2.453143,0.362063,0.000000,-0.000000,-75.242360,6.493292
40.329534,342.641365,-1587.106246,9071.786734,0.249881,0.095918,0.695057,-0.667247,-0.250306,0.135261,-0.000000,39.218208,-8.168135,8880.786734,-1.610870,5.093879,30.672391,9.681964,184418.002819,1.222734,2.453148,0.347431,0.000000,-0.000000,-75.243922,6.493292
40.350489,342.773028,-1587.735196,9071.770921,0.249146,0.096209,0.697160,-0.665283,-0.250697,0.135473,-0.000000,39.218202,-8.168134,8880.770921,-1.610870,5.093879,30.674318,9.682002,184424.094525,1.207131,2.453310,0.332526,0.000000,0.000000,-75.253620,6.493293
40.496063,343.687278,-1592.102633,9071.543726,0.243949,0.098211,0.711674,-0.651405,-0.252937,0.136694,-0.000000,39.218163,-8.168123,8880.543726,-1.610870,5.093879,30.724937,9.682854,184629.249504,1.089338,2.458771,0.221428,0.000000,0.000000,-75.545599,6.493316
40.641637,344.600868,-1596.467101,9071.111354,0.238607,0.100186,0.725979,-0.637142,-0.254282,0.137429,-0.000000,39.218124,-8.168112,8880.111354,-1.610870,5.093879,30.840297,9.684678,185117.882252,0.955256,2.471803,0.097448,0.000000,-0.000000,-76.231146,6.493371
40.787211,345.513811,-1600.828634,9070.473768,0.233141,0.102122,0.740011,-0.622548,-0.254635,0.137627,-0.000000,39.218084,-8.168102,8879.473768,-1.610870,5.093879,31.019594,9.687378,185887.304845,0.805347,2.492394,0.038736,0.000000,-0.000000,-77.313037,6.493458
40.932785,346.426115,-1605.187248,9069.630910,0.227576,0.104013,0.753705,-0.607689,-0.253909,0.137240,-0.000000,39.218045,-8.168091,8878.630910,-1.610870,5.093879,31.261653,9.690805,186933.601018,0.640795,2.520530,0.185763,0.000000,0.000000,-78.795939,6.493578
41.153134,347.805815,-1611.779115,9067.964441,0.219024,0.106767,0.773651,-0.584859,-0.250593,0.135450,-0.000000,39.217986,-8.168075,8876.964441,-1.610870,5.093879,31.743974,9.696922,189032.478484,0.368432,2.577449,0.424289,0.000000,-0.000000,-81.818462,6.493819
41.266667,348.516119,-1615.172864,9066.922057,0.214590,0.108127,0.783500,-0.573021,-0.247790,0.133933,-0.000000,39.217956,-8.168067,8875.922057,-1.610870,5.093879,32.045145,9.700253,190349.883781,0.220239,2.613499,0.551702,0.000000,0.000000,-83.749964,6.493972
41.287603,348.646251,-1615.794890,9066.715074,0.214590,0.108127,0.783500,-0.573021,-0.247790,0.133933,-0.000000,39.217950,-8.168065,8875.715074,-1.610870,5.093879,31.922768,11.266590,189677.883656,138.233211,-38.309180,0.000000,0.000000,0.000000,1222.935086,6.493894
41.308540,348.775571,-1616.413303,9066.504871,0.214590,0.108127,0.783500,-0.573021,-0.247790,0.133933,-0.000000,39.217944,-8.168064,8875.504871,-1.610870,5.093879,31.802908,11.193817,189017.799297,137.069297,-38.769743,0.000000,-0.000000,-0.000000,1232.990582,6.493817
41.350413,349.032601,-1617.642966,9066.078049,0.214590,0.108127,0.783500,-0.573021,-0.247790,0.133933,-0.000000,39.217933,-8.168061,8875.078049,-1.610870,5.093879,31.569438,11.051033,187726.485428,134.787783,-39.680023,0.000000,0.000000,0.000000,1252.676022,6.493669
41.392286,349.286438,-1618.858418,9065.638445,0.214590,0.108127,0.783500,-0.573021,-0.247790,0.133933,-0.000000,39.217922,-8.168058,8874.638445,-1.610870,5.093879,31.345805,10.912486,186481.660601,132.579889,-40.575381,0.000000,0.000000,0.000000,1271.867974,6.493526
41.434159,349.537135,-1620.059892,9065.186157,0.214590,0.108127,0.783500,-0.573021,-0.247790,0.133933,-0.000000,39.217912,-8.168055,8874.186157,-1.610870,5.093879,31.131800,10.777983,185282.258986,130.442733,-41.456762,0.000000,0.000000,-0.000000,1290.623635,6.493390
41.660685,350.840896,-1626.326136,9062.523235,0.214590,0.108127,0.783500,-0.573021,-0.247790,0.133933,-0.000000,39.217855,-8.168040,8871.523235,-1.610870,5.093879,30.132729,10.113050,179540.047482,119.998138,-46.019294,0.000000,0.000000,-0.000000,1386.686903,6.492749
41.887212,352.061484,-1632.222129,9059.506364,0.214590,0.108127,0.783500,-0.573021,-0.247790,0.133933,-0.000000,39.217802,-8.168026,8868.506364,-1.610870,5.093879,29.378501,9.536078,174944.928631,111.167441,-50.318766,0.000000,0.000000,0.000000,1478.289947,6.492251
42.113739,353.204989,-1637.774909,9056.149038,0.214590,0.108127,0.783500,-0.573021,-0.247790,0.133933,-0.000000,39.217753,-8.168013,8865.149038,-1.610870,5.093879,28.840691,9.027271,171362.250742,103.647619,-54.447878,-0.000000,0.000000,0.000000,1570.314434,6.491872
42.340265,354.276638,-1643.007701,9052.464325,0.214590,0.108127,0.783500,-0.573021,-0.247790,0.133933,-0.000000,39.217706,-8.168000,8861.464325,-1.610870,5.093879,28.492369,8.571146,168669.054755,97.192983,-58.474812,0.000000,0.000000,0.000000,1666.085942,6.491592
42.689033,355.796356,-1650.484222,9046.180533,0.214590,0.108127,0.783500,-0.573021,-0.247790,0.133933,-0.000000,39.217638,-8.167983,8855.180533,-1.610870,5.093879,28.267986,7.944974,166002.434819,88.885536,-64.580284,-0.000000,0.000000,-0.000000,1825.554585,6.491320
43.037800,357.169953,-1657.309739,9039.196572,0.214590,0.108127,0.783500,-0.573021,-0.247790,0.133933,-0.000000,39.217577,-8.167967,8848.196572,-1.610870,5.093879,28.346768,7.384354,164806.097698,82.067243,-70.653981,-0.000000,-0.000000,0.000000,2002.812042,6.491199
43.386568,358.408665,-1663.534153,9031.557978,0.214590,0.108127,0.783500,-0.573021,-0.247790,0.133933,-0.000000,39.217521,-8.167952,8840.557978,-1.610870,5.093879,28.652423,6.868962,164752.052625,76.317759,-76.728365,0.000000,0.000000,0.000000,2198.453603,6.491193
43.735335,359.522073,-1669.200021,9023.310293,0.214590,0.108127,0.783500,-0.573021,-0.247790,0.133933,-0.000000,39.217470,-8.167939,8832.310293,-1.610870,5.093879,29.119368,6.386347,165554.844467,71.327983,-82.788319,0.000000,0.000000,0.000000,2410.743519,6.491274
44.084103,360.518412,-1674.343934,9014.498913,0.214590,0.108127,0.783500,-0.573021,-0.247790,0.133933,-0.000000,39.217424,-8.167928,8823.498913,-1.610870,5.093879,29.693488,5.929508,166973.370122,66.876598,-88.790060,-0.000000,-0.000000,0.000000,2636.486593,6.491418
44.638369,361.878788,-1681.524122,8999.446305,0.214590,0.108127,0.783500,-0.573021,-0.247790,0.133933,-0.000000,39.217360,-8.167912,8808.446305,-1.610870,5.093879,30.723394,5.248804,170018.452984,60.546667,-98.064096,0.000000,0.000000,0.000000,3012.861845,6.491732
45.192635,362.988211,-1687.584872,8983.258565,0.214590,0.108127,0.783500,-0.573021,-0.247790,0.133933,-0.000000,39.217305,-8.167899,8792.258565,-1.610870,5.093879,31.792532,4.620949,173525.379272,54.819037,-106.806417,0.000000,0.000000,0.000000,3395.646372,6.492100
45.746901,363.870720,-1692.633164,8966.100800,0.214590,0.108127,0.783500,-0.573021,-0.247790,0.133933,-0.000000,39.217260,-8.167889,8775.100800,-1.610870,5.093879,32.823365,4.046828,177094.160806,49.506503,-114.824187,-0.000000,-0.000000,0.000000,3768.916145,6.492483
46.301166,364.548255,-1696.766707,8948.124475,0.214590,0.108127,0.783500,-0.573021,-0.247790,0.133933,-0.000000,39.217223,-8.167881,8757.124475,-1.610870,5.093879,33.772657,3.528048,180481.838598,44.537391,-121.996137,0.000000,0.000000,0.000000,4120.133696,6.492853
46.855432,365.041407,-1700.077255,8929.465252,0.214590,0.108127,0.783500,-0.573021,-0.247790,0.133933,-0.000000,39.217193,-8.167875,8738.465252,-1.610870,5.093879,34.620166,3.064788,183556.388103,39.894807,-128.273350,-0.000000,-0.000000,0.000000,4440.844648,6.493195
47.409698,365.369436,-1702.650673,8910.241968,0.214590,0.108127,0.783500,-0.573021,-0.247790,0.133933,-0.000000,39.217170,-8.167872,8719.241968,-1.610870,5.093879,35.360352,2.655395,186260.801870,35.583675,-133.666307,0.000000,0.000000,0.000000,4726.487610,6.493501
48.269681,365.592918,-1705.368915,8879.533537,0.214590,0.108127,0.783500,-0.573021,-0.247790,0.133933,-0.000000,39.217145,-8.167869,8688.533537,-1.610870,5.093879,36.305837,2.118995,189712.691022,29.570423,-140.416209,0.000000,0.000000,0.000000,5097.927947,6.493898
49.129664,365.521423,-1706.769987,8848.016967,0.214590,0.108127,0.783500,-0.573021,-0.247790,0.133933,-0.000000,39.217133,-8.167870,8657.016967,-1.610870,5.093879,37.034057,1.688177,192340.441130,24.380729,-145.469832,0.000000,-0.000000,0.000000,5387.337999,6.494205
49.989646,365.206662,-1707.084672,8815.924035,0.214590,0.108127,0.783500,-0.573021,-0.247790,0.133933,-0.000000,39.217130,-8.167873,8624.924035,-1.610870,5.093879,37.585357,1.345077,194287.415039,19.979265,-149.167981,0.000000,0.000000,0.000000,5606.531862,6.494435
50.849629,364.692512,-1706.508830,8783.424845,0.214590,0.108127,0.783500,-0.573021,-0.247790,0.133933,-0.000000,39.217135,-8.167879,8592.424845,-1.610870,5.093879,37.998390,1.072863,195703.098247,16.297814,-151.829041,-0.000000,-0.000000,0.000000,5769.259085,6.494604
51.709612,364.015751,-1705.206677,8750.641366,0.214590,0.108127,0.783500,-0.573021,-0.247790,0.133933,-0.000000,39.217147,-8.167887,8559.641366,-1.610870,5.093879,38.305832,0.857053,196717.583052,13.250441,-153.718480,0.000000,0.000000,0.000000,5888.314205,6.494726
52.569594,363.206805,-1703.314072,8717.660419,0.214590,0.108127,0.783500,-0.573021,-0.247790,0.133933,-0.000000,39.217164,-8.167897,8526.660419,-1.610870,5.093879,38.533993,0.685772,197436.809736,10.747309,-155.046738,0.000000,-0.000000,0.000000,5974.569875,6.494813
53.458009,362.258811,-1700.857231,8683.446391,0.214590,0.108127,0.783500,-0.573021,-0.247790,0.133933,-0.000000,39.217186,-8.167908,8492.446391,-1.610870,5.093879,38.708043,0.545556,197956.555692,8.641914,-155.998936,0.000000,0.000000,0.000000,6038.413545,6.494875
54.346425,361.218869,-1697.989645,8649.133436,0.214590,0.108127,0.783500,-0.573021,-0.247790,0.133933,-0.000000,39.217212,-8.167920,8458.133436,-1.610870,5.093879,38.836064,0.434616,198315.389935,6.940773,-156.651371,0.000000,-0.000000,-0.000000,6083.722655,6.494919
55.234840,360.105107,-1694.792274,8614.753288,0.214590,0.108127,0.783500,-0.573021,-0.247790,0.133933,-0.000000,39.217240,-8.167933,8423.753288,-1.610870,5.093879,38.930429,0.346638,198561.420296,5.570327,-157.095639,0.000000,0.000000,0.000000,6115.800709,6.494949
56.123255,358.932141,-1691.330415,8580.327854,0.214590,0.108127,0.783500,-0.573021,-0.247790,0.133933,-0.000000,39.217271,-8.167946,8389.327854,-1.610870,5.093879,39.000304,0.276721,198729.522122,4.468598,-157.397219,0.000000,0.000000,0.000000,6138.539380,6.494969
57.011670,357.711725,-1687.656572,8545.871979,0.214590,0.108127,0.783500,-0.573021,-0.247790,0.133933,-0.000000,39.217304,-8.167960,8354.871979,-1.610870,5.093879,39.052333,0.221059,198844.163090,3.584189,-157.601609,0.000000,0.000000,0.000000,6154.710471,6.494983
58.064005,356.217504,-1683.087618,8505.032662,0.214590,0.108127,0.783500,-0.573021,-0.247790,0.133933,-0.000000,39.217345,-8.167978,8314.032662,-1.610870,5.093879,39.097271,0.169563,198933.266950,2.760760,-157.759519,0.000000,0.000000,0.000000,6167.966729,6.494994
59.116340,354.682220,-1678.335213,8464.175334,0.214590,0.108127,0.783500,-0.573021,-0.247790,0.133933,-0.000000,39.217388,-8.167996,8273.175334,-1.610870,5.093879,39.129452,0.130139,198989.738552,2.127491,-157.858931,-0.000000,0.000000,-0.000000,6176.933498,6.495001
60.168674,353.115440,-1673.442090,8423.306907,0.214590,0.108127,0.783500,-0.573021,-0.247790,0.133933,-0.000000,39.217432,-8.168014,8232.306907,-1.610870,5.093879,39.152789,0.099908,199025.990647,1.640590,-157.922273,-0.000000,0.000000,0.000000,6183.097433,6.495005
61.221009,351.524429,-1668.440708,8382.431317,0.214590,0.108127,0.783500,-0.573021,-0.247790,0.133933,-0.000000,39.217477,-8.168032,8191.431317,-1.610870,5.093879,39.169781,0.076719,199049.027859,1.266567,-157.962280,-0.000000,0.000000,0.000000,6187.347854,6.495008
62.318630,349.845170,-1663.135723,8339.791812,0.214590,0.108127,0.783500,-0.573021,-0.247790,0.133933,-0.000000,39.217525,-8.168052,8148.791812,-1.610870,5.093879,39.182696,0.058259,199064.174729,0.968792,-157.988430,0.000000,0.000000,0.000000,6190.412669,6.495010
63.416252,348.150519,-1657.761973,8297.149258,0.214590,0.108127,0.783500,-0.573021,-0.247790,0.133933,-0.000000,39.217573,-8.168071,8106.149258,-1.610870,5.093879,39.192164,0.044245,199073.912541,0.743048,-158.005111,-0.000000,0.000000,0.000000,6192.562195,6.495011
64.513874,346.444172,-1652.335964,8254.504747,0.214590,0.108127,0.783500,-0.573021,-0.247790,0.133933,-0.000000,39.217622,-8.168091,8063.504747,-1.610870,5.093879,39.199167,0.033604,199080.338531,0.572217,-158.016023,0.000000,0.000000,0.000000,6194.096401,6.495012
65.611495,344.728939,-1646.870254,8211.858929,0.214590,0.108127,0.783500,-0.573021,-0.247790,0.133933,-0.000000,39.217671,-8.168111,8020.858929,-1.610870,5.093879,39.204388,0.025524,199084.714926,0.443294,-158.023384,0.000000,-0.000000,0.000000,6195.210001,6.495013
67.508442,341.749561,-1637.356970,8138.155041,0.214590,0.108127,0.783500,-0.573021,-0.247790,0.133933,-0.000000,39.217756,-8.168145,7947.155041,-1.610870,5.093879,39.210574,0.015895,199089.746182,0.292048,-158.031724,-0.000000,-0.000000,0.000000,6196.514670,6.495013
69.405389,338.757669,-1627.787780,8064.449665,0.214590,0.108127,0.783500,-0.573021,-0.247790,0.133933,-0.000000,39.217842,-8.168180,7873.449665,-1.610870,5.093879,39.214576,0.009865,199093.558995,0.201232,-158.037918,0.000000,0.000000,0.000000,6197.389969,6.495014
71.302336,335.757876,-1618.183281,7990.743008,0.214590,0.108127,0.783500,-0.573021,-0.247790,0.133933,-0.000000,39.217929,-8.168215,7799.743008,-1.610870,5.093879,39.217168,0.006111,199096.449256,0.149198,-158.042565,0.000000,0.000000,0.000000,6197.981810,6.495014
73.199284,332.753092,-1608.556492,7917.035175,0.214590,0.108127,0.783500,-0.573021,-0.247790,0.133933,-0.000000,39.218015,-8.168250,7726.035175,-1.610870,5.093879,39.218837,0.003795,199098.586520,0.121261,-158.045982,0.000000,0.000000,0.000000,6198.379628,6.495014
75.393775,329.273253,-1597.402974,7831.764867,0.214590,0.108127,0.783500,-0.573021,-0.247790,0.133933,-0.000000,39.218115,-8.168290,7640.764867,-1.610870,5.093879,39.220193,0.002195,199101.099388,0.105506,-158.049983,0.000000,-0.000000,0.000000,6198.750828,6.495015
77.588267,325.791083,-1586.239045,7746.493573,0.214590,0.108127,0.783500,-0.573021,-0.247790,0.133933,-0.000000,39.218216,-8.168330,7555.493573,-1.610870,5.093879,39.221269,0.001264,199104.041033,0.098369,-158.054657,-0.000000,0.000000,0.000000,6199.104218,6.495015
79.782759,322.307521,-1575.068897,7661.221073,0.214590,0.108127,0.783500,-0.573021,-0.247790,0.133933,-0.000000,39.218316,-8.168371,7470.221073,-1.610870,5.093879,39.222100,0.000739,199106.837684,0.095140,-158.059100,0.000000,0.000000,0.000000,6199.409784,6.495015
81.977251,318.823148,-1563.895125,7575.947260,0.214590,0.108127,0.783500,-0.573021,-0.247790,0.133933,-0.000000,39.218416,-8.168411,7384.947260,-1.610870,5.093879,39.222722,0.000471,199109.207071,0.093624,-158.062862,0.000000,-0.000000,0.000000,6199.655693,6.495015
83.938450,315.708815,-1553.907533,7499.737841,0.214590,0.108127,0.783500,-0.573021,-0.247790,0.133933,-0.000000,39.218506,-8.168447,7308.737841,-1.610870,5.093879,39.223241,0.000353,199111.436198,0.092910,-158.066402,0.000000,-0.000000,0.000000,6199.876519,6.495016
89.766684,306.452904,-1524.222991,7273.255644,0.214590,0.108127,0.783500,-0.573021,-0.247790,0.133933,-0.000000,39.218773,-8.168555,7082.255644,-1.610870,5.093879,39.224737,0.000260,199118.496204,0.091971,-158.077612,-0.000000,0.000000,0.000000,6200.552810,6.495017
95.594919,297.196290,-1494.535315,7046.765434,0.214590,0.108127,0.783500,-0.573021,-0.247790,0.133933,-0.000000,39.219039,-8.168662,6855.765434,-1.610870,5.093879,39.226162,0.000250,199125.751001,0.091830,-158.089131,0.000000,0.000000,0.000000,6201.229941,6.495018
101.423153,287.939487,-1464.846792,6820.267106,0.214590,0.108127,0.783500,-0.573021,-0.247790,0.133933,-0.000000,39.219306,-8.168769,6629.267106,-1.610870,5.093879,39.227544,0.000241,199132.933453,0.091879,-158.100536,0.000000,0.000000,0.000000,6201.895735,6.495018
107.646289,278.055464,-1433.146630,6578.408443,0.214590,0.108127,0.783500,-0.573021,-0.247790,0.133933,-0.000000,39.219591,-8.168884,6387.408443,-1.610870,5.093879,39.229005,0.000239,199140.536941,0.091941,-158.112610,-0.000000,-0.000000,0.000000,6202.600358,6.495019
107.822891,277.774973,-1432.247035,6571.544902,0.214590,0.108127,0.783500,-0.573021,-0.247790,0.133933,-0.000000,39.219599,-8.168887,6380.544902,-1.610870,5.093879,39.229046,0.000239,199140.752696,0.091943,-158.112952,0.000000,0.000000,0.000000,6202.620354,6.495019
107.999493,277.494481,-1431.347439,6564.681355,0.214590,0.108127,0.783500,-0.573021,-0.247790,0.133933,-0.000000,39.219607,-8.168890,6373.681355,-1.610870,5.093879,39.229088,0.000239,199140.968433,0.091944,-158.113295,-0.000000,0.000000,0.000000,6202.640351,6.495019
108.352697,276.933633,-1429.548291,6550.954440,0.214590,0.108127,0.783500,-0.573021,-0.247790,0.133933,-0.000000,39.219623,-8.168897,6359.954440,-1.600646,5.090641,39.228296,0.004174,199199.080422,0.054176,-158.171573,0.000000,-0.000000,0.000000,6204.801368,6.495017
108.705901,276.373481,-1427.749365,6537.228504,0.214590,0.108127,0.783500,-0.573021,-0.247790,0.133933,-0.000000,39.219639,-8.168903,6346.228504,-1.563910,5.079005,39.224191,0.019345,199401.657540,0.102591,-158.371134,0.000000,0.000000,0.000000,6211.979542,6.495010
109.059105,275.814823,-1425.950914,6523.504646,0.214590,0.108127,0.783500,-0.573021,-0.247790,0.133933,-0.000000,39.219655,-8.168910,6332.504646,-1.527179,5.067371,39.216383,0.032701,199586.049105,0.234789,-158.541928,-0.000000,-0.000000,0.000000,6217.441006,6.495000
109.555640,275.033932,-1423.424063,6504.217586,0.214590,0.108127,0.783500,-0.573021,-0.247790,0.133933,-0.000000,39.219678,-8.168919,6313.217586,-1.475558,5.051022,39.199804,0.048682,199817.655063,0.405079,-158.738426,0.000000,0.000000,0.000000,6222.515214,6.494983
110.052175,274.260119,-1420.899458,6484.939665,0.214590,0.108127,0.783500,-0.573021,-0.247790,0.133933,-0.000000,39.219701,-8.168928,6293.939665,-1.423962,5.034680,39.177692,0.061859,200021.845719,0.556337,-158.891740,0.000000,0.000000,0.000000,6225.011575,6.494963
110.548711,273.495482,-1418.377762,6465.673104,0.214590,0.108127,0.783500,-0.573021,-0.247790,0.133933,-0.000000,39.219723,-8.168937,6274.673104,-1.372396,5.018348,39.151153,0.072735,200203.939893,0.690146,-159.010390,0.000000,0.000000,0.000000,6225.440025,6.494940
111.526595,272.022589,-1413.421960,6427.767944,0.214590,0.108127,0.783500,-0.573021,-0.247790,0.133933,-0.000000,39.219768,-8.168954,6236.767944,-1.270945,4.986215,39.088912,0.088789,200512.070895,0.908585,-159.165372,0.000000,-0.000000,0.000000,6221.601248,6.494889
112.504479,270.604346,-1408.483487,6389.922999,0.214590,0.108127,0.783500,-0.573021,-0.247790,0.133933,-0.000000,39.219812,-8.168970,6198.922999,-1.169656,4.954134,39.018243,0.099902,200776.297732,1.078137,-159.252908,0.000000,0.000000,0.000000,6213.768680,6.494834
113.482363,269.251707,-1403.565812,6352.145353,0.214590,0.108127,0.783500,-0.573021,-0.247790,0.133933,-0.000000,39.219857,-8.168986,6161.145353,-1.068546,4.922110,38.943190,0.107915,201015.963664,1.210249,-159.303921,0.000000,-0.000000,0.000000,6203.802843,6.494777
114.460247,267.972350,-1398.671371,6314.438118,0.214590,0.108127,0.783500,-0.573021,-0.247790,0.133933,-0.000000,39.219900,-8.169001,6123.438118,-0.967625,4.890146,38.865808,0.113809,201240.644399,1.313218,-159.333699,0.000000,-0.000000,0.000000,6192.632914,6.494719
115.438131,266.771923,-1393.801952,6276.802540,0.214590,0.108127,0.783500,-0.573021,-0.247790,0.133933,-0.000000,39.219944,-8.169015,6085.802540,-0.866896,4.858242,38.787180,0.118154,201455.201385,1.393269,-159.349985,0.000000,-0.000000,0.000000,6180.736516,6.494660
116.416016,265.654766,-1388.958932,6239.239106,0.214590,0.108127,0.783500,-0.573021,-0.247790,0.133933,-0.000000,39.219988,-8.169028,6048.239106,-0.766359,4.826400,38.707968,0.121336,201662.517844,1.455257,-159.357345,0.000000,0.000000,0.000000,6168.399050,6.494601
117.393900,264.624269,-1384.143383,6201.747961,0.214590,0.108127,0.783500,-0.573021,-0.247790,0.133933,-0.000000,39.220031,-8.169040,6010.747961,-0.666017,4.794618,38.628630,0.123641,201864.562482,1.503034,-159.358878,0.000000,0.000000,0.000000,6155.815068,6.494543
118.632986,263.446900,-1378.082255,6154.346223,0.214590,0.108127,0.783500,-0.573021,-0.247790,0.133933,-0.000000,39.220085,-8.169053,5963.346223,-0.539149,4.754436,38.528379,0.125620,202114.974045,1.547699,-159.355527,-0.000000,-0.000000,0.000000,6139.710141,6.494469
119.872073,262.416869,-1372.067832,6107.059920,0.214590,0.108127,0.783500,-0.573021,-0.247790,0.133933,-0.000000,39.220139,-8.169065,5916.059920,-0.412590,4.714351,38.428863,0.126859,202360.944221,1.579175,-159.349070,0.000000,0.000000,0.000000,6123.603600,6.494396
121.111159,261.537099,-1366.101043,6059.888287,0.214590,0.108127,0.783500,-0.573021,-0.247790,0.133933,-0.000000,39.220193,-8.169075,5868.888287,-0.286338,4.674364,38.330343,0.127585,202603.578105,1.601081,-159.341179,0.000000,-0.000000,0.000000,6107.601955,6.494324
122.350245,260.809574,-1360.182514,6012.830383,0.214590,0.108127,0.783500,-0.573021,-0.247790,0.133933,-0.000000,39.220246,-8.169084,5821.830383,-0.160390,4.634473,38.232953,0.127951,202843.444002,1.616026,-159.332678,0.000000,0.000000,0.000000,6091.758854,6.494252
123.992556,260.082207,-1352.413072,5950.632394,0.214590,0.108127,0.783500,-0.573021,-0.247790,0.133933,-0.000000,39.220316,-8.169092,5759.632394,0.006079,4.581748,38.105736,0.128062,203157.620131,1.628377,-159.321175,0.000000,-0.000000,0.000000,6071.050631,6.494159
125.634867,259.626567,-1344.729764,5888.629950,0.214590,0.108127,0.783500,-0.573021,-0.247790,0.133933,-0.000000,39.220385,-8.169098,5697.629950,0.172025,4.529188,37.980697,0.127893,203467.786843,1.635001,-159.309681,0.000000,0.000000,0.000000,6050.692729,6.494067
127.277177,259.443245,-1337.132777,5826.820563,0.214590,0.108127,0.783500,-0.573021,-0.247790,0.133933,-0.000000,39.220453,-8.169100,5635.820563,0.337454,4.476793,37.857825,0.127519,203773.965505,1.637561,-159.298101,0.000000,0.000000,0.000000,6030.679672,6.493977
128.919488,259.532433,-1329.622213,5765.201853,0.214590,0.108127,0.783500,-0.573021,-0.247790,0.133933,-0.000000,39.220521,-8.169099,5574.201853,0.502320,4.424253,37.737111,0.127019,204076.630999,1.637453,-159.286701,0.000000,0.000000,0.000000,6011.019861,6.493888
129.247950,259.582922,-1328.130762,5752.900833,0.214590,0.108127,0.783500,-0.573021,-0.247790,0.133933,-0.000000,39.220534,-8.169098,5561.900833,0.531190,4.390013,37.712864,0.128264,204164.222434,1.655114,-159.299834,-0.000000,0.000000,0.000000,6007.652981,6.493870
129.824878,259.697656,-1325.521505,5731.313159,0.214590,0.108127,0.783500,-0.573021,-0.247790,0.133933,-0.000000,39.220558,-8.169097,5540.313159,0.581854,4.329924,37.669456,0.130684,204314.563126,1.694015,-159.317993,-0.000000,0.000000,0.000000,6001.422058,6.493840
130.401807,259.845182,-1322.927895,5709.749313,0.214590,0.108127,0.783500,-0.573021,-0.247790,0.133933,-0.000000,39.220581,-8.169095,5518.749313,0.632462,4.269901,37.625034,0.133145,204460.606554,1.737452,-159.330236,0.000000,-0.000000,0.000000,5994.805605,6.493809
130.978735,260.025029,-1320.352609,5688.209531,0.214590,0.108127,0.783500,-0.573021,-0.247790,0.133933,-0.000000,39.220604,-8.169093,5497.209531,0.683014,4.209945,37.579872,0.135513,204603.285246,1.781548,-159.338063,-0.000000,-0.000000,0.000000,5987.903980,6.493778
132.075788,260.454859,-1315.513480,5647.317591,0.214590,0.108127,0.783500,-0.573021,-0.247790,0.133933,-0.000000,39.220648,-8.169088,5456.317591,0.778984,4.096122,37.492627,0.139483,204867.521701,1.859333,-159.344312,0.000000,0.000000,0.000000,5974.236898,6.493719
133.172842,260.997613,-1310.762355,5606.513717,0.214590,0.108127,0.783500,-0.573021,-0.247790,0.133933,-0.000000,39.220690,-8.169082,5415.513717,0.874747,3.982545,37.404626,0.142714,205125.810542,1.925122,-159.344481,0.000000,0.000000,0.000000,5960.220658,6.493661
134.269895,261.651561,-1306.108220,5565.797676,0.214590,0.108127,0.783500,-0.573021,-0.247790,0.133933,-0.000000,39.220732,-8.169074,5374.797676,0.970304,3.869212,37.316466,0.145197,205379.677828,1.977604,-159.340961,-0.000000,0.000000,0.000000,5946.041516,6.493603
135.366948,262.415302,-1301.558001,5525.168968,0.214590,0.108127,0.783500,-0.573021,-0.247790,0.133933,-0.000000,39.220773,-8.169065,5334.168968,1.065655,3.756122,37.228541,0.147013,205629.960617,2.017952,-159.335028,-0.000000,0.000000,0.000000,5931.810589,6.493545
137.409144,264.125746,-1293.381350,5449.768340,0.214590,0.108127,0.783500,-0.573021,-0.247790,0.133933,-0.000000,39.220846,-8.169045,5258.768340,1.242614,3.546245,37.066563,0.149049,206089.087219,2.067475,-159.321693,0.000000,0.000000,0.000000,5905.507526,6.493439
139.451339,266.207276,-1285.605582,5374.664624,0.214590,0.108127,0.783500,-0.573021,-0.247790,0.133933,-0.000000,39.220916,-8.169021,5183.664624,1.418875,3.337194,36.907783,0.149949,206541.566360,2.094507,-159.308450,-0.000000,0.000000,0.000000,5879.721695,6.493335
141.493535,268.656236,-1278.242220,5299.852911,0.214590,0.108127,0.783500,-0.573021,-0.247790,0.133933,-0.000000,39.220982,-8.168993,5108.852911,1.594451,3.128956,36.752502,0.150092,206987.090648,2.107179,-159.294512,0.000000,-0.000000,0.000000,5854.471938,6.493234
143.535730,271.469854,-1271.297471,5225.328502,0.214590,0.108127,0.783500,-0.573021,-0.247790,0.133933,-0.000000,39.221045,-8.168960,5034.328502,1.769353,2.921518,36.600864,0.149739,207425.471437,2.110931,-159.279313,0.000000,0.000000,0.000000,5829.760468,6.493134
145.715046,274.871826,-1264.352084,5146.112201,0.214590,0.108127,0.783500,-0.573021,-0.247790,0.133933,-0.000000,39.221107,-8.168921,4955.112201,1.955267,2.701020,36.443447,0.149112,207887.068853,2.109571,-159.263970,0.000000,0.000000,0.000000,5804.127984,6.493029
147.894362,278.684209,-1257.888400,5067.213488,0.214590,0.108127,0.783500,-0.573021,-0.247790,0.133933,-0.000000,39.221165,-8.168877,4876.213488,2.140434,2.481406,36.290702,0.148357,208343.004296,2.104751,-159.250428,-0.000000,-0.000000,0.000000,5779.309787,6.492927
148.439191,279.701216,-1256.347835,5047.537900,0.214590,0.108127,0.783500,-0.573021,-0.247790,0.133933,-0.000000,39.221179,-8.168865,4856.537900,2.186611,2.426639,36.253231,0.148156,208456.034629,2.103231,-159.247187,0.000000,0.000000,0.000000,5773.225100,6.492902
148.984020,280.743192,-1254.837362,5027.881762,0.214590,0.108127,0.783500,-0.573021,-0.247790,0.133933,-0.000000,39.221193,-8.168853,4836.881762,2.207360,2.375196,36.215840,0.143941,208581.699279,2.027625,-159.250996,0.000000,-0.000000,0.000000,5767.408555,6.492877
149.528849,281.807887,-1253.356635,5008.245164,0.214590,0.108127,0.783500,-0.573021,-0.247790,0.133933,-0.000000,39.221206,-8.168840,4817.245164,2.183047,2.329608,36.178018,0.134063,208729.491612,1.845263,-159.265952,-0.000000,0.000000,0.000000,5761.926395,6.492852
150.231356,283.208595,-1251.490532,4982.954615,0.214590,0.108127,0.783500,-0.573021,-0.247790,0.133933,-0.000000,39.221223,-8.168824,4791.954615,2.151733,2.270894,36.128295,0.124955,208916.080148,1.676034,-159.279233,-0.000000,0.000000,0.000000,5754.487082,6.492820
150.933864,284.631194,-1249.671792,4957.697210,0.214590,0.108127,0.783500,-0.573021,-0.247790,0.133933,-0.000000,39.221239,-8.168808,4766.697210,2.120460,2.212256,36.077689,0.119080,209098.777839,1.568250,-159.286999,0.000000,0.000000,0.000000,5746.706866,6.492787
151.636372,286.067613,-1247.899341,4932.473227,0.214590,0.108127,0.783500,-0.573021,-0.247790,0.133933,-0.000000,39.221255,-8.168791,4741.473227,2.089229,2.153696,36.026562,0.115460,209278.737906,1.504656,-159.291303,0.000000,0.000000,0.000000,5738.717964,6.492755
152.338880,287.511678,-1246.172343,4907.282743,0.214590,0.108127,0.783500,-0.573021,-0.247790,0.133933,-0.000000,39.221270,-8.168774,4716.282743,2.058039,2.095214,35.975096,0.113381,209456.452403,1.471881,-159.293072,-0.000000,0.000000,0.000000,5730.583578,6.492723
153.074468,289.026060,-1244.411930,4880.941969,0.214590,0.108127,0.783500,-0.573021,-0.247790,0.133933,-0.000000,39.221286,-8.168757,4689.941969,2.025425,2.034062,35.921005,0.112271,209640.526243,1.458964,-159.292938,0.000000,-0.000000,0.000000,5721.962461,6.492689
153.810056,290.538544,-1242.699925,4854.637857,0.214590,0.108127,0.783500,-0.573021,-0.247790,0.133933,-0.000000,39.221302,-8.168739,4663.637857,1.992856,1.972994,35.866828,0.111828,209822.852120,1.459196,-159.291320,-0.000000,0.000000,0.000000,5713.274380,6.492655
154.545643,292.045053,-1241.035746,4828.370321,0.214590,0.108127,0.783500,-0.573021,-0.247790,0.133933,-0.000000,39.221317,-8.168722,4637.370321,1.960333,1.912011,35.812676,0.111762,210003.718267,1.466488,-159.288707,0.000000,0.000000,0.000000,5704.554778,6.492622
155.859391,294.711711,-1238.181195,4781.547533,0.214590,0.108127,0.783500,-0.573021,-0.247790,0.133933,-0.000000,39.221342,-8.168691,4590.547533,1.902358,1.803308,35.716248,0.112030,210323.638659,1.485728,-159.282445,0.000000,-0.000000,0.000000,5688.971361,6.492563
157.173139,297.333646,-1235.475346,4734.840105,0.214590,0.108127,0.783500,-0.573021,-0.247790,0.133933,-0.000000,39.221366,-8.168660,4543.840105,1.844527,1.694872,35.620522,0.112402,210640.372762,1.505084,-159.275373,0.000000,0.000000,0.000000,5673.471902,6.492504
158.486887,299.901728,-1232.916664,4688.247006,0.214590,0.108127,0.783500,-0.573021,-0.247790,0.133933,-0.000000,39.221389,-8.168630,4497.247006,1.786837,1.586702,35.525665,0.112664,210954.188018,1.520757,-159.267883,-0.000000,0.000000,0.000000,5658.097440,6.492447
159.800636,302.409427,-1230.503935,4641.767131,0.214590,0.108127,0.783500,-0.573021,-0.247790,0.133933,-0.000000,39.221411,-8.168601,4450.767131,1.729287,1.478795,35.431778,0.112757,211265.191354,1.532008,-159.260092,0.000000,0.000000,0.000000,5642.868219,6.492390
161.769009,306.043445,-1227.160000,4572.336483,0.214590,0.108127,0.783500,-0.573021,-0.247790,0.133933,-0.000000,39.221441,-8.168559,4381.336483,1.643321,1.317605,35.293124,0.112619,211726.419944,1.541874,-159.248519,0.000000,0.000000,0.000000,5620.377753,6.492306
163.737383,309.520624,-1224.138864,4503.154097,0.214590,0.108127,0.783500,-0.573021,-0.247790,0.133933,-0.000000,39.221468,-8.168519,4312.154097,1.557662,1.156991,35.157031,0.112257,212182.336619,1.545895,-159.237463,0.000000,0.000000,0.000000,5598.316383,6.492223
165.705757,312.835812,-1221.438596,4434.216365,0.214590,0.108127,0.783500,-0.573021,-0.247790,0.133933,-0.000000,39.221493,-8.168480,4243.216365,1.472306,0.996946,35.023512,0.111737,212632.900117,1.546036,-159.226674,-0.000000,-0.000000,0.000000,5576.677269,6.492142
167.674131,315.986066,-1219.057565,4365.519783,0.214590,0.108127,0.783500,-0.573021,-0.247790,0.133933,-0.000000,39.221514,-8.168444,4174.519783,1.387248,0.837460,34.892554,0.111117,213078.098221,1.543765,-159.215960,-0.000000,0.000000,0.000000,5555.451519,6.492062
168.195128,316.791744,-1218.480392,4347.376857,0.214590,0.108127,0.783500,-0.573021,-0.247790,0.133933,-0.000000,39.221519,-8.168435,4156.376857,1.349558,0.805362,34.858202,0.110878,213204.634658,1.541002,-159.219591,0.000000,0.000000,0.000000,5550.108713,6.492041
168.716126,317.584380,-1217.924566,4329.250668,0.214590,0.108127,0.783500,-0.573021,-0.247790,0.133933,-0.000000,39.221524,-8.168425,4138.250668,1.295474,0.784109,34.823675,0.111153,213340.132096,1.547732,-159.228589,-0.000000,-0.000000,0.000000,5544.924594,6.492021
169.237123,318.362212,-1217.388919,4311.141299,0.214590,0.108127,0.783500,-0.573021,-0.247790,0.133933,-0.000000,39.221529,-8.168416,4120.141299,1.241440,0.762875,34.788907,0.111952,213473.308578,1.565289,-159.234609,0.000000,0.000000,0.000000,5539.598074,6.492000
169.992638,319.459989,-1216.645415,4284.910384,0.214590,0.108127,0.783500,-0.573021,-0.247790,0.133933,-0.000000,39.221536,-8.168404,4093.910384,1.163172,0.732118,34.738266,0.113588,213663.238905,1.600606,-159.239526,0.000000,0.000000,0.000000,5531.704947,6.491969
170.748152,320.518135,-1215.938657,4258.715155,0.214590,0.108127,0.783500,-0.573021,-0.247790,0.133933,-0.000000,39.221542,-8.168391,4067.715155,1.085012,0.701403,34.687545,0.115402,213850.234710,1.639554,-159.241271,0.000000,-0.000000,0.000000,5523.688706,6.491939
171.503667,321.532821,-1215.266061,4232.555642,0.214590,0.108127,0.783500,-0.573021,-0.247790,0.133933,-0.000000,39.221548,-8.168380,4041.555642,1.006958,0.670730,34.636907,0.117154,214035.020179,1.677172,-159.240972,0.000000,0.000000,0.000000,5515.614775,6.491908
172.834797,323.206719,-1214.158602,4186.552306,0.214590,0.108127,0.783500,-0.573021,-0.247790,0.133933,-0.000000,39.221558,-8.168360,3995.552306,0.869695,0.616789,34.548181,0.119735,214356.404918,1.733317,-159.237312,-0.000000,-0.000000,0.000000,5501.359452,6.491855
174.165927,324.723037,-1213.141643,4140.659057,0.214590,0.108127,0.783500,-0.573021,-0.247790,0.133933,-0.000000,39.221567,-8.168343,3949.659057,0.732760,0.562978,34.460462,0.121656,214674.129932,1.775986,-159.232145,0.000000,0.000000,0.000000,5487.213220,6.491803
175.497057,326.074107,-1212.209716,4094.874973,0.214590,0.108127,0.783500,-0.573021,-0.247790,0.133933,-0.000000,39.221575,-8.168327,3903.874973,0.596150,0.509294,34.373898,0.122951,214988.687671,1.806243,-159.226157,0.000000,0.000000,0.000000,5473.223646,6.491751
176.828187,327.254637,-1211.358890,4049.199012,0.214590,0.108127,0.783500,-0.573021,-0.247790,0.133933,-0.000000,39.221583,-8.168313,3858.199012,0.459864,0.455737,34.288547,0.123724,215300.198217,1.826474,-159.219462,0.000000,-0.000000,0.000000,5459.404021,6.491700
178.677124,328.604389,-1210.306173,3985.932860,0.214590,0.108127,0.783500,-0.573021,-0.247790,0.133933,-0.000000,39.221593,-8.168298,3794.932860,0.271092,0.381555,34.172177,0.124199,215728.681668,1.842855,-159.210116,0.000000,-0.000000,0.000000,5440.556329,6.491630
180.526060,329.611391,-1209.398806,3922.870937,0.214590,0.108127,0.783500,-0.573021,-0.247790,0.133933,-0.000000,39.221601,-8.168286,3731.870937,0.082930,0.307613,34.058440,0.124244,216152.840157,1.850504,-159.201383,-0.000000,0.000000,0.000000,5422.150794,6.491560
182.374997,330.272845,-1208.633719,3860.010506,0.214590,0.108127,0.783500,-0.573021,-0.247790,0.133933,-0.000000,39.221608,-8.168278,3669.010506,-0.104631,0.233906,33.947289,0.124006,216572.491721,1.852610,-159.192836,-0.000000,0.000000,0.000000,5404.165225,6.491492
184.223934,330.587406,-1208.008809,3797.348916,0.214590,0.108127,0.783500,-0.573021,-0.247790,0.133933,-0.000000,39.221613,-8.168275,3606.348916,-0.291599,0.160433,33.838673,0.123589,216987.500483,1.851336,-159.184130,0.000000,0.000000,0.000000,5386.579813,6.491426
186.231820,330.535631,-1207.487102,3729.522532,0.214590,0.108127,0.783500,-0.573021,-0.247790,0.133933,-0.000000,39.221618,-8.168275,3538.522532,-0.493977,0.080904,33.723623,0.123038,217433.396237,1.847872,-159.175030,0.000000,0.000000,0.000000,5367.958632,6.491354
186.733792,330.459070,-1207.381791,3712.601882,0.214590,0.108127,0.783500,-0.573021,-0.247790,0.133933,-0.000000,39.221619,-8.168276,3521.601882,-0.524924,0.077837,33.695159,0.117447,217569.579676,1.740710,-159.184648,0.000000,0.000000,0.000000,5363.751956,6.491337
187.235763,330.358566,-1207.285194,3695.695686,0.214590,0.108127,0.783500,-0.573021,-0.247790,0.133933,-0.000000,39.221620,-8.168277,3504.695686,-0.536595,0.091298,33.666374,0.107651,217728.863377,1.546019,-159.203137,0.000000,0.000000,0.000000,5359.792269,6.491319
187.737735,330.236182,-1207.195539,3678.804139,0.214590,0.108127,0.783500,-0.573021,-0.247790,0.133933,-0.000000,39.221621,-8.168279,3487.804139,-0.548255,0.104747,33.637171,0.099678,217884.700436,1.381385,-159.216634,-0.000000,0.000000,0.000000,5355.597210,6.491302
188.502613,330.012690,-1207.067923,3653.094293,0.214590,0.108127,0.783500,-0.573021,-0.247790,0.133933,-0.000000,39.221622,-8.168281,3462.094293,-0.566003,0.125216,33.592141,0.090388,218117.118657,1.179379,-159.230217,-0.000000,-0.000000,0.000000,5348.883975,6.491275
189.267491,329.749684,-1206.946725,3627.419371,0.214590,0.108127,0.783500,-0.573021,-0.247790,0.133933,-0.000000,39.221623,-8.168284,3436.419371,-0.583726,0.145658,33.546716,0.083811,218344.917074,1.026727,-159.237777,0.000000,0.000000,0.000000,5341.904531,6.491248
190.032370,329.452362,-1206.827487,3601.779635,0.214590,0.108127,0.783500,-0.573021,-0.247790,0.133933,-0.000000,39.221624,-8.168288,3410.779635,-0.601426,0.166072,33.501118,0.079219,218569.397696,0.913325,-159.241424,-0.000000,-0.000000,0.000000,5334.765678,6.491221
191.277265,328.904419,-1206.629618,3560.124500,0.214590,0.108127,0.783500,-0.573021,-0.247790,0.133933,-0.000000,39.221626,-8.168294,3369.124500,-0.630180,0.199238,33.426841,0.074578,218929.458536,0.792047,-159.241930,-0.000000,0.000000,0.000000,5322.954695,6.491178
192.522161,328.290784,-1206.415412,3518.562771,0.214590,0.108127,0.783500,-0.573021,-0.247790,0.133933,-0.000000,39.221628,-8.168301,3327.562771,-0.658871,0.232329,33.352909,0.071975,219285.395556,0.721219,-159.239526,-0.000000,0.000000,0.000000,5311.101349,6.491134
193.767056,327.619956,-1206.177687,3477.093881,0.214590,0.108127,0.783500,-0.573021,-0.247790,0.133933,-0.000000,39.221630,-8.168309,3286.093881,-0.687497,0.265345,33.279446,0.070437,219637.893080,0.681068,-159.235333,-0.000000,-0.000000,0.000000,5299.263630,6.491092
195.011951,326.898118,-1205.911262,3435.717090,0.214590,0.108127,0.783500,-0.573021,-0.247790,0.133933,-0.000000,39.221632,-8.168317,3244.717090,-0.716060,0.298289,33.206497,0.069416,219987.165932,0.658434,-159.229712,0.000000,0.000000,0.000000,5287.460872,6.491049
196.909190,325.710150,-1205.441562,3372.833952,0.214590,0.108127,0.783500,-0.573021,-0.247790,0.133933,-0.000000,39.221636,-8.168331,3181.833952,-0.759469,0.348356,33.096542,0.068334,220514.726571,0.640637,-159.220530,0.000000,-0.000000,0.000000,5269.648885,6.490985
198.806429,324.425391,-1204.887433,3310.160706,0.214590,0.108127,0.783500,-0.573021,-0.247790,0.133933,-0.000000,39.221641,-8.168346,3119.160706,-0.802732,0.398255,32.988199,0.067522,221037.525265,0.631738,-159.211924,0.000000,0.000000,0.000000,5252.114565,6.490922
200.703667,323.049497,-1204.244569,3247.694441,0.214590,0.108127,0.783500,-0.573021,-0.247790,0.133933,-0.000000,39.221647,-8.168362,3056.694441,-0.845853,0.447990,32.881379,0.066789,221555.152064,0.626573,-159.203193,-0.000000,-0.000000,0.000000,5234.820572,6.490861
202.600906,321.586050,-1203.510451,3185.432331,0.214590,0.108127,0.783500,-0.573021,-0.247790,0.133933,-0.000000,39.221654,-8.168379,2994.432331,-0.888833,0.497562,32.776005,0.066050,222067.291601,0.623041,-159.193765,0.000000,0.000000,0.000000,5217.735670,6.490800
204.565058,319.982799,-1202.654257,3121.186620,0.214590,0.108127,0.783500,-0.573021,-0.247790,0.133933,-0.000000,39.221661,-8.168398,2930.186620,-0.926570,0.540743,32.668416,0.064149,222593.058002,0.581785,-159.185710,0.000000,0.000000,0.000000,5200.345002,6.490738
205.056096,319.568873,-1202.425790,3105.158749,0.214590,0.108127,0.783500,-0.573021,-0.247790,0.133933,-0.000000,39.221663,-8.168402,2914.158749,-0.913411,0.524302,32.641600,0.059738,222725.863403,0.416240,-159.188973,0.000000,0.000000,0.000000,5196.182823,6.490722
205.547134,319.151298,-1202.193384,3089.144247,0.214590,0.108127,0.783500,-0.573021,-0.247790,0.133933,-0.000000,39.221665,-8.168407,2898.144247,-0.900262,0.507875,32.614603,0.057112,222857.620733,0.275176,-159.191001,-0.000000,0.000000,0.000000,5191.951226,6.490707
206.038171,318.731393,-1201.958607,3073.143132,0.214590,0.108127,0.783500,-0.573021,-0.247790,0.133933,-0.000000,39.221668,-8.168412,2882.143132,-0.887124,0.491461,32.587468,0.055849,222988.458104,0.158953,-159.192043,-0.000000,0.000000,0.000000,5187.665565,6.490691
206.960553,317.940787,-1201.516484,3043.122320,0.214590,0.108127,0.783500,-0.573021,-0.247790,0.133933,-0.000000,39.221672,-8.168421,2852.122320,-0.862475,0.460667,32.536274,0.055836,223232.179535,0.092209,-159.192114,0.000000,0.000000,0.000000,5179.518242,6.490662
207.882934,317.152473,-1201.078504,3013.148684,0.214590,0.108127,0.783500,-0.573021,-0.247790,0.133933,-0.000000,39.221675,-8.168430,2822.148684,-0.837865,0.429921,32.484938,0.057324,223473.623252,0.210505,-159.190437,0.000000,0.000000,0.000000,5171.291425,6.490633
208.805315,316.371489,-1200.650662,2983.222081,0.214590,0.108127,0.783500,-0.573021,-0.247790,0.133933,-0.000000,39.221679,-8.168439,2792.222081,-0.813293,0.399224,32.433615,0.059216,223713.242087,0.314865,-159.187755,0.000000,0.000000,0.000000,5163.034314,6.490604
210.231035,315.186380,-1200.018368,2937.056788,0.214590,0.108127,0.783500,-0.573021,-0.247790,0.133933,-0.000000,39.221685,-8.168453,2746.056788,-0.775389,0.351869,32.354524,0.061822,224080.567905,0.429227,-159.182492,0.000000,0.000000,0.000000,5150.273805,6.490560
211.656754,314.038347,-1199.433561,2891.002430,0.214590,0.108127,0.783500,-0.573021,-0.247790,0.133933,-0.000000,39.221690,-8.168467,2700.002430,-0.737575,0.304629,32.275982,0.063781,224444.903115,0.505453,-159.176894,-0.000000,0.000000,0.000000,5137.590506,6.490516
213.082473,312.932835,-1198.902710,2845.057979,0.214590,0.108127,0.783500,-0.573021,-0.247790,0.133933,-0.000000,39.221695,-8.168479,2654.057979,-0.699852,0.257501,32.198081,0.065059,224806.345194,0.555126,-159.171065,0.000000,0.000000,0.000000,5125.002826,6.490473
214.508193,311.873484,-1198.430138,2799.222368,0.214590,0.108127,0.783500,-0.573021,-0.247790,0.133933,-0.000000,39.221699,-8.168492,2608.222368,-0.662219,0.210484,32.120866,0.065764,225164.885199,0.586506,-159.164943,-0.000000,-0.000000,0.000000,5112.515813,6.490430
216.320802,310.597888,-1197.918903,2741.104010,0.214590,0.108127,0.783500,-0.573021,-0.247790,0.133933,-0.000000,39.221704,-8.168506,2550.104010,-0.614500,0.150869,32.023797,0.066149,225616.985452,0.610805,-159.157278,0.000000,-0.000000,0.000000,5096.820283,6.490376
218.133412,309.404403,-1197.510757,2683.157944,0.214590,0.108127,0.783500,-0.573021,-0.247790,0.133933,-0.000000,39.221708,-8.168520,2492.157944,-0.566923,0.091430,31.928000,0.066140,226065.144142,0.623509,-159.149982,0.000000,0.000000,0.000000,5081.340705,6.490324
219.946022,308.295027,-1197.208061,2625.382113,0.214590,0.108127,0.783500,-0.573021,-0.247790,0.133933,-0.000000,39.221710,-8.168533,2434.382113,-0.519485,0.032166,31.833479,0.065910,226509.397180,0.629806,-159.142995,0.000000,0.000000,0.000000,5066.075172,6.490272
221.628408,307.341556,-1197.022574,2571.907640,0.214590,0.108127,0.783500,-0.573021,-0.247790,0.133933,-0.000000,39.221712,-8.168544,2380.907640,-0.475580,-0.022686,31.746868,0.065589,226918.196064,0.632617,-159.136635,-0.000000,-0.000000,0.000000,5052.089764,6.490224
222.651701,306.795963,-1196.952576,2539.452829,0.214590,0.108127,0.783500,-0.573021,-0.247790,0.133933,-0.000000,39.221713,-8.168551,2348.452829,-0.469799,-0.027546,31.694504,0.060257,227179.313490,0.480236,-159.141978,0.000000,0.000000,0.000000,5043.926026,6.490195
223.674993,306.271825,-1196.908801,2507.051226,0.214590,0.108127,0.783500,-0.573021,-0.247790,0.133933,-0.000000,39.221713,-8.168557,2316.051226,-0.470194,-0.023998,31.642092,0.055818,227440.430578,0.324156,-159.145718,-0.000000,-0.000000,0.000000,5035.703378,6.490166
224.698286,305.763919,-1196.884128,2474.702877,0.214590,0.108127,0.783500,-0.573021,-0.247790,0.133933,-0.000000,39.221713,-8.168562,2283.702877,-0.470587,-0.020456,31.589719,0.053270,227697.562922,0.211706,-159.145513,0.000000,0.000000,0.000000,5027.361958,6.490138
225.721592,305.267458,-1196.872041,2442.407372,0.214590,0.108127,0.783500,-0.573021,-0.247790,0.133933,-0.000000,39.221713,-8.168568,2251.407372,-0.470980,-0.016920,31.537568,0.051794,227952.184424,0.130952,-159.143519,0.000000,0.000000,0.000000,5018.999568,6.490109
226.744898,304.779093,-1196.867968,2410.164979,0.214590,0.108127,0.783500,-0.573021,-0.247790,0.133933,-0.000000,39.221713,-8.168574,2219.164979,-0.471373,-0.013390,31.485727,0.050908,228205.038178,0.074305,-159.140823,-0.000000,0.000000,0.000000,5010.664533,6.490081
227.768204,304.296498,-1196.868742,2377.975407,0.214590,0.108127,0.783500,-0.573021,-0.247790,0.133933,-0.000000,39.221713,-8.168580,2186.975407,-0.471764,-0.009865,31.434212,0.050329,228456.338620,0.039795,-159.137735,0.000000,0.000000,0.000000,5002.369278,6.490053
229.549647,303.465811,-1196.875769,2322.062718,0.214590,0.108127,0.783500,-0.573021,-0.247790,0.133933,-0.000000,39.221713,-8.168589,2131.062718,-0.472444,-0.003743,31.345313,0.049635,228890.386568,0.040911,-159.131800,0.000000,-0.000000,0.000000,4988.036075,6.490004
229.995007,303.259176,-1196.877514,2308.109196,0.214590,0.108127,0.783500,-0.573021,-0.247790,0.133933,-0.000000,39.221713,-8.168592,2117.109196,-0.472614,-0.002215,31.323246,0.049489,228998.278739,0.046814,-159.130286,0.000000,-0.000000,0.000000,4984.477084,6.489992
230.440368,303.052837,-1196.879169,2294.165487,0.214590,0.108127,0.783500,-0.573021,-0.247790,0.133933,-0.000000,39.221713,-8.168594,2103.165487,-0.477855,-0.000990,31.301239,0.049366,229107.230403,0.076062,-159.129413,0.000000,-0.000000,0.000000,4980.947828,6.489980
230.885728,302.845972,-1196.880699,2280.231583,0.214590,0.108127,0.783500,-0.573021,-0.247790,0.133933,-0.000000,39.221713,-8.168596,2089.231583,-0.534704,-0.002834,31.279254,0.052451,229229.352761,0.347981,-159.135098,0.000000,0.000000,0.000000,4977.627181,6.489968
231.331089,302.636160,-1196.882175,2266.307516,0.214590,0.108127,0.783500,-0.573021,-0.247790,0.133933,-0.000000,39.221713,-8.168599,2075.307516,-0.591512,-0.004678,31.257252,0.058878,229350.249500,0.582482,-159.139100,0.000000,-0.000000,0.000000,4974.250933,6.489957
231.914122,302.351353,-1196.884259,2248.094109,0.214590,0.108127,0.783500,-0.573021,-0.247790,0.133933,-0.000000,39.221713,-8.168602,2057.094109,-0.665820,-0.007089,31.228492,0.068952,229507.083379,0.844785,-159.142588,0.000000,0.000000,0.000000,4969.782971,6.489941
232.497155,302.050602,-1196.886690,2229.897701,0.214590,0.108127,0.783500,-0.573021,-0.247790,0.133933,-0.000000,39.221713,-8.168606,2038.897701,-0.740059,-0.009498,31.199834,0.078855,229662.437237,1.063277,-159.144478,0.000000,0.000000,0.000000,4965.281351,6.489926
233.080188,301.729344,-1196.889641,2211.718311,0.214590,0.108127,0.783500,-0.573021,-0.247790,0.133933,-0.000000,39.221713,-8.168609,2020.718311,-0.814228,-0.011905,31.171330,0.087783,229816.498931,1.245117,-159.145156,0.000000,-0.000000,0.000000,4960.766236,6.489910
234.156909,301.070850,-1196.896898,2178.190093,0.214590,0.108127,0.783500,-0.573021,-0.247790,0.133933,-0.000000,39.221713,-8.168617,1987.190093,-0.951018,-0.016343,31.119225,0.101117,230098.103571,1.502415,-159.144134,0.000000,-0.000000,0.000000,4952.442119,6.489882
235.233630,300.309729,-1196.907198,2144.719728,0.214590,0.108127,0.783500,-0.573021,-0.247790,0.133933,-0.000000,39.221713,-8.168626,1953.719728,-1.087573,-0.020775,31.067982,0.111006,230376.996125,1.686554,-159.141724,-0.000000,0.000000,0.000000,4944.212149,6.489854
236.310351,299.433640,-1196.921020,2111.306880,0.214590,0.108127,0.783500,-0.573021,-0.247790,0.133933,-0.000000,39.221713,-8.168636,1920.306880,-1.223892,-0.025198,31.017691,0.118138,230653.619780,1.817339,-159.138557,-0.000000,-0.000000,0.000000,4936.110672,6.489825
237.387072,298.433558,-1196.938713,2077.951143,0.214590,0.108127,0.783500,-0.573021,-0.247790,0.133933,-0.000000,39.221713,-8.168647,1886.951143,-1.359979,-0.029614,30.968390,0.123180,230928.179638,1.909427,-159.134858,-0.000000,0.000000,0.000000,4928.150275,6.489798
239.093883,296.578736,-1196.976433,2025.191597,0.214590,0.108127,0.783500,-0.573021,-0.247790,0.133933,-0.000000,39.221712,-8.168669,1834.191597,-1.573094,-0.043612,30.892591,0.127596,231331.909249,1.994145,-159.120886,0.000000,0.000000,0.000000,4915.656403,6.489753
240.800695,294.381187,-1197.034366,1972.571025,0.214590,0.108127,0.783500,-0.573021,-0.247790,0.133933,-0.000000,39.221712,-8.168694,1781.571025,-1.774051,-0.095653,30.821688,0.127359,231587.848957,2.008307,-159.075232,0.000000,0.000000,0.000000,4902.967202,6.489708
242.009000,292.616694,-1197.099294,1935.400021,0.214590,0.108127,0.783500,-0.573021,-0.247790,0.133933,-0.000000,39.221711,-8.168715,1744.400021,-1.916005,-0.132416,30.775249,0.127833,231786.009140,2.019336,-159.068572,-0.000000,-0.000000,0.000000,4895.374946,6.489677
243.217306,290.680002,-1197.195622,1898.292727,0.214590,0.108127,0.783500,-0.573021,-0.247790,0.133933,-0.000000,39.221710,-8.168737,1707.292727,-2.057717,-0.169115,30.729850,0.128112,231982.469256,2.027133,-159.061496,-0.000000,0.000000,0.000000,4887.935849,6.489647
244.425612,288.571364,-1197.327719,1861.248431,0.214590,0.108127,0.783500,-0.573021,-0.247790,0.133933,-0.000000,39.221709,-8.168762,1670.248431,-2.199188,-0.205751,30.685357,0.128173,232176.228605,2.031827,-159.052613,0.000000,-0.000000,0.000000,4880.586165,6.489616
245.633918,286.290534,-1197.497342,1824.267737,0.214590,0.108127,0.783500,-0.573021,-0.247790,0.133933,-0.000000,39.221708,-8.168788,1633.267737,-2.340416,-0.242325,30.642425,0.128207,232372.330881,2.034264,-159.048812,-0.000000,0.000000,0.000000,4873.641351,6.489587
246.533025,284.481801,-1197.649434,1796.790912,0.214590,0.108127,0.783500,-0.573021,-0.247790,0.133933,-0.000000,39.221706,-8.168809,1605.790912,-2.445349,-0.269500,30.611321,0.128198,232518.506115,2.034958,-159.047524,-0.000000,-0.000000,0.000000,4868.654812,6.489565
247.432133,282.579755,-1197.824210,1769.348312,0.214590,0.108127,0.783500,-0.573021,-0.247790,0.133933,-0.000000,39.221705,-8.168831,1578.348312,-2.518639,-0.295715,30.580628,0.119896,232646.154496,1.894348,-159.040093,0.000000,0.000000,0.000000,4863.545926,6.489542
248.115595,281.076394,-1197.972363,1748.510304,0.214590,0.108127,0.783500,-0.573021,-0.247790,0.133933,-0.000000,39.221703,-8.168849,1557.510304,-2.520562,-0.314043,30.557279,0.100919,232714.745304,1.566376,-159.026478,-0.000000,0.000000,0.000000,4859.416403,6.489525
248.799057,279.531496,-1198.133667,1727.691529,0.214590,0.108127,0.783500,-0.573021,-0.247790,0.133933,-0.000000,39.221702,-8.168867,1536.691529,-2.522483,-0.332353,30.533637,0.086386,232787.880298,1.306920,-159.018340,0.000000,0.000000,0.000000,4855.408229,6.489508
249.482518,277.952781,-1198.308014,1706.891725,0.214590,0.108127,0.783500,-0.573021,-0.247790,0.133933,-0.000000,39.221700,-8.168885,1515.891725,-2.524403,-0.350647,30.509651,0.075452,232863.671113,1.103297,-159.013514,-0.000000,-0.000000,0.000000,4851.446777,6.489491
250.165980,276.346898,-1198.495300,1686.110672,0.214590,0.108127,0.783500,-0.573021,-0.247790,0.133933,-0.000000,39.221699,-8.168904,1495.110672,-2.526321,-0.368925,30.485312,0.067349,232940.748762,0.944474,-159.010401,0.000000,0.000000,0.000000,4847.481719,6.489475
250.849442,274.718955,-1198.695447,1665.348242,0.214590,0.108127,0.783500,-0.573021,-0.247790,0.133933,-0.000000,39.221697,-8.168922,1474.348242,-2.528237,-0.387186,30.460661,0.061448,233018.415330,0.821768,-159.008224,0.000000,0.000000,0.000000,4843.495534,6.489458
251.532903,273.073042,-1198.908389,1644.604344,0.214590,0.108127,0.783500,-0.573021,-0.247790,0.133933,-0.000000,39.221695,-8.168942,1453.604344,-2.530151,-0.405431,30.435751,0.057216,233096.287376,0.727977,-159.006572,0.000000,-0.000000,0.000000,4839.484404,6.489442
252.716235,270.189269,-1199.307185,1608.732400,0.214590,0.108127,0.783500,-0.573021,-0.247790,0.133933,-0.000000,39.221691,-8.168975,1417.732400,-2.533462,-0.436981,30.392151,0.052640,233231.010544,0.617800,-159.004345,0.000000,0.000000,0.000000,4832.484135,6.489414
253.899567,267.274971,-1199.743937,1572.915397,0.214590,0.108127,0.783500,-0.573021,-0.247790,0.133933,-0.000000,39.221687,-8.169009,1381.915397,-2.536768,-0.468483,30.348204,0.050096,233364.996793,0.550720,-159.002274,-0.000000,0.000000,0.000000,4825.433412,6.489386
255.082898,264.338082,-1200.218483,1537.153027,0.214590,0.108127,0.783500,-0.573021,-0.247790,0.133933,-0.000000,39.221683,-8.169043,1346.153027,-2.540068,-0.499937,30.304094,0.048661,233498.116860,0.510718,-159.000277,0.000000,0.000000,0.000000,4818.359318,6.489359
256.266230,261.384969,-1200.730130,1501.445009,0.214590,0.108127,0.783500,-0.573021,-0.247790,0.133933,-0.000000,39.221679,-8.169077,1310.445009,-2.533554,-0.524226,30.259801,0.046349,233630.904692,0.438659,-158.999950,0.000000,-0.000000,0.000000,4811.306883,6.489331
256.991419,259.570294,-1201.061148,1479.588573,0.214590,0.108127,0.783500,-0.573021,-0.247790,0.133933,-0.000000,39.221676,-8.169098,1288.588573,-2.527427,-0.537541,30.232462,0.045247,233711.597285,0.400509,-158.999604,-0.000000,-0.000000,0.000000,4806.949430,6.489315
257.716607,257.753747,-1201.404623,1457.752399,0.214590,0.108127,0.783500,-0.573021,-0.247790,0.133933,-0.000000,39.221673,-8.169119,1266.752399,-2.521306,-0.550844,30.205017,0.044505,233791.683862,0.373397,-158.998901,0.000000,0.000000,0.000000,4802.564428,6.489298
258.441796,255.936763,-1201.759905,1435.936443,0.214590,0.108127,0.783500,-0.573021,-0.247790,0.133933,-0.000000,39.221669,-8.169140,1244.936443,-2.515191,-0.564135,30.177523,0.043991,233871.288391,0.354166,-158.998021,-0.000000,0.000000,0.000000,4798.166392,6.489282
259.499330,253.288423,-1202.298241,1404.158592,0.214590,0.108127,0.783500,-0.573021,-0.247790,0.133933,-0.000000,39.221665,-8.169171,1213.158592,-2.506284,-0.583494,30.137415,0.043486,233986.605542,0.335682,-158.996558,0.000000,0.000000,0.000000,4791.745221,6.489258
260.556865,250.643612,-1202.859729,1372.423390,0.214590,0.108127,0.783500,-0.573021,-0.247790,0.133933,-0.000000,39.221659,-8.169202,1181.423390,-2.497388,-0.602828,30.097352,0.043142,234101.070939,0.324488,-158.994970,-0.000000,-0.000000,0.000000,4785.327563,6.489234
261.614399,248.004083,-1203.443585,1340.730621,0.214590,0.108127,0.783500,-0.573021,-0.247790,0.133933,-0.000000,39.221654,-8.169232,1149.730621,-2.488505,-0.622136,30.057391,0.042878,234214.741194,0.317546,-158.993331,-0.000000,0.000000,0.000000,4778.924662,6.489210
263.374316,243.626299,-1204.463371,1288.081876,0.214590,0.108127,0.783500,-0.573021,-0.247790,0.133933,-0.000000,39.221645,-8.169283,1097.081876,-2.473747,-0.654210,29.991208,0.042519,234402.221579,0.311002,-158.990584,-0.000000,-0.000000,0.000000,4768.319708,6.489171
265.134232,239.271204,-1205.541176,1235.549387,0.214590,0.108127,0.783500,-0.573021,-0.247790,0.133933,-0.000000,39.221635,-8.169334,1044.549387,-2.453142,-0.682765,29.925210,0.042432,234599.070685,0.298678,-158.993757,0.000000,0.000000,0.000000,4757.921532,6.489132
266.894149,234.943629,-1206.674376,1183.132497,0.214590,0.108127,0.783500,-0.573021,-0.247790,0.133933,-0.000000,39.221625,-8.169384,992.132497,-2.431948,-0.710885,29.859132,0.042260,234791.992184,0.293102,-158.993406,0.000000,-0.000000,0.000000,4747.405085,6.489094
268.113072,231.964530,-1207.490520,1146.895788,0.214590,0.108127,0.783500,-0.573021,-0.247790,0.133933,-0.000000,39.221618,-8.169418,955.895788,-2.417297,-0.730325,29.813418,0.042045,234922.882469,0.291311,-158.991119,0.000000,0.000000,0.000000,4740.068765,6.489068
269.331995,229.001767,-1208.331392,1110.714028,0.214590,0.108127,0.783500,-0.573021,-0.247790,0.133933,-0.000000,39.221610,-8.169453,919.714028,-2.402668,-0.749736,29.767939,0.041825,235052.724384,0.290147,-158.988753,-0.000000,-0.000000,0.000000,4732.767528,6.489041
270.550918,226.055803,-1209.196682,1074.586961,0.214590,0.108127,0.783500,-0.573021,-0.247790,0.133933,-0.000000,39.221603,-8.169487,883.586961,-2.388060,-0.769117,29.722759,0.041628,235181.945058,0.289305,-158.986872,0.000000,-0.000000,0.000000,4725.528521,6.489016
272.205665,222.084408,-1210.409501,1025.629695,0.214590,0.108127,0.783500,-0.573021,-0.247790,0.133933,-0.000000,39.221592,-8.169533,834.629695,-2.366212,-0.793001,29.661758,0.041428,235361.565946,0.283063,-158.987226,0.000000,0.000000,0.000000,4715.840563,6.488981
273.860412,218.147121,-1211.664115,976.772191,0.214590,0.108127,0.783500,-0.573021,-0.247790,0.133933,-0.000000,39.221580,-8.169578,785.772191,-2.340710,-0.812547,29.600784,0.041332,235547.885990,0.272248,-158.990300,0.000000,0.000000,0.000000,4706.237542,6.488946
275.515159,214.246464,-1212.957670,928.013927,0.214590,0.108127,0.783500,-0.573021,-0.247790,0.133933,-0.000000,39.221569,-8.169624,737.013927,-2.315259,-0.832053,29.539698,0.041084,235728.980857,0.267731,-158.988757,0.000000,0.000000,0.000000,4696.479864,6.488912
276.393518,212.191652,-1213.659169,902.172688,0.214590,0.108127,0.783500,-0.573021,-0.247790,0.133933,-0.000000,39.221562,-8.169648,711.172688,-2.301770,-0.842391,29.507350,0.040916,235823.742999,0.266450,-158.987080,0.000000,0.000000,0.000000,4691.287376,6.488894
277.271877,210.148205,-1214.370405,876.359293,0.214590,0.108127,0.783500,-0.573021,-0.247790,0.133933,-0.000000,39.221556,-8.169671,685.359293,-2.288296,-0.852718,29.475159,0.040770,235918.263999,0.265494,-158.985755,-0.000000,0.000000,0.000000,4686.130436,6.488876
278.150236,208.116199,-1215.091270,850.573590,0.214590,0.108127,0.783500,-0.573021,-0.247790,0.133933,-0.000000,39.221550,-8.169695,659.573590,-2.274837,-0.863034,29.443108,0.040632,236012.383199,0.264760,-158.984561,-0.000000,0.000000,0.000000,4680.999559,6.488858
279.721125,204.510900,-1216.404054,804.526100,0.214590,0.108127,0.783500,-0.573021,-0.247790,0.133933,-0.000000,39.221538,-8.169737,613.526100,-2.250813,-0.881232,29.386106,0.040370,236179.299536,0.263009,-158.982515,0.000000,0.000000,0.000000,4671.877021,6.488826
281.292014,200.942800,-1217.746011,758.566147,0.214590,0.108127,0.783500,-0.573021,-0.247790,0.133933,-0.000000,39.221526,-8.169778,567.566147,-2.226993,-0.896603,29.329469,0.039948,236342.529304,0.252474,-158.981687,-0.000000,-0.000000,0.000000,4662.848403,6.488795
282.862903,197.412069,-1219.115688,712.693138,0.214590,0.108127,0.783500,-0.573021,-0.247790,0.133933,-0.000000,39.221513,-8.169819,521.693138,-2.203217,-0.911945,29.273156,0.039586,236503.565040,0.246386,-158.979978,0.000000,0.000000,0.000000,4653.845715,6.488763
284.136259,194.577519,-1220.245353,675.572068,0.214590,0.108127,0.783500,-0.573021,-0.247790,0.133933,-0.000000,39.221503,-8.169852,484.572068,-2.183977,-0.924361,29.227779,0.039321,236632.706321,0.243457,-158.978225,-0.000000,0.000000,0.000000,4646.580458,6.488738
285.314286,191.977038,-1221.305290,641.280308,0.214590,0.108127,0.783500,-0.573021,-0.247790,0.133933,-0.000000,39.221494,-8.169882,450.280308,-2.166204,-0.935829,29.186050,0.039097,236751.334380,0.241547,-158.976656,0.000000,0.000000,0.000000,4639.900643,6.488715
285.369665,191.855329,-1221.355480,639.669482,0.214590,0.108127,0.783500,-0.573021,-0.247790,0.133933,-0.000000,39.221493,-8.169883,448.669482,-2.165369,-0.936368,29.184095,0.039087,236756.896603,0.241472,-158.976591,0.000000,-0.000000,0.000000,4639.587940,6.488714
285.425044,191.733666,-1221.405701,638.058763,0.214590,0.108127,0.783500,-0.573021,-0.247790,0.133933,-0.000000,39.221493,-8.169885,447.058763,-2.164534,-0.936907,29.182140,0.039077,236762.456868,0.241397,-158.976526,-0.000000,0.000000,0.000000,4639.275316,6.488713
286.321665,189.769962,-1222.222851,611.994254,0.214590,0.108127,0.783500,-0.573021,-0.247790,0.133933,-0.000000,39.221486,-8.169908,420.994254,-2.151025,-0.945624,29.150564,0.038921,236852.196616,0.240318,-158.975433,0.000000,0.000000,0.000000,4634.223516,6.488695
287.218285,187.818411,-1223.048058,585.957429,0.214590,0.108127,0.783500,-0.573021,-0.247790,0.133933,-0.000000,39.221478,-8.169930,394.957429,-2.137530,-0.954332,29.119124,0.038769,236941.451214,0.239457,-158.974339,0.000000,0.000000,0.000000,4629.193441,6.488678
288.114906,185.879009,-1223.881143,559.948201,0.214590,0.108127,0.783500,-0.573021,-0.247790,0.133933,-0.000000,39.221471,-8.169953,368.948201,-2.123984,-0.961246,29.087769,0.038595,237033.226484,0.233341,-158.975018,0.000000,0.000000,0.000000,4624.228660,6.488661
289.314286,183.303733,-1225.007140,525.199549,0.214590,0.108127,0.783500,-0.573021,-0.247790,0.133933,-0.000000,39.221461,-8.169982,334.199549,-2.105841,-0.969286,29.045868,0.038345,237156.291399,0.224416,-158.975830,-0.000000,0.000000,0.000000,4617.590963,6.488638
289.315270,183.301629,-1225.008069,525.171189,0.214590,0.108127,0.783500,-0.573021,-0.247790,0.133933,-0.000000,39.221461,-8.169983,334.171189,-2.105826,-0.969292,28.901311,147.303067,235968.732117,4.558453,-3229.045205,0.000000,0.000000,0.000000,93323.640206,6.488581
289.316255,183.299524,-1225.008999,525.142970,0.214590,0.108127,0.783500,-0.573021,-0.247790,0.133933,-0.000000,39.221461,-8.169983,334.142970,-2.105812,-0.969299,28.758270,145.763838,234793.580479,4.513362,-3196.960577,-0.000000,-0.000000,0.000000,91939.053997,6.488524
289.318224,183.295315,-1225.010859,525.086811,0.214590,0.108127,0.783500,-0.573021,-0.247790,0.133933,-0.000000,39.221461,-8.169983,334.086811,-2.105782,-0.969312,28.475168,142.739968,232467.650201,4.424764,-3133.929137,0.000000,0.000000,0.000000,89239.157536,6.488413
289.320193,183.291107,-1225.012720,525.031207,0.214590,0.108127,0.783500,-0.573021,-0.247790,0.133933,-0.000000,39.221461,-8.169983,334.031207,-2.105753,-0.969325,28.197929,139.807706,230189.733639,4.338824,-3072.807157,0.000000,0.000000,0.000000,86646.796985,6.488306
289.322162,183.286899,-1225.014580,524.976144,0.214590,0.108127,0.783500,-0.573021,-0.247790,0.133933,-0.000000,39.221460,-8.169983,333.976144,-2.105725,-0.969337,27.926376,136.963387,227958.382136,4.255436,-3013.518266,0.000000,-0.000000,0.000000,84156.643137,6.488202
289.332796,183.264186,-1225.024639,524.687706,0.214590,0.108127,0.783500,-0.573021,-0.247790,0.133933,-0.000000,39.221460,-8.169983,333.687706,-2.105574,-0.969404,26.551585,122.985756,216659.228954,3.845254,-2722.158257,0.000000,0.000000,0.000000,72277.615720,6.487690
289.343430,183.241490,-1225.034710,524.413177,0.214590,0.108127,0.783500,-0.573021,-0.247790,0.133933,-0.000000,39.221460,-8.169983,333.413177,-2.105431,-0.969468,25.314171,111.007948,206485.191621,3.493176,-2472.482761,-0.000000,-0.000000,0.000000,62588.851198,6.487252
289.354064,183.218809,-1225.044793,524.151212,0.214590,0.108127,0.783500,-0.573021,-0.247790,0.133933,-0.000000,39.221460,-8.169983,333.151212,-2.105294,-0.969528,24.195061,100.667344,197280.127633,3.188720,-2256.933481,0.000000,-0.000000,0.000000,54606.642237,6.486873
289.364698,183.196142,-1225.054887,523.900642,0.214590,0.108127,0.783500,-0.573021,-0.247790,0.133933,-0.000000,39.221460,-8.169984,332.900642,-2.105163,-0.969586,23.178440,91.678876,188914.579434,2.923635,-2069.568502,-0.000000,-0.000000,0.000000,47969.370209,6.486544
289.380863,183.161709,-1225.070248,523.539299,0.214590,0.108127,0.783500,-0.573021,-0.247790,0.133933,-0.000000,39.221460,-8.169984,332.539299,-2.104974,-0.969670,21.800177,80.108829,177566.979417,2.581709,-1828.389081,-0.000000,-0.000000,0.000000,39859.206252,6.486121
289.397028,183.127303,-1225.085630,523.198937,0.214590,0.108127,0.783500,-0.573021,-0.247790,0.133933,-0.000000,39.221460,-8.169985,332.198937,-2.104797,-0.969749,20.591922,70.549081,167612.245303,2.298475,-1629.113392,0.000000,0.000000,0.000000,33546.576122,6.485771
289.413194,183.092921,-1225.101029,522.877058,0.214590,0.108127,0.783500,-0.573021,-0.247790,0.133933,-0.000000,39.221460,-8.169985,331.877058,-2.104629,-0.969823,19.525069,62.561025,158816.201118,2.061201,-1462.599069,0.000000,0.000000,0.000000,28557.347463,6.485479
289.429359,183.058559,-1225.116445,522.571553,0.214590,0.108127,0.783500,-0.573021,-0.247790,0.133933,-0.000000,39.221460,-8.169985,331.571553,-2.104469,-0.969894,18.576804,55.817473,150992.072167,1.860377,-1322.026154,-0.000000,0.000000,0.000000,24559.020468,6.485232
289.445524,183.024217,-1225.131874,522.280656,0.214590,0.108127,0.783500,-0.573021,-0.247790,0.133933,-0.000000,39.221459,-8.169986,331.280656,-2.104317,-0.969961,17.729092,50.073106,143992.213073,1.688865,-1202.281124,0.000000,0.000000,0.000000,21315.352324,6.485022
289.472642,182.966646,-1225.157786,521.821428,0.214590,0.108127,0.783500,-0.573021,-0.247790,0.133933,-0.000000,39.221459,-8.169986,330.821428,-2.104077,-0.970067,16.493990,42.183727,133782.755024,1.452491,-1037.820826,0.000000,0.000000,0.000000,17117.806685,6.484733
289.499760,182.909116,-1225.183730,521.393339,0.214590,0.108127,0.783500,-0.573021,-0.247790,0.133933,-0.000000,39.221459,-8.169987,330.393339,-2.103854,-0.970166,15.449159,35.954278,125134.060972,1.265005,-907.962028,-0.000000,-0.000000,0.000000,14027.249421,6.484506
289.526878,182.851624,-1225.209700,520.991738,0.214590,0.108127,0.783500,-0.573021,-0.247790,0.133933,-0.000000,39.221459,-8.169988,329.991738,-2.103644,-0.970259,14.555272,30.948209,117724.155603,1.113642,-803.604973,0.000000,0.000000,0.000000,11696.688754,6.484323
289.553996,182.794165,-1225.235695,520.612953,0.214590,0.108127,0.783500,-0.573021,-0.247790,0.133933,-0.000000,39.221459,-8.169988,329.612953,-2.103446,-0.970347,13.783685,26.866897,111318.570081,0.989650,-718.524893,0.000000,-0.000000,0.000000,9903.920442,6.484174
289.581114,182.736734,-1225.261711,520.253972,0.214590,0.108127,0.783500,-0.573021,-0.247790,0.133933,-0.000000,39.221458,-8.169989,329.253972,-2.103259,-0.970430,13.112395,23.496888,105737.190299,0.886759,-648.272355,0.000000,0.000000,0.000000,8500.402863,6.484050
289.608232,182.679330,-1225.287745,519.912302,0.214590,0.108127,0.783500,-0.573021,-0.247790,0.133933,-0.000000,39.221458,-8.169990,328.912302,-2.103081,-0.970509,12.524296,20.682760,100839.975423,0.800395,-589.607561,-0.000000,0.000000,0.000000,7384.419659,6.483947
289.652591,182.585481,-1225.330369,519.385447,0.214590,0.108127,0.783500,-0.573021,-0.247790,0.133933,-0.000000,39.221458,-8.169991,328.385447,-2.102806,-0.970631,11.707798,16.989785,94027.067131,0.686259,-512.621242,0.000000,-0.000000,0.000000,6001.665714,6.483813
289.696950,182.491686,-1225.373031,518.892150,0.214590,0.108127,0.783500,-0.573021,-0.247790,0.133933,-0.000000,39.221457,-8.169992,327.892150,-2.102548,-0.970745,11.034562,14.132009,88395.199658,0.597090,-453.045530,0.000000,0.000000,0.000000,4999.159090,6.483708
289.741309,182.397940,-1225.415728,518.426754,0.214590,0.108127,0.783500,-0.573021,-0.247790,0.133933,-0.000000,39.221457,-8.169993,327.426754,-2.102305,-0.970853,10.473042,11.877895,83685.953283,0.526025,-406.053869,0.000000,-0.000000,0.000000,4252.619305,6.483626
289.785668,182.304236,-1225.458455,517.984804,0.214590,0.108127,0.783500,-0.573021,-0.247790,0.133933,-0.000000,39.221457,-8.169994,326.984804,-2.102074,-0.970955,10.000199,10.071086,79710.523290,0.468415,-368.386893,0.000000,0.000000,0.000000,3683.942385,6.483560
289.830027,182.210570,-1225.501208,517.562725,0.214590,0.108127,0.783500,-0.573021,-0.247790,0.133933,-0.000000,39.221456,-8.169995,326.562725,-2.101854,-0.971053,9.598765,8.602688,76327.280812,0.421013,-337.774624,-0.000000,0.000000,0.000000,3242.219378,6.483506
289.874386,182.116939,-1225.543985,517.157616,0.214590,0.108127,0.783500,-0.573021,-0.247790,0.133933,-0.000000,39.221456,-8.169996,326.157616,-2.101642,-0.971146,9.255581,7.395095,73428.195672,0.381501,-312.599269,0.000000,0.000000,0.000000,2893.287741,6.483462
289.950703,181.955923,-1225.617631,516.493660,0.214590,0.108127,0.783500,-0.573021,-0.247790,0.133933,-0.000000,39.221455,-8.169998,325.493660,-2.101296,-0.971300,8.773099,5.771790,69340.350484,0.327308,-278.757012,0.000000,-0.000000,0.000000,2445.562889,6.483403
290.027021,181.794987,-1225.691332,515.863492,0.214590,0.108127,0.783500,-0.573021,-0.247790,0.133933,-0.000000,39.221454,-8.170000,324.863492,-2.100967,-0.971446,8.395429,4.561863,66129.303410,0.285717,-253.532452,-0.000000,0.000000,0.000000,2128.513785,6.483358
290.103339,181.634123,-1225.765080,515.260023,0.214590,0.108127,0.783500,-0.573021,-0.247790,0.133933,-0.000000,39.221454,-8.170002,324.260023,-2.100652,-0.971585,8.096361,3.641627,63578.588544,0.253008,-234.347159,0.000000,-0.000000,0.000000,1897.359234,6.483325
290.179656,181.473322,-1225.838870,514.677875,0.214590,0.108127,0.783500,-0.573021,-0.247790,0.133933,-0.000000,39.221453,-8.170004,323.677875,-2.100348,-0.971720,7.857361,2.930324,61534.606176,0.226747,-219.517588,0.000000,0.000000,0.000000,1724.829021,6.483299
290.255974,181.312579,-1225.912698,514.112866,0.214590,0.108127,0.783500,-0.573021,-0.247790,0.133933,-0.000000,39.221452,-8.170006,323.112866,-2.100053,-0.971851,7.664897,2.373113,59884.731586,0.205286,-207.900459,-0.000000,-0.000000,0.000000,1593.535508,6.483278
290.332292,181.151888,-1225.986560,513.561736,0.214590,0.108127,0.783500,-0.573021,-0.247790,0.133933,-0.000000,39.221452,-8.170007,322.561736,-2.099765,-0.971978,7.508959,1.931886,58545.341189,0.187480,-198.701367,0.000000,0.000000,0.000000,1492.040382,6.483262
290.448284,180.907752,-1226.098877,512.745023,0.214590,0.108127,0.783500,-0.573021,-0.247790,0.133933,-0.000000,39.221451,-8.170010,321.745023,-2.099339,-0.972167,7.325454,1.424453,56966.131115,0.165647,-188.121814,0.000000,-0.000000,0.000000,1378.077686,6.483244
290.564277,180.663717,-1226.211257,511.947601,0.214590,0.108127,0.783500,-0.573021,-0.247790,0.133933,-0.000000,39.221450,-8.170013,320.947601,-2.098922,-0.972352,7.189843,1.057731,55797.117465,0.148447,-180.475816,-0.000000,0.000000,0.000000,1297.592769,6.483230
290.680269,180.419772,-1226.323693,511.164546,0.214590,0.108127,0.783500,-0.573021,-0.247790,0.133933,-0.000000,39.221449,-8.170016,320.164546,-2.098513,-0.972533,7.089050,0.789803,54927.419056,0.134627,-174.889541,0.000000,-0.000000,0.000000,1239.800653,6.483221
290.796262,180.175913,-1226.436179,510.392210,0.214590,0.108127,0.783500,-0.573021,-0.247790,0.133933,-0.000000,39.221448,-8.170019,319.392210,-2.098110,-0.972711,7.013737,0.592270,54277.416629,0.123338,-170.770909,-0.000000,0.000000,0.000000,1197.742166,6.483213
290.912254,179.932131,-1226.548711,509.627893,0.214590,0.108127,0.783500,-0.573021,-0.247790,0.133933,-0.000000,39.221447,-8.170022,318.627893,-2.097711,-0.972888,6.957196,0.445551,53789.655998,0.113994,-167.711671,-0.000000,0.000000,0.000000,1166.802899,6.483208
291.085574,179.568001,-1226.716936,508.496585,0.214590,0.108127,0.783500,-0.573021,-0.247790,0.133933,-0.000000,39.221445,-8.170026,317.496585,-2.097120,-0.973150,6.897543,0.292379,53275.893154,0.102780,-164.517737,0.000000,0.000000,0.000000,1134.768226,6.483202
291.258893,179.204022,-1226.885245,507.374245,0.214590,0.108127,0.783500,-0.573021,-0.247790,0.133933,-0.000000,39.221444,-8.170030,316.374245,-2.096535,-0.973410,6.858379,0.192922,52939.876329,0.094050,-162.443637,-0.000000,0.000000,0.000000,1114.100102,6.483199
291.432213,178.840184,-1227.053630,506.257777,0.214590,0.108127,0.783500,-0.573021,-0.247790,0.133933,-0.000000,39.221442,-8.170034,315.257777,-2.095952,-0.973668,6.832477,0.127836,52719.064791,0.087165,-161.086053,0.000000,0.000000,0.000000,1100.616784,6.483196
291.605532,178.476478,-1227.222085,505.145172,0.214590,0.108127,0.783500,-0.573021,-0.247790,0.133933,-0.000000,39.221441,-8.170038,314.145172,-2.095371,-0.973925,6.815219,0.084987,52573.406708,0.081686,-160.191889,-0.000000,0.000000,0.000000,1091.742778,6.483195
291.778852,178.112899,-1227.390605,504.035154,0.214590,0.108127,0.783500,-0.573021,-0.247790,0.133933,-0.000000,39.221439,-8.170043,313.035154,-2.094791,-0.974182,6.803691,0.056808,52477.601216,0.077301,-159.603350,0.000000,0.000000,0.000000,1085.891954,6.483194
292.005341,177.637966,-1227.610914,502.587129,0.214590,0.108127,0.783500,-0.573021,-0.247790,0.133933,-0.000000,39.221437,-8.170048,311.587129,-2.094035,-0.974517,6.794128,0.034030,52400.262823,0.072839,-159.126468,-0.000000,0.000000,0.000000,1081.125629,6.483193
292.231831,177.163231,-1227.831320,501.140853,0.214590,0.108127,0.783500,-0.573021,-0.247790,0.133933,-0.000000,39.221435,-8.170054,310.140853,-2.093280,-0.974852,6.788314,0.020826,52355.545021,0.069467,-158.848211,0.000000,0.000000,0.000000,1078.311582,6.483192
292.458320,176.688688,-1228.051818,499.695613,0.214590,0.108127,0.783500,-0.573021,-0.247790,0.133933,-0.000000,39.221433,-8.170059,308.695613,-2.092525,-0.975186,6.784640,0.013120,52329.440142,0.066909,-158.683079,0.000000,0.000000,0.000000,1076.607628,6.483192
292.684809,176.214332,-1228.272404,498.251043,0.214590,0.108127,0.783500,-0.573021,-0.247790,0.133933,-0.000000,39.221431,-8.170065,307.251043,-2.091771,-0.975520,6.782281,0.008819,52314.766034,0.064964,-158.587339,0.000000,0.000000,0.000000,1075.583950,6.483192
292.925554,175.710319,-1228.506968,496.716007,0.214590,0.108127,0.783500,-0.573021,-0.247790,0.133933,-0.000000,39.221429,-8.170071,305.716007,-2.090970,-0.975876,6.780597,0.006387,52306.317629,0.063394,-158.528946,0.000000,0.000000,0.000000,1074.920871,6.483191
293.166299,175.206509,-1228.741625,495.181297,0.214590,0.108127,0.783500,-0.573021,-0.247790,0.133933,-0.000000,39.221427,-8.170076,304.181297,-2.090169,-0.976231,6.779434,0.005238,52302.392354,0.062222,-158.497982,0.000000,-0.000000,0.000000,1074.526548,6.483191
293.407044,174.702901,-1228.976374,493.646802,0.214590,0.108127,0.783500,-0.573021,-0.247790,0.133933,-0.000000,39.221425,-8.170082,302.646802,-2.089367,-0.976586,6.778538,0.004682,52300.785025,0.061346,-158.481073,0.000000,0.000000,0.000000,1074.270002,6.483191
293.648212,174.198605,-1229.211627,492.109760,0.214590,0.108127,0.783500,-0.573021,-0.247790,0.133933,-0.000000,39.221423,-8.170088,301.109760,-2.088565,-0.976941,6.777775,0.004388,52300.332659,0.060688,-158.471154,0.000000,0.000000,0.000000,1074.081902,6.483191
293.889381,173.694506,-1229.446969,490.572848,0.214590,0.108127,0.783500,-0.573021,-0.247790,0.133933,-0.000000,39.221421,-8.170094,299.572848,-2.087762,-0.977297,6.777091,0.004225,52300.554575,0.060195,-158.465324,-0.000000,-0.000000,0.000000,1073.933977,6.483191
294.130550,173.190605,-1229.682399,489.036053,0.214590,0.108127,0.783500,-0.573021,-0.247790,0.133933,-0.000000,39.221419,-8.170100,298.036053,-2.086960,-0.977652,6.776456,0.004134,52301.190349,0.059826,-158.462005,0.000000,0.000000,0.000000,1073.810747,6.483191
294.371727,172.686882,-1229.917926,487.499311,0.214590,0.108127,0.783500,-0.573021,-0.247790,0.133933,-0.000000,39.221416,-8.170106,296.499311,-2.086158,-0.978008,6.775848,0.004081,52302.067377,0.059548,-158.460150,0.000000,0.000000,0.000000,1073.701948,6.483191
294.612905,172.183354,-1230.153539,485.962672,0.214590,0.108127,0.783500,-0.573021,-0.247790,0.133933,-0.000000,39.221414,-8.170111,294.962672,-2.085355,-0.978363,6.775257,0.004050,52303.079663,0.059340,-158.459117,0.000000,-0.000000,0.000000,1073.601281,6.483191
295.994293,169.303047,-1231.504724,477.163160,0.214590,0.108127,0.783500,-0.573021,-0.247790,0.133933,-0.000000,39.221402,-8.170145,286.163160,-2.080761,-0.980399,6.771950,0.003971,52309.494941,0.058691,-158.456982,0.000000,0.000000,0.000000,1073.062806,6.483191
297.375681,166.429101,-1232.858732,468.366806,0.214590,0.108127,0.783500,-0.573021,-0.247790,0.133933,-0.000000,39.221390,-8.170178,277.366806,-2.076169,-0.982434,6.768709,0.003973,52316.386300,0.058590,-158.457806,0.000000,-0.000000,0.000000,1072.554776,6.483190
298.757070,163.561503,-1234.215555,459.573581,0.214590,0.108127,0.783500,-0.573021,-0.247790,0.133933,-0.000000,39.221378,-8.170211,268.573581,-2.071578,-0.984469,6.765475,0.003982,52323.266630,0.058622,-158.458636,0.000000,0.000000,0.000000,1072.047944,6.483190
303.022388,154.747209,-1238.422749,432.442371,0.214590,0.108127,0.783500,-0.573021,-0.247790,0.133933,-0.000000,39.221340,-8.170314,241.442371,-2.057412,-0.990746,6.755506,0.003980,52344.236394,0.058616,-158.459998,0.000000,0.000000,0.000000,1070.477501,6.483189
307.287706,145.993312,-1242.656709,405.340810,0.214590,0.108127,0.783500,-0.573021,-0.247790,0.133933,-0.000000,39.221302,-8.170415,214.340810,-2.043262,-0.997016,6.745594,0.003974,52365.057582,0.058612,-158.461154,0.000000,-0.000000,0.000000,1068.914615,6.483188
311.553025,137.299748,-1246.917405,378.268779,0.214590,0.108127,0.783500,-0.573021,-0.247790,0.133933,-0.000000,39.221264,-8.170516,187.268779,-2.029128,-1.003279,6.735742,0.003968,52385.767314,0.058585,-158.462324,0.000000,0.000000,0.000000,1067.361383,6.483188
313.229500,133.899268,-1248.599380,367.636237,0.214590,0.108127,0.783500,-0.573021,-0.247790,0.133933,-0.000000,39.221249,-8.170555,176.636237,-2.023577,-1.005739,6.731887,0.003965,52393.876944,0.058570,-158.462788,0.000000,0.000000,0.000000,1066.753532,6.483187
314.905975,130.508096,-1250.285480,357.008230,0.214590,0.108127,0.783500,-0.573021,-0.247790,0.133933,-0.000000,39.221233,-8.170595,166.008230,-2.018028,-1.008198,6.728040,0.003963,52401.969250,0.058556,-158.463252,-0.000000,-0.000000,0.000000,1066.147154,6.483187
316.072369,128.155181,-1251.460322,349.616570,0.214590,0.108127,0.783500,-0.573021,-0.247790,0.133933,-0.000000,39.221223,-8.170622,158.616570,-2.011562,-1.008093,6.724845,0.005199,52408.224450,0.083951,-158.464074,0.000000,0.000000,0.000000,1065.646281,6.483187
316.231953,127.833721,-1251.621140,348.605426,0.214590,0.108127,0.783500,-0.573021,-0.247790,0.133933,-0.000000,39.221221,-8.170626,157.605426,-2.009025,-1.006927,6.724290,0.007054,52409.544886,0.124226,-158.464861,0.000000,-0.000000,0.000000,1065.563676,6.483187
316.391537,127.512436,-1251.781931,347.594326,0.214590,0.108127,0.783500,-0.573021,-0.247790,0.133933,-0.000000,39.221220,-8.170629,156.594326,-2.006487,-1.005761,6.723636,0.008781,52410.833623,0.161479,-158.465450,0.000000,0.000000,0.000000,1065.464008,6.483187
316.551121,127.191363,-1251.942671,346.583268,0.214590,0.108127,0.783500,-0.573021,-0.247790,0.133933,-0.000000,39.221219,-8.170633,155.583268,-2.003949,-1.004596,6.722891,0.010274,52412.095431,0.193478,-158.465876,-0.000000,0.000000,0.000000,1065.348766,6.483187
316.870290,126.550006,-1252.263889,344.561284,0.214590,0.108127,0.783500,-0.573021,-0.247790,0.133933,-0.000000,39.221216,-8.170641,153.561284,-1.998875,-1.002265,6.721192,0.012630,52414.568629,0.243643,-158.466429,0.000000,-0.000000,0.000000,1065.083267,6.483187
317.189458,125.909815,-1252.584680,342.539476,0.214590,0.108127,0.783500,-0.573021,-0.247790,0.133933,-0.000000,39.221213,-8.170648,151.539476,-1.993801,-0.999934,6.719274,0.014263,52416.994370,0.278285,-158.466712,0.000000,-0.000000,0.000000,1064.781215,6.483186
317.508626,125.270926,-1252.904947,340.517845,0.214590,0.108127,0.783500,-0.573021,-0.247790,0.133933,-0.000000,39.221210,-8.170655,149.517845,-1.988727,-0.997603,6.717204,0.015370,52419.394528,0.301740,-158.466859,0.000000,0.000000,0.000000,1064.454186,6.483186
318.292774,123.707262,-1253.689256,335.551757,0.214590,0.108127,0.783500,-0.573021,-0.247790,0.133933,-0.000000,39.221203,-8.170674,144.551757,-1.976263,-0.991877,6.711705,0.016602,52425.232710,0.327815,-158.466941,0.000000,0.000000,0.000000,1063.583284,6.483186
319.076923,122.152845,-1254.469441,330.586741,0.214590,0.108127,0.783500,-0.573021,-0.247790,0.133933,-0.000000,39.221196,-8.170692,139.586741,-1.963802,-0.986153,6.705977,0.016937,52431.065679,0.334946,-158.467058,-0.000000,-0.000000,0.000000,1062.676520,6.483186
319.861071,120.608128,-1255.245188,325.622797,0.214590,0.108127,0.783500,-0.573021,-0.247790,0.133933,-0.000000,39.221189,-8.170709,134.622797,-1.951344,-0.980430,6.700241,0.017144,52436.912762,0.339350,-158.467296,0.000000,0.000000,0.000000,1061.769115,6.483186
320.645219,119.073175,-1256.016452,320.659923,0.214590,0.108127,0.783500,-0.573021,-0.247790,0.133933,-0.000000,39.221182,-8.170727,129.659923,-1.938888,-0.974709,6.694525,0.017333,52442.755987,0.343386,-158.467541,0.000000,-0.000000,0.000000,1060.864945,6.483186
322.678281,115.138799,-1257.995343,307.797645,0.214590,0.108127,0.783500,-0.573021,-0.247790,0.133933,-0.000000,39.221164,-8.170773,116.797645,-1.906607,-0.959880,6.679732,0.017503,52457.861199,0.347062,-158.468059,0.000000,0.000000,0.000000,1058.524141,6.483185
324.711343,111.269982,-1259.944134,294.942533,0.214590,0.108127,0.783500,-0.573021,-0.247790,0.133933,-0.000000,39.221147,-8.170818,103.942533,-1.874344,-0.945059,6.665076,0.017551,52472.921871,0.348188,-158.468512,-0.000000,-0.000000,0.000000,1056.204628,6.483185
326.744404,107.466731,-1261.862813,282.094572,0.214590,0.108127,0.783500,-0.573021,-0.247790,0.133933,-0.000000,39.221129,-8.170862,91.094572,-1.842099,-0.930246,6.650579,0.017548,52487.951073,0.348229,-158.468976,0.000000,0.000000,0.000000,1053.910371,6.483185
333.446340,95.393234,-1267.974619,239.791944,0.214590,0.108127,0.783500,-0.573021,-0.247790,0.133933,-0.000000,39.221075,-8.171002,48.791944,-1.735930,-0.881475,6.604018,0.017520,52537.268472,0.347985,-158.470534,0.000000,0.000000,0.000000,1046.542239,6.483183
340.148275,84.030753,-1273.759800,197.566248,0.214590,0.108127,0.783500,-0.573021,-0.247790,0.133933,-0.000000,39.221023,-8.171134,6.566248,-1.629954,-0.832793,6.559366,0.017477,52586.235233,0.347424,-158.472096,0.000000,-0.000000,0.000000,1039.476551,6.483182
341.191546,82.325836,-1274.631032,190.999971,0.214590,0.108127,0.783500,-0.573021,-0.247790,0.133933,-0.000000,39.221015,-8.171153,-0.000029,-1.613474,-0.825222,6.552590,0.017471,52593.826177,0.347351,-158.472338,-0.000000,0.000000,0.000000,1038.404193,6.483182
